latitude,longitude,area_1990,area_2000,area_2020,area_change_km2,annual_area_change_km2_per_year
36.2595175,73.01574944,0.0153,0.0153,0.0153,0,0
36.60098111,73.86163222,0.0216,0.0216,0.0216,0,0
36.62336694,73.47343583,0.0288,0.0288,0.0288,0,0
35.34436361,73.52941028,0.009,0.009,0.009,0,0
36.09069889,73.46955972,0.0144,0.0144,0.0144,0,0
36.09398944,73.66310083,0.0153,0.0153,0.0153,0,0
36.09670944,73.66758306,0.0918,0.0918,0.0918,0,0
36.10102722,73.68449667,0.0774,0.0774,0.0774,0,0
36.10308861,73.46672194,0.0261,0.0261,0.0504,0.0243,0.00081
36.10499389,73.44902972,0.0045,0.0045,0.0108,0.0063,0.00021
36.11666944,73.42324583,0.1971,0.1971,0.1971,0,0
36.11920972,73.44865472,0.0378,0.0378,0.0378,0,0
36.12084889,73.50565778,0.0657,0.0657,0.0657,0,0
36.12891056,73.50463028,0.216,0.216,0.216,0,0
36.12761611,73.4472525,0.0369,0.0369,0.0369,0,0
36.13353139,73.50005861,0.0513,0.0513,0.0513,0,0
36.12624972,73.4154,0.0234,0.0234,0.0234,0,0
36.26372167,73.04711778,0.2061,0.2061,0.2061,0,0
36.26979194,73.05235139,0.0801,0.0801,0.0801,0,0
36.28052333,73.17974861,0.0333,0.0333,0.0333,0,0
35.02260111,75.83102528,0.0099,0.0099,0.0099,0,0
36.097745,73.67705333,0.0081,0.0081,0.0081,0,0
35.01922167,76.3369825,0.0063,0.0063,0.0063,0,0
39.20138944,73.68420889,0.0117,0.0117,0.0117,0,0
35.228805,73.92911944,0.0072,0.0072,0.0072,0,0
35.0788175,75.21598417,0.009,0.009,0.009,0,0
35.82874528,75.74184972,0.0045,0.0045,0.0045,0,0
36.00389528,75.17720194,0.0054,0.0054,0.0054,0,0
36.13660444,73.52389889,0.0288,0.0288,0.0288,0,0
36.13989278,73.49949444,0.0216,0.0216,0.0216,0,0
36.14558861,73.63904417,0.1737,0.1737,0.1737,0,0
36.41248139,72.9006925,0.0792,0.0792,0.1053,0.0261,0.00087
36.06971917,73.73556556,0.0153,0.0153,0.0153,0,0
36.06894556,73.54855111,0.045,0.045,0.045,0,0
36.06813722,73.20381972,0.0252,0.0252,0.0252,0,0
36.08030167,73.64574583,0.2565,0.2565,0.2565,0,0
36.0835725,73.76992694,0.0297,0.0297,0.0297,0,0
36.07719667,73.23211972,0.0486,0.0486,0.0486,0,0
36.08602278,73.46029,0.1152,0.1152,0.1152,0,0
36.09253861,73.68799417,0.0315,0.0315,0.0315,0,0
36.28232222,73.16144083,0.0099,0.0099,0.0099,0,0
36.28879722,73.16686611,0.0135,0.0135,0.0135,0,0
35.68520583,73.09845972,0.009885,0.009885,0.009885,0,0
36.3391125,73.55373583,0.0378,0.0378,0.0378,0,0
36.34359056,73.55548528,0.0594,0.0594,0.0594,0,0
36.3437875,73.59717528,0.0135,0.0135,0.0135,0,0
36.35094611,73.51351444,0.1557,0.1557,0.1557,0,0
36.40542611,73.64036556,0.0072,0.0072,0.0072,0,0
36.03726861,73.19158306,0.0594,0.0594,0.0594,0,0
36.0432625,73.57976333,0.0081,0.0081,0.0081,0,0
36.04468861,73.54698667,0.0153,0.0153,0.0153,0,0
36.04753194,73.71624056,0.0063,0.0063,0.0063,0,0
36.04677917,73.51257528,0.018,0.018,0.018,0,0
36.04817889,73.55289556,0.009,0.009,0.009,0,0
36.04863778,73.578825,0.0108,0.0108,0.0108,0,0
36.05192667,73.71279111,0.0243,0.0243,0.0243,0,0
36.0507075,73.57462583,0.0207,0.0207,0.0207,0,0
36.05554,73.51788944,0.0099,0.0099,0.0099,0,0
36.05765389,73.51638917,0.0117,0.0117,0.0117,0,0
36.06180083,73.72764333,0.0378,0.0378,0.0378,0,0
36.06032833,73.67261694,0.009,0.009,0.009,0,0
36.0558425,73.19527361,0.0378,0.0378,0.0378,0,0
36.06447639,73.55203083,0.0234,0.0234,0.0234,0,0
36.06188556,73.20444667,0.0288,0.0288,0.0288,0,0
35.90602194,73.55660083,0.0198,0.0198,0.0198,0,0
35.91248944,73.96440167,0.0423,0.0423,0.0423,0,0
35.90870111,73.61932611,0.0207,0.0207,0.0207,0,0
35.90760583,73.49634028,0.0198,0.0198,0.0198,0,0
35.91312611,73.95224111,0.0252,0.0252,0.0252,0,0
36.02266778,73.57743278,0.0063,0.0063,0.0063,0,0
36.02685528,73.71565472,0.0216,0.0216,0.0216,0,0
36.02415778,73.32732,0.081,0.081,0.081,0,0
36.02692111,73.57067444,0.0261,0.0261,0.0261,0,0
36.03046194,73.71315583,0.0972,0.0972,0.0972,0,0
36.0364425,73.78284028,0.0252,0.0252,0.0252,0,0
36.03420472,73.54378194,0.0513,0.0513,0.0513,0,0
36.03522917,73.56228944,0.0135,0.0135,0.0135,0,0
36.03643778,73.58401861,0.0207,0.0207,0.0207,0,0
36.03877556,73.59166889,0.1692,0.1692,0.1692,0,0
36.04273306,73.71955361,0.0504,0.0504,0.0504,0,0
36.10659944,73.69529083,0.0108,0.0108,0.0108,0,0
36.11333556,73.6651925,0.0135,0.0135,0.0135,0,0
36.11439194,73.66325083,0.0252,0.0252,0.0252,0,0
36.1184625,73.66561167,0.0414,0.0414,0.0414,0,0
36.121325,73.67349083,0.0072,0.0072,0.0072,0,0
35.90410972,73.90594472,0.0189,0.0189,0.0189,0,0
35.90247361,73.65654306,0.0225,0.0225,0.0225,0,0
35.89703417,73.25987389,0.0405,0.0405,0.0405,0,0
35.90503333,73.98928083,0.0189,0.0189,0.0189,0,0
35.89503333,73.09485444,0.0207,0.0207,0.0207,0,0
35.90469528,73.56803889,0.1539,0.1539,0.1539,0,0
35.90302222,73.47039722,0.0837,0.0837,0.0837,0,0
35.90814056,73.97996833,0.0171,0.0171,0.0171,0,0
35.905875,73.69074667,0.0225,0.0225,0.0225,0,0
35.90464917,73.55159667,0.0324,0.0324,0.0324,0,0
35.89934444,73.06973861,0.0756,0.0756,0.0756,0,0
34.92516417,75.77756417,0.0396,0.0396,0.0396,0,0
34.92637389,75.59367583,0.0099,0.0099,0.0099,0,0
34.92796333,75.54924306,0.0207,0.0207,0.0207,0,0
34.92868028,75.70989694,0.0135,0.0135,0.0135,0,0
34.9294225,75.70009306,0.0315,0.0315,0.0315,0,0
35.18889361,75.24774889,0.0297,0.0297,0.0297,0,0
35.19069611,75.2317225,0.0198,0.0198,0.0198,0,0
35.19050639,75.19389083,0.0153,0.0153,0.0153,0,0
35.19267833,74.61592278,0.0765,0.0765,0.0765,0,0
35.19268167,75.25130361,0.0135,0.0135,0.0135,0,0
35.19379528,75.23141667,0.0099,0.0099,0.0099,0,0
35.194515,75.35269083,0.0405,0.0405,0.0405,0,0
35.19820833,75.41807583,0.0135,0.0135,0.0135,0,0
35.86775417,73.61349722,0.0144,0.0144,0.0144,0,0
38.7574625,74.67136806,0.0072,0.0072,0.0072,0,0
36.03656056,73.65127194,0.0333,0.0342,0.0297,-0.0036,-0.00012
36.02498583,73.93242111,0.0315,0.0315,0.0315,0,0
36.02276944,73.65420889,0.0234,0.0234,0.0234,0,0
36.01834306,73.30610611,0.0297,0.0297,0.0297,0,0
36.02257306,73.58987167,0.0252,0.0252,0.0252,0,0
36.02342278,73.59990528,0.045,0.045,0.045,0,0
34.91868361,75.71335139,0.0153,0.0153,0.0153,0,0
34.92183861,75.24955472,0.1395,0.1395,0.1395,0,0
34.92130167,75.71012361,0.0504,0.0504,0.0504,0,0
34.92401278,75.59872,0.144,0.144,0.144,0,0
34.92264194,75.5181775,0.0351,0.0351,0.0351,0,0
34.92203139,75.58498139,0.0063,0.0063,0.0063,0,0
34.92287139,75.71579278,0.0297,0.0297,0.0297,0,0
34.92229139,75.68876694,0.018,0.018,0.018,0,0
34.92207556,75.7754625,0.0135,0.0135,0.0135,0,0
34.92245333,75.77371417,0.0081,0.0081,0.0081,0,0
34.92413611,75.66056167,0.045,0.045,0.045,0,0
35.99664139,73.73565639,0.0144,0.0144,0.0144,0,0
35.99747639,73.72946111,0.0423,0.0423,0.0423,0,0
35.99306806,73.28562611,0.0369,0.0369,0.0369,0,0
36.00049861,73.65515944,0.0081,0.0081,0.0081,0,0
36.00478389,73.73679528,0.0144,0.0144,0.0144,0,0
36.00885333,73.65103694,0.0288,0.0288,0.0288,0,0
36.0044825,73.27327667,0.0675,0.0675,0.0675,0,0
36.01037056,73.70431306,0.0198,0.0198,0.0198,0,0
36.01192806,73.66491194,0.0126,0.0126,0.0126,0,0
36.01603333,73.57916528,0.0702,0.0702,0.0702,0,0
36.01095778,73.22997889,0.0396,0.0396,0.0396,0,0
36.01915222,73.9216,0.0522,0.0522,0.0522,0,0
36.015185,73.51631528,0.0126,0.0126,0.0126,0,0
36.01336,73.33326639,0.0108,0.0108,0.0108,0,0
36.0210425,73.66475361,0.0495,0.0495,0.0495,0,0
36.02185917,73.646655,0.0297,0.0297,0.0297,0,0
35.9667175,73.31288361,0.0207,0.0207,0.0207,0,0
35.97044,73.38514389,0.0207,0.0207,0.0207,0,0
35.97249389,73.33820167,0.0324,0.0324,0.0324,0,0
35.97419306,73.42688667,0.0099,0.0099,0.0099,0,0
35.98036306,73.9227925,0.0225,0.0225,0.0225,0,0
35.98193833,74.0034575,0.0513,0.0513,0.0513,0,0
36.13951806,73.38084639,0.0513,0.0513,0.0513,0,0
35.98070194,73.72755278,0.0153,0.0153,0.0153,0,0
35.97707194,73.39020444,0.0162,0.0162,0.0162,0,0
36.15424056,73.61592528,0.1161,0.1161,0.1161,0,0
35.97911917,73.31334417,0.0225,0.0225,0.0225,0,0
35.98895,73.72446444,0.0081,0.006251,0.0198,0.0117,0.00039
35.98457806,73.30575444,0.0072,0.0072,0.0072,0,0
35.98705833,73.31279556,0.0945,0.0945,0.0945,0,0
35.99033278,73.31972167,0.0171,0.0171,0.0171,0,0
35.99047278,73.28130806,0.0216,0.0216,0.0216,0,0
35.96252639,74.01868722,0.1341,0.1341,0.1341,0,0
35.95407417,73.34917361,0.0594,0.0594,0.0594,0,0
35.9609575,73.98335667,0.0378,0.0378,0.0378,0,0
35.96113167,73.766995,0.0162,0.0162,0.0162,0,0
35.95525306,73.19353472,0.0225,0.0225,0.0225,0,0
35.957705,73.31600861,0.0135,0.0135,0.0135,0,0
35.96249222,73.39694861,0.1746,0.1746,0.1746,0,0
35.96345139,73.70838306,0.0126,0.0126,0.0126,0,0
35.97009667,74.0703425,0.0459,0.0459,0.0459,0,0
35.97244222,73.91063028,0.2502,0.2502,0.2502,0,0
35.97032639,74.00454722,0.0675,0.0675,0.0675,0,0
35.96404861,73.4335775,0.0108,0.0108,0.0108,0,0
35.96209806,73.19230111,0.009,0.009,0.009,0,0
35.97115444,73.75821222,0.0252,0.0252,0.0252,0,0
35.97462389,73.99379611,0.0594,0.0594,0.0594,0,0
35.97140194,73.70918306,0.0324,0.0324,0.0324,0,0
35.93902611,73.37550111,0.009,0.009,0.009,0,0
35.94438583,73.70325389,0.0729,0.0729,0.0729,0,0
35.94537028,73.36470361,0.6318,0.6318,0.6318,0,0
35.93863167,73.30725417,0.0072,0.0072,0.0153,0.0081,0.00027
35.94877528,73.97999778,0.0342,0.0342,0.0342,0,0
35.94613861,73.63261778,0.0171,0.0171,0.0171,0,0
35.95000361,73.92411417,0.0135,0.0135,0.0135,0,0
35.94896028,73.75740194,0.0099,0.0099,0.0099,0,0
35.9465125,73.4196775,0.0108,0.0108,0.0108,0,0
35.94971194,73.58321306,0.0387,0.0387,0.0387,0,0
35.95255056,73.72003,0.0099,0.0099,0.0099,0,0
35.95109917,73.52077611,0.0324,0.0324,0.0324,0,0
35.95017083,73.349895,0.0189,0.0189,0.0189,0,0
35.94736694,73.09263944,0.0135,0.0135,0.0135,0,0
35.95567556,73.58274333,0.036,0.036,0.036,0,0
36.17108083,73.38186917,0.0378,0.0378,0.0378,0,0
35.92441833,74.00885806,0.0324,0.0324,0.0324,0,0
35.92076083,73.58007,0.0558,0.0558,0.0558,0,0
35.90803444,72.72466889,0.0108,0.0108,0.0108,0,0
35.92450722,73.47914667,0.0612,0.0612,0.0612,0,0
36.17567222,73.3888525,0.0135,0.0135,0.0135,0,0
36.21868444,73.183625,0.0126,0.0126,0.0126,0,0
35.93084194,73.98868667,0.0261,0.0261,0.0261,0,0
35.92522944,73.34203556,0.0963,0.0963,0.0963,0,0
35.93222694,74.00372583,0.0117,0.0117,0.0117,0,0
35.93464583,73.28956,0.0576,0.0576,0.0576,0,0
35.93022583,72.92949389,0.0594,0.0594,0.0594,0,0
35.93637611,73.26827361,0.0918,0.0918,0.0918,0,0
35.93413167,73.1565425,0.018,0.018,0.018,0,0
35.94095806,73.63244472,0.009,0.009,0.009,0,0
35.93541028,73.17265194,0.0216,0.0216,0.0216,0,0
35.94474278,73.99641778,0.0054,0.0054,0.0054,0,0
35.80358972,73.20967028,0.0189,0.0189,0.0189,0,0
35.81189917,73.160485,0.018,0.018,0.018,0,0
35.81798694,73.296435,0.1413,0.1413,0.1413,0,0
35.81374056,73.18375583,0.0315,0.0315,0.0315,0,0
35.81231778,73.02862639,0.0252,0.0252,0.0252,0,0
35.80909083,72.80105528,0.0477,0.0477,0.0477,0,0
35.82755306,74.08601056,0.0234,0.0234,0.0234,0,0
35.916725,73.99201583,0.0963,0.0963,0.0963,0,0
35.91693306,73.94512139,0.0972,0.0972,0.0972,0,0
35.91261167,73.48001556,0.0585,0.0585,0.0585,0,0
35.90886944,73.25619083,0.0099,0.0099,0.0099,0,0
35.91204472,73.38019222,0.0378,0.0378,0.0378,0,0
35.91786833,73.37084722,0.1134,0.1134,0.1134,0,0
35.91589139,73.35621167,0.0504,0.0504,0.0504,0,0
35.91792333,73.54262694,0.0351,0.0351,0.0351,0,0
35.91866778,73.62081722,0.0072,0.0072,0.0072,0,0
35.12005833,73.81235417,0.0072,0.0072,0.0072,0,0
35.12659722,73.93874111,0.0153,0.0153,0.0153,0,0
35.12817167,73.81125861,0.0333,0.0333,0.0333,0,0
35.95731389,73.72676139,0.0144,0.0144,0.0144,0,0
35.77190222,73.76416639,0.0117,0.0117,0.0117,0,0
35.78966389,73.80334333,0.0081,0.0081,0.0081,0,0
35.8068525,73.81267278,0.0072,0.0072,0.0072,0,0
35.82483583,73.77533389,0.0108,0.0108,0.0108,0,0
35.83005333,73.78978417,0.009,0.009,0.009,0,0
35.99083056,73.89196583,0.009,0.009,0.009,0,0
36.00090944,73.88603306,0.0117,0.0117,0.0117,0,0
35.97045694,73.89381111,0.0099,0.0099,0.0099,0,0
35.96857444,73.93166972,0.0225,0.0225,0.0225,0,0
35.80129222,73.08565389,0.1548,0.1548,0.1548,0,0
35.80076806,73.07641889,0.0252,0.0252,0.0252,0,0
35.79930306,73.02951722,0.0153,0.0153,0.0153,0,0
35.08331833,73.66731556,0.0054,0.0054,0.0054,0,0
35.08856278,73.84487556,0.0234,0.0234,0.0234,0,0
35.08327806,73.317045,0.0513,0.0513,0.0513,0,0
35.09175194,74.14804667,0.0216,0.0216,0.0216,0,0
35.08821778,73.67195278,0.0297,0.0297,0.0297,0,0
35.0883025,73.29161194,0.3528,0.3528,0.3528,0,0
35.09370444,74.178465,0.0414,0.0414,0.0414,0,0
35.09370083,73.67300639,0.0414,0.0414,0.0414,0,0
35.09286444,73.52487972,0.0081,0.0081,0.0081,0,0
35.09158361,73.28543889,0.009,0.009,0.009,0,0
35.09489306,73.52830194,0.0153,0.0153,0.0153,0,0
35.1015775,73.91114722,0.0279,0.0279,0.0279,0,0
35.10535306,73.90987611,0.0099,0.0099,0.0099,0,0
35.10748333,73.92120417,0.0414,0.0414,0.0414,0,0
35.11015306,73.52056333,0.0108,0.0108,0.0108,0,0
35.1213325,74.144515,0.0081,0.0081,0.0081,0,0
34.78840278,75.99445083,0.0657,0.0657,0.0657,0,0
36.24048278,73.95322694,0.0108,0.0108,0.0108,0,0
38.78956639,74.58945417,0.0054,0.0054,0.0054,0,0
38.79322861,74.59298361,0.0081,0.0081,0.0081,0,0
38.79837083,74.59174528,0.0486,0.0486,0.0486,0,0
34.97204611,75.05027528,0.1332,0.1332,0.1332,0,0
34.96984833,75.77459778,0.0081,0.0081,0.0081,0,0
34.97478972,74.75392139,0.027,0.027,0.027,0,0
34.97450222,75.85359694,0.0099,0.0099,0.0099,0,0
34.98005611,75.03897333,0.0783,0.0783,0.0783,0,0
34.98394583,74.77302111,0.0072,0.0072,0.0072,0,0
34.98651,75.55327333,0.1809,0.1809,0.1809,0,0
34.99107167,75.23614556,1.2942,1.2942,1.2942,0,0
34.98769611,74.77532556,0.0162,0.0162,0.0162,0,0
34.98811111,74.76680972,0.0171,0.0171,0.0171,0,0
35.08346778,73.72109444,0.1116,0.1116,0.1116,0,0
34.84985556,76.03901194,0.0216,0.0216,0.0216,0,0
34.8538975,76.36729306,0.1323,0.1323,0.1323,0,0
34.85383944,76.3824,0.1269,0.1269,0.1269,0,0
34.85264167,76.47592472,0.1035,0.1035,0.1035,0,0
34.90303056,74.94365278,0.042296,0.042296,0.042296,0,0
36.29397639,73.11485528,0.0189,0.0189,0.0189,0,0
36.00616583,74.80596778,0.0342,0.0342,0.0342,0,0
34.77423444,76.5906225,0.0171,0.0171,0.0171,0,0
34.77668111,76.44364111,0.0153,0.0153,0.0153,0,0
34.77746583,76.43899444,0.0189,0.0189,0.0189,0,0
34.78197889,76.00951194,0.0378,0.0378,0.0378,0,0
34.77757417,76.44615417,0.0216,0.0216,0.0216,0,0
34.77733194,76.46640556,0.0063,0.0063,0.0063,0,0
34.77984028,76.4703725,0.018,0.018,0.018,0,0
34.77832194,76.66817611,0.0441,0.0441,0.0441,0,0
34.78141611,76.428075,0.0414,0.0414,0.0414,0,0
34.75704944,76.413885,0.0324,0.0324,0.0324,0,0
34.75753306,76.41946056,0.0072,0.0072,0.0072,0,0
36.24025861,73.04837333,0.0387,0.0387,0.0387,0,0
36.05211139,73.48165167,0.009,0.009,0.009,0,0
36.0521525,73.45575667,0.0072,0.0072,0.0072,0,0
36.07236194,73.51914417,0.0126,0.0126,0.0126,0,0
35.911575,73.98861722,0.0081,0.0081,0.0081,0,0
38.38836528,75.48119889,0.0603,0.0603,0.0603,0,0
36.62983639,73.75010889,0.036,0.036,0.036,0,0
35.86475139,73.74557111,0.8019,0.8019,0.8019,0,0
34.8310675,76.35802222,0.0243,0.0243,0.0243,0,0
34.83329417,76.35149139,0.0963,0.0963,0.0963,0,0
34.83428056,76.37300222,0.0198,0.0198,0.0198,0,0
34.8386575,76.41490556,0.0612,0.0612,0.0612,0,0
34.8426775,76.41335028,0.018,0.018,0.018,0,0
34.84357389,76.44113694,0.0117,0.0117,0.0117,0,0
35.934715,73.99144222,0.0171,0.0171,0.0171,0,0
35.93077556,73.58922361,0.0108,0.0108,0.0108,0,0
35.93245556,73.63886306,0.0387,0.0387,0.0387,0,0
35.93002194,73.24679222,0.0558,0.0558,0.0558,0,0
35.37857556,75.10010083,0.0342,0.0342,0.0342,0,0
35.21363833,75.69280083,0.0207,0.0207,0.0207,0,0
36.88754333,74.86362444,0.0045,0.0045,0.0045,0,0
39.51575667,73.9346275,0.0045,0.0045,0.0045,0,0
34.74683278,76.399355,0.0108,0.0108,0.0108,0,0
34.74818611,76.39629,0.0306,0.0306,0.0306,0,0
36.24219944,73.01047694,0.063,0.063,0.063,0,0
34.75424361,76.39396278,0.009,0.009,0.009,0,0
34.75895194,75.99710361,0.0072,0.0072,0.0072,0,0
34.75485667,76.53901,0.036,0.036,0.036,0,0
34.76145306,75.98893889,0.0351,0.0351,0.0351,0,0
34.75544361,76.54524,0.0288,0.0288,0.0288,0,0
35.89080722,73.54487722,0.0153,0.0153,0.0153,0,0
35.89104194,73.53917556,0.027,0.027,0.027,0,0
35.90061611,73.97098833,0.0549,0.0549,0.0549,0,0
35.89679944,73.63477167,0.0063,0.0063,0.0063,0,0
35.89173417,73.09908944,0.0324,0.0324,0.0324,0,0
35.89461583,73.24572806,0.0216,0.0216,0.0216,0,0
35.90290417,73.7334925,0.0477,0.0477,0.0477,0,0
35.90596222,73.92101472,0.1413,0.1413,0.1413,0,0
35.90675389,73.15416972,0.2043,0.2043,0.2043,0,0
35.90959722,73.47113528,0.0225,0.0225,0.0225,0,0
35.81622194,73.59955472,0.0297,0.0297,0.0297,0,0
35.81030806,73.0931125,0.027,0.027,0.027,0,0
35.81605111,73.46655667,0.0243,0.0243,0.0243,0,0
35.816075,73.46097889,0.0162,0.0162,0.0162,0,0
35.92581028,73.27362278,0.0999,0.0999,0.0999,0,0
35.929015,73.57755389,0.0144,0.0144,0.0144,0,0
35.87703389,73.48632972,0.0243,0.0243,0.0243,0,0
35.883545,73.82453222,0.0135,0.0135,0.0135,0,0
35.88147361,73.64236722,0.0081,0.0081,0.0081,0,0
35.88174806,73.51387889,0.0108,0.0108,0.0108,0,0
35.8755575,73.05412194,0.0315,0.0315,0.0315,0,0
35.87956778,73.28755694,0.0108,0.0108,0.0108,0,0
35.88744444,73.86755333,0.0162,0.0162,0.0162,0,0
35.88812528,73.87927556,0.0099,0.0099,0.0099,0,0
35.88501083,73.47046722,0.0495,0.0495,0.0495,0,0
35.87851222,73.05778222,0.0234,0.0234,0.0234,0,0
35.88799944,73.73794833,0.0351,0.0351,0.0351,0,0
35.88623,73.566615,0.0378,0.0378,0.0378,0,0
35.88952194,73.69168,0.0855,0.0855,0.0855,0,0
35.88208889,73.19501861,0.009,0.009,0.009,0,0
35.88348028,73.04595222,0.0198,0.0198,0.0198,0,0
35.89374889,73.78344389,0.0225,0.0225,0.0225,0,0
36.24614361,73.12100083,0.0747,0.0747,0.0747,0,0
35.8772325,73.95314111,0.0378,0.0378,0.0378,0,0
35.87876833,74.11279028,0.0288,0.0288,0.0288,0,0
35.87598694,73.86834417,0.009,0.009,0.009,0,0
35.87376917,73.50912083,0.0135,0.0135,0.0135,0,0
35.86995917,73.2341025,0.009,0.009,0.009,0,0
35.86088972,72.6469225,0.0225,0.0225,0.0225,0,0
35.87712556,73.61459583,0.1215,0.1215,0.1215,0,0
35.87500611,73.54679194,0.0162,0.0162,0.0162,0,0
35.8766225,73.65801611,0.0189,0.0189,0.0189,0,0
35.87520194,73.48027472,0.0414,0.0414,0.0414,0,0
35.88279028,73.7627825,0.3654,0.3654,0.3654,0,0
35.87654944,73.59885917,0.0315,0.0315,0.0315,0,0
35.86914389,72.93926889,0.1863,0.1863,0.1863,0,0
35.87172972,73.07342806,0.1044,0.1044,0.1044,0,0
35.88018306,73.57633306,0.2808,0.2808,0.2808,0,0
35.85568667,72.98003611,0.1134,0.1134,0.1134,0,0
35.857115,73.01730722,0.054,0.054,0.054,0,0
35.86121472,73.28798611,0.0351,0.0351,0.0351,0,0
35.87010639,73.91177889,0.0657,0.0657,0.0657,0,0
35.86345583,73.28108167,0.027,0.027,0.027,0,0
35.86862778,73.725,0.0045,0.0045,0.0045,0,0
35.86865694,73.67969222,0.0261,0.0261,0.0261,0,0
35.86381361,73.27491083,0.0432,0.0432,0.0432,0,0
35.87074833,73.8010375,0.0099,0.0099,0.0099,0,0
35.87289278,73.86705,0.0171,0.0171,0.0171,0,0
35.87292194,73.81025917,0.0297,0.0297,0.0297,0,0
35.86383917,73.08990167,0.0297,0.0297,0.0297,0,0
35.86614,73.26408194,0.0189,0.0189,0.0189,0,0
35.87563278,73.92647389,0.0621,0.0621,0.0621,0,0
35.8728425,73.77224667,0.0099,0.0099,0.0099,0,0
35.87518306,73.84544083,0.0297,0.0297,0.0297,0,0
35.85860083,73.86905528,0.1305,0.1305,0.1305,0,0
35.84498167,72.91098333,0.063,0.063,0.063,0,0
35.86076,73.98760917,0.0135,0.0135,0.0135,0,0
35.86166472,73.89745444,0.0198,0.0198,0.0198,0,0
35.85213389,73.07485167,0.0198,0.0198,0.0198,0,0
35.86424167,74.06505222,0.0099,0.0099,0.0099,0,0
35.86652556,73.95614361,0.0855,0.0855,0.0855,0,0
35.86374944,73.8918325,0.0081,0.0081,0.0081,0,0
35.86560778,74.01326639,0.018,0.018,0.018,0,0
35.85706722,73.27968472,0.0117,0.0117,0.0117,0,0
35.85607444,73.22432944,0.0117,0.0117,0.0117,0,0
35.86815667,73.92837278,0.1665,0.1665,0.1665,0,0
35.86093917,73.52492361,0.0225,0.0225,0.0225,0,0
35.86117194,73.49227944,0.0297,0.0297,0.0297,0,0
35.85991472,73.29938028,0.0657,0.0657,0.0657,0,0
35.85628444,73.08384722,0.0279,0.0279,0.0279,0,0
35.83591944,73.19578972,0.0207,0.0207,0.0207,0,0
35.8352075,73.02312417,0.0063,0.0063,0.0117,0.0054,0.00018
35.84591778,73.52826917,0.0171,0.0171,0.0171,0,0
35.84580167,73.4972625,0.0288,0.0288,0.0288,0,0
35.8510975,73.89825944,0.0261,0.0261,0.0261,0,0
35.85207528,73.8768675,0.1629,0.1629,0.1629,0,0
35.84242639,73.16246222,0.0351,0.0351,0.0351,0,0
35.85127194,73.90265556,0.0162,0.0162,0.0162,0,0
35.84092,73.04238222,0.0162,0.0162,0.0162,0,0
35.85281528,73.93727806,0.0117,0.0117,0.0117,0,0
35.85162306,73.78230389,0.0153,0.0153,0.0153,0,0
35.841475,72.91860972,0.0126,0.0126,0.0126,0,0
35.85585083,73.77327889,0.2511,0.2511,0.2511,0,0
35.851535,73.50387583,0.0855,0.0855,0.0855,0,0
35.84477639,73.06624806,0.0153,0.0153,0.0153,0,0
35.85879722,73.95519806,0.0513,0.0513,0.0513,0,0
35.82867333,73.48096889,0.0099,0.0099,0.0099,0,0
35.81961472,72.82274056,0.0207,0.0207,0.0207,0,0
35.83444917,73.88417167,0.0144,0.0144,0.0144,0,0
35.83701083,74.10556389,0.0171,0.0171,0.0171,0,0
35.82591528,73.13143167,0.0117,0.0117,0.0117,0,0
35.83200222,73.48053028,0.0234,0.0234,0.0234,0,0
35.82985917,73.22751056,0.1017,0.1017,0.1017,0,0
35.82409667,72.95070417,0.0081,0.0081,0.0081,0,0
35.83194861,73.46975028,0.0252,0.0252,0.0252,0,0
35.82605222,73.02209806,0.0423,0.0423,0.0423,0,0
35.83189556,73.22044444,0.0216,0.0216,0.0216,0,0
35.83186583,73.16454083,0.0585,0.0585,0.0585,0,0
35.84498111,74.09951389,0.0468,0.0468,0.0468,0,0
36.25355,73.05657083,0.045,0.045,0.045,0,0
35.83897667,73.45771333,0.0081,0.0081,0.0081,0,0
35.84422667,73.88356472,0.0675,0.0675,0.0675,0,0
35.77543972,72.93452333,0.144,0.144,0.144,0,0
35.79303194,74.08406306,0.0342,0.0342,0.0342,0,0
35.78430472,73.11559917,0.0495,0.0495,0.0495,0,0
35.78569667,73.20543278,0.0108,0.0108,0.0108,0,0
36.25947,73.03810083,0.0252,0.0252,0.0252,0,0
35.78782333,73.0797175,0.0576,0.0576,0.0576,0,0
35.79503944,73.48106333,0.0828,0.0828,0.0828,0,0
35.79295278,73.12011278,0.0648,0.0648,0.0648,0,0
35.79233167,73.11292917,0.0099,0.0099,0.0099,0,0
35.80258528,73.79631,0.009,0.009,0.009,0,0
35.79342417,72.94058,0.036,0.036,0.036,0,0
35.79678139,73.1167125,0.0675,0.0675,0.0675,0,0
35.82399667,73.60450472,0.054,0.054,0.054,0,0
35.8209675,72.94469389,0.1287,0.1287,0.1287,0,0
35.82524167,73.21108,0.2277,0.2277,0.2277,0,0
35.83287833,73.997035,0.0081,0.0081,0.0081,0,0
35.6905425,74.22637917,0.0324,0.0324,0.0324,0,0
35.69116139,74.23173389,0.0441,0.0441,0.0441,0,0
35.68198889,73.08841889,0.0207,0.0207,0.0207,0,0
35.68398861,73.09506333,0.027,0.027,0.027,0,0
35.70311528,74.24219361,0.0072,0.0072,0.0072,0,0
35.70757111,74.24107361,0.1197,0.1197,0.1197,0,0
35.69457139,73.07519611,0.0108,0.0108,0.0108,0,0
35.71262306,74.2390275,0.036,0.036,0.036,0,0
35.72205056,74.25532611,0.0981,0.0981,0.0981,0,0
35.70586389,72.78818944,0.0153,0.0153,0.0153,0,0
35.70812028,72.77796,0.0216,0.0216,0.0216,0,0
35.73125806,74.28853528,0.0198,0.0198,0.0198,0,0
35.76496306,72.98633028,0.0216,0.0216,0.0216,0,0
35.7648375,72.83593194,0.0333,0.0333,0.0333,0,0
35.78246667,73.57149944,0.1935,0.1935,0.1935,0,0
35.78373583,73.50709444,0.0927,0.0927,0.0927,0,0
35.61313611,72.82694139,0.1836,0.1836,0.1836,0,0
35.61989222,73.18430361,0.009,0.009,0.009,0,0
35.6318425,73.1030025,0.0342,0.0342,0.0342,0,0
35.63709722,73.08588944,0.0792,0.0792,0.0792,0,0
35.1592725,75.34344333,0.009,0.009,0.009,0,0
35.64149306,73.062315,0.1116,0.1116,0.1116,0,0
35.64789528,73.35502306,0.0126,0.0126,0.0126,0,0
35.65213361,73.35721556,0.1881,0.1881,0.1881,0,0
35.65068222,73.32014,0.063,0.063,0.063,0,0
35.669125,74.20677528,0.0252,0.0252,0.0252,0,0
35.65925139,73.09658222,0.0189,0.0189,0.0189,0,0
35.67600472,74.21145472,0.0099,0.0099,0.0099,0,0
35.66151611,72.82169111,0.0324,0.0324,0.0324,0,0
35.66864778,73.11717472,0.0666,0.0666,0.0666,0,0
35.675525,73.34385194,0.2088,0.2088,0.2088,0,0
35.686505,74.22976667,0.1224,0.1224,0.1224,0,0
35.59761694,74.40993833,0.0612,0.0612,0.0612,0,0
35.5734575,74.43730111,0.0405,0.0405,0.0405,0,0
35.58815167,74.41686444,0.0153,0.0153,0.0153,0,0
35.6001325,74.41764417,0.0558,0.0558,0.0558,0,0
35.61488556,74.40643194,0.0666,0.0666,0.0666,0,0
35.62864389,74.39904556,0.0189,0.0189,0.0189,0,0
35.63260472,74.40167444,0.0108,0.0108,0.0108,0,0
35.63593028,74.30862889,0.0099,0.0099,0.0099,0,0
35.31235528,72.80639778,0.036,0.036,0.036,0,0
35.55236917,72.7722425,0.0495,0.0495,0.0495,0,0
35.58252389,73.07735667,0.0414,0.0414,0.0414,0,0
35.58804333,73.20846056,0.2727,0.2727,0.2727,0,0
35.60874806,74.34011083,0.0459,0.0459,0.0459,0,0
35.60111611,72.84738667,0.0531,0.0531,0.0531,0,0
35.61162167,73.184485,0.1845,0.1845,0.1845,0,0
35.61628444,73.18572528,0.0099,0.0099,0.0099,0,0
35.813455,74.30383639,0.0603,0.0603,0.0603,0,0
35.81405,74.34434722,0.0216,0.0216,0.0216,0,0
35.81754139,74.34149667,0.0306,0.0306,0.0306,0,0
35.81748056,74.29578806,0.0234,0.0234,0.0234,0,0
35.81914694,74.30149556,0.0351,0.0351,0.0351,0,0
35.81800361,74.28050722,0.0234,0.0234,0.0234,0,0
35.8191725,74.2673325,0.0315,0.0315,0.0315,0,0
35.82101278,74.29373056,0.1026,0.1026,0.1026,0,0
35.83817167,74.22472417,0.0117,0.0117,0.0117,0,0
35.711605,74.2590275,0.0063,0.0063,0.0063,0,0
35.68773694,74.32485917,0.0207,0.0207,0.0207,0,0
35.67584722,74.34289667,0.0045,0.0045,0.0045,0,0
35.67384028,74.34689111,0.0054,0.0054,0.0054,0,0
35.69906611,74.47892083,0.0225,0.0225,0.0225,0,0
35.70327611,74.46643333,0.0153,0.0153,0.0153,0,0
35.61366222,74.40004889,0.0081,0.0081,0.0081,0,0
35.74160944,74.19295889,0.0045,0.0045,0.0045,0,0
35.74173111,74.16375778,0.0144,0.0144,0.0144,0,0
35.74689139,74.1643525,0.0252,0.0252,0.0252,0,0
35.7474775,74.11841306,0.0243,0.0243,0.0243,0,0
35.74770361,74.17098778,0.0108,0.0108,0.0108,0,0
35.76065944,74.17972917,0.0828,0.0828,0.0828,0,0
35.76435556,74.14840972,0.0234,0.0234,0.0234,0,0
35.76658639,74.17177361,0.0072,0.0072,0.0072,0,0
35.77314861,74.19543528,0.1044,0.1044,0.1044,0,0
35.77183972,74.14211667,0.0135,0.0135,0.0135,0,0
35.77431583,74.14576333,0.0144,0.0144,0.0144,0,0
35.77919611,74.20476694,0.1098,0.1098,0.1098,0,0
35.78031111,74.16117694,0.0243,0.0243,0.0243,0,0
35.78731722,74.14373722,0.0513,0.0513,0.0513,0,0
35.78926694,74.22417806,0.0702,0.0702,0.0702,0,0
35.79666694,74.40409889,0.0054,0.0054,0.0054,0,0
35.96640528,74.01577306,0.0144,0.0144,0.0144,0,0
35.88820444,73.94782917,0.0054,0.0054,0.0054,0,0
35.90598611,73.96475944,0.009,0.009,0.009,0,0
35.90682833,73.96833889,0.0045,0.0045,0.0045,0,0
35.90401444,73.94048111,0.0117,0.0117,0.0117,0,0
35.90626278,73.94283306,0.0126,0.0126,0.0126,0,0
35.93066417,73.93208028,0.0162,0.0162,0.0162,0,0
35.934845,73.91572806,0.0216,0.0216,0.0216,0,0
35.8612025,74.0169925,0.0207,0.0207,0.0207,0,0
35.84888,73.86992917,0.0162,0.0162,0.0162,0,0
35.86381361,73.91554944,0.0378,0.0378,0.0378,0,0
35.86758111,73.91631306,0.0126,0.0126,0.0126,0,0
35.71943056,74.16572694,0.0405,0.0405,0.0405,0,0
35.72318194,74.16520028,0.0189,0.0189,0.0189,0,0
35.72622722,74.09030833,0.0333,0.0333,0.0333,0,0
35.74088528,74.12623722,0.0396,0.0396,0.0396,0,0
35.98216917,73.70463167,0.0126,0.0126,0.0126,0,0
35.98842361,73.71315806,0.0072,0.0072,0.0072,0,0
36.00776361,73.73371472,0.009,0.009,0.009,0,0
36.01163722,73.74617167,0.0117,0.0117,0.0117,0,0
36.01222611,73.73183667,0.0099,0.0099,0.0099,0,0
36.01852639,73.73597278,0.0288,0.0288,0.0288,0,0
35.94651139,72.67933611,0.0072,0.0072,0.0072,0,0
36.02192056,73.74617944,0.045,0.045,0.045,0,0
36.02509417,73.74086194,0.0441,0.0441,0.0441,0,0
36.02469889,73.75337194,0.0081,0.0081,0.0081,0,0
36.02569417,73.7465125,0.0126,0.0126,0.0126,0,0
35.94638528,73.72753944,0.0144,0.0144,0.0144,0,0
35.94678694,73.75291556,0.0072,0.0072,0.0072,0,0
35.95703556,73.74127778,0.0171,0.0171,0.0171,0,0
35.97386028,73.92631917,0.0135,0.0135,0.0135,0,0
35.96548944,74.00314194,0.0126,0.0126,0.0126,0,0
35.88596806,73.55121694,0.0126,0.0126,0.0126,0,0
35.913605,73.58520639,0.0144,0.0144,0.0144,0,0
35.93086139,73.5834025,0.0063,0.0063,0.0063,0,0
35.92780389,73.54421917,0.0279,0.0279,0.0279,0,0
36.0927,73.63063361,0.0306,0.0306,0.0306,0,0
36.01368556,73.61097472,0.0261,0.0261,0.0261,0,0
36.05220444,73.64750806,0.0432,0.0432,0.0432,0,0
36.06854389,73.62174472,0.0207,0.0207,0.0207,0,0
35.99978639,73.66402194,0.0477,0.0477,0.0477,0,0
36.00159917,73.6508025,0.018,0.018,0.018,0,0
35.90997694,73.62355861,0.0216,0.0216,0.0216,0,0
35.91912472,73.64612028,0.0234,0.0234,0.0234,0,0
35.92057639,73.64293694,0.0072,0.0072,0.0072,0,0
35.90566111,73.67813083,0.009,0.009,0.009,0,0
35.96603111,73.71834556,0.009,0.009,0.009,0,0
35.97742222,73.68520167,0.0081,0.0081,0.0081,0,0
35.81456361,73.61131139,0.0198,0.0198,0.0198,0,0
35.78556333,73.56839333,0.0045,0.0045,0.0045,0,0
35.78891167,73.56567778,0.0063,0.0063,0.0063,0,0
35.79883556,73.57654972,0.0063,0.0063,0.0063,0,0
35.85712833,73.50415028,0.0054,0.0054,0.0054,0,0
35.8578925,73.50686,0.018,0.018,0.018,0,0
35.85933806,73.5187825,0.0108,0.0108,0.0108,0,0
35.8608,73.51670639,0.0063,0.0063,0.0063,0,0
35.76536306,73.48048444,0.009,0.009,0.009,0,0
35.76704444,73.48263722,0.0108,0.0108,0.0108,0,0
35.76758444,73.48077417,0.0072,0.0072,0.0072,0,0
35.77069556,73.48442083,0.0054,0.0054,0.0054,0,0
35.77696306,73.480715,0.045,0.045,0.045,0,0
35.82474083,73.48147861,0.0045,0.0045,0.0045,0,0
35.82693389,73.48434278,0.036,0.036,0.036,0,0
35.91460083,73.54828444,0.0045,0.0045,0.0045,0,0
36.00665611,73.30324028,0.0369,0.0369,0.0369,0,0
35.90781111,73.35804694,0.0216,0.0216,0.0216,0,0
35.94875722,73.37511917,0.0144,0.0144,0.0144,0,0
35.95706833,73.37831083,0.0126,0.0126,0.0126,0,0
35.93247556,73.34410639,0.0333,0.0333,0.0333,0,0
35.941345,73.35477361,0.0153,0.0153,0.0153,0,0
35.87841694,73.27255972,0.0306,0.0306,0.0306,0,0
35.89296833,73.26679778,0.0198,0.0198,0.0198,0,0
35.94652944,73.31554722,0.009,0.009,0.009,0,0
35.94892083,73.31777528,0.0333,0.0333,0.0333,0,0
35.99615667,73.33870167,0.0369,0.0369,0.0369,0,0
36.04309806,73.31567278,0.0558,0.0558,0.0558,0,0
35.74327222,73.56011056,0.0522,0.0522,0.0522,0,0
35.86709667,73.62540806,0.0486,0.0486,0.0486,0,0
35.845275,73.59771528,0.0063,0.0063,0.0063,0,0
35.81810778,73.59647194,0.0171,0.0171,0.0171,0,0
35.83074806,73.13055556,0.0207,0.0207,0.0207,0,0
35.83445833,73.12230278,0.0054,0.0054,0.0054,0,0
35.84079528,73.1297925,0.0099,0.0099,0.0099,0,0
35.85141889,73.10532694,0.0045,0.0045,0.0045,0,0
35.85374361,73.14862278,0.027,0.027,0.027,0,0
35.85887611,73.14765806,0.0081,0.0081,0.0081,0,0
35.86621917,73.13866417,0.0279,0.0279,0.0279,0,0
35.92231444,73.27087944,0.0162,0.0162,0.0162,0,0
36.04484139,73.21871583,0.0045,0.0045,0.0045,0,0
36.06082028,73.23284389,0.0144,0.0144,0.0144,0,0
36.06388556,73.23044389,0.0162,0.0162,0.0162,0,0
36.08233611,73.23969194,0.018,0.018,0.018,0,0
36.00895222,73.27028333,0.0045,0.0045,0.0045,0,0
36.01438333,73.27182917,0.0072,0.0072,0.0072,0,0
36.03669556,73.25805361,0.0243,0.0243,0.0243,0,0
35.97159889,73.29635444,0.0153,0.0153,0.0153,0,0
35.67665,73.09738417,0.0063,0.0063,0.0063,0,0
35.68669611,73.09013694,0.0045,0.0045,0.0045,0,0
35.68956444,73.08988556,0.0261,0.0261,0.0261,0,0
35.69302861,73.0782425,0.0468,0.0468,0.0468,0,0
35.87816417,73.05106833,0.0234,0.0234,0.0234,0,0
35.84060833,73.05373222,0.0261,0.0261,0.0261,0,0
35.84838778,73.06131028,0.1314,0.1314,0.1314,0,0
35.84128167,73.17682083,0.0072,0.0072,0.0072,0,0
34.94664306,75.84249611,0.0045,0.0045,0.0045,0,0
35.94254389,73.105955,0.0378,0.0378,0.0378,0,0
35.95318083,73.15482833,0.0099,0.0099,0.0099,0,0
35.92915806,73.15494556,0.0045,0.0045,0.0045,0,0
35.93495083,73.16764667,0.0153,0.0153,0.0153,0,0
35.94600556,73.29052611,0.3375,0.3375,0.3375,0,0
35.95716472,73.28419722,0.171,0.171,0.171,0,0
35.83076222,73.13676611,0.0171,0.0171,0.0171,0,0
38.13083972,75.41892361,0.0108,0.0108,0.0108,0,0
34.90824417,74.93005194,0.0081,0.0081,0.0081,0,0
35.74451611,73.17609389,0.0198,0.0198,0.0198,0,0
35.74614806,73.16362528,0.0045,0.0045,0.0045,0,0
35.84401778,73.06974,0.0126,0.0126,0.0126,0,0
35.64263028,72.83372583,0.0081,0.0081,0.0081,0,0
35.64562056,72.85894417,0.0144,0.0144,0.0144,0,0
35.58909806,72.82385944,0.0099,0.0099,0.0099,0,0
35.81386222,72.84824778,0.0351,0.0351,0.0351,0,0
35.77463056,72.92744611,0.0315,0.0315,0.0315,0,0
35.76064861,72.94068472,0.0504,0.0504,0.0504,0,0
35.77220111,72.94114389,0.0207,0.0207,0.0207,0,0
35.77410667,72.95923333,0.0054,0.0054,0.0054,0,0
35.77661861,72.96464917,0.0234,0.0234,0.0234,0,0
35.66714389,73.09712389,0.0306,0.0306,0.0306,0,0
35.67192861,73.09738278,0.0315,0.0315,0.0315,0,0
35.65846667,73.18844278,0.0144,0.0144,0.0144,0,0
35.68963889,73.21123417,0.0081,0.0081,0.0081,0,0
36.13154361,73.38269306,0.216,0.216,0.216,0,0
36.0495575,73.20251361,0.0135,0.0135,0.0135,0,0
36.05115333,73.19952444,0.0045,0.0045,0.0045,0,0
36.03256194,73.18436583,0.0063,0.0063,0.0063,0,0
36.04059861,73.18586833,0.0135,0.0135,0.0135,0,0
36.12122056,73.2378625,0.0117,0.0117,0.0117,0,0
36.13213611,73.24241389,0.0045,0.0045,0.0045,0,0
36.13250861,73.21924417,0.0189,0.0189,0.0189,0,0
36.10131028,72.94813083,0.0072,0.0072,0.0099,0.0027,9.00E-05
36.10653,72.94102167,0.0252,0.0252,0.0252,0,0
36.03289278,72.91798889,0.0171,0.0171,0.0171,0,0
36.03885333,72.92234444,0.0072,0.0072,0.0072,0,0
36.06895333,72.92349583,0.0135,0.0135,0.0135,0,0
35.90948778,72.95076806,0.0144,0.0144,0.0144,0,0
36.17389028,74.88233778,0.0423,0.0423,0.0423,0,0
35.35593139,76.07379389,0.0153,0.0153,0.0153,0,0
35.35739528,76.00341583,0.0306,0.0306,0.0306,0,0
35.3714475,75.948855,0.0225,0.0225,0.0225,0,0
35.14780861,72.73655417,0.0261,0.0261,0.0261,0,0
36.36579722,73.55319639,0.0072,0.0072,0.0072,0,0
36.37340611,73.55903306,0.0063,0.0063,0.0063,0,0
36.33155944,73.511245,0.0063,0.0063,0.0063,0,0
36.34778389,73.52376556,0.0297,0.0297,0.0297,0,0
36.35275056,73.5211525,0.0081,0.0081,0.0081,0,0
36.35323139,73.51973833,0.0153,0.0153,0.0153,0,0
36.34260778,73.57233861,0.0171,0.0171,0.0171,0,0
36.34416417,73.59340694,0.0126,0.0126,0.0126,0,0
36.34802722,73.55570722,0.0207,0.0207,0.0207,0,0
36.43035306,74.86218861,0.1071,0.1071,0.1071,0,0
35.65189472,73.26559111,0.2493,0.2493,0.2493,0,0
35.65141917,73.06573944,0.0054,0.0054,0.0054,0,0
35.66365722,73.11260806,0.018,0.018,0.018,0,0
35.78924944,73.20792528,0.009,0.009,0.009,0,0
35.79233361,73.21596944,0.0117,0.0117,0.0117,0,0
35.96754056,73.44411083,0.0063,0.0063,0.0063,0,0
35.94005722,73.45353417,0.0054,0.0054,0.0054,0,0
35.93402111,73.38417667,0.0225,0.0225,0.0225,0,0
35.94247194,73.40483528,0.0126,0.0126,0.0126,0,0
35.94484361,73.40887389,0.0126,0.0126,0.0126,0,0
35.96130444,73.44700722,0.0072,0.0072,0.0072,0,0
35.9113825,73.46705833,0.0054,0.0054,0.0054,0,0
35.92808556,73.47193528,0.0099,0.0099,0.0099,0,0
35.88792417,73.49764417,0.0108,0.0108,0.0108,0,0
35.3428275,76.30190389,0.0162,0.0162,0.0162,0,0
35.55825056,76.32099833,0.0153,0.0153,0.0153,0,0
36.54732778,75.34448306,0.0351,0.0351,0.0351,0,0
36.06808944,73.74017694,0.0054,0.0054,0.0054,0,0
36.07735556,73.75061889,0.0126,0.0126,0.0126,0,0
36.03310556,73.78335528,0.0045,0.0045,0.0045,0,0
35.629835,73.33850611,0.0135,0.0135,0.0135,0,0
35.70477972,73.13960722,0.0054,0.0054,0.0054,0,0
35.70980528,73.14106528,0.0135,0.0135,0.0135,0,0
35.80904667,73.15200722,0.0054,0.0054,0.0054,0,0
35.81920556,73.13756139,0.0243,0.0243,0.0243,0,0
35.86920667,73.06931111,0.0189,0.0189,0.0189,0,0
35.87696667,73.07419806,0.0198,0.0198,0.0198,0,0
35.79865028,73.00633778,0.0144,0.0144,0.0144,0,0
35.77883917,72.92668306,0.0855,0.0855,0.0855,0,0
35.57523806,73.08798722,0.0261,0.0261,0.0261,0,0
35.59142972,73.10893861,0.0153,0.0153,0.0153,0,0
35.56197139,73.06696639,0.0243,0.0243,0.0243,0,0
35.64876417,73.06183417,0.0369,0.0369,0.0369,0,0
35.93613028,73.01580833,0.0171,0.0171,0.0171,0,0
35.84853194,73.88043278,0.0063,0.0063,0.0063,0,0
35.83283583,73.88446833,0.0045,0.0045,0.0045,0,0
35.83509806,73.88730417,0.0054,0.0054,0.0054,0,0
35.82291611,73.98275972,0.0063,0.0063,0.0063,0,0
35.88787333,73.75224472,0.009,0.009,0.009,0,0
35.89525667,73.76382556,0.0081,0.0081,0.0081,0,0
35.9602625,73.77308889,0.0081,0.0081,0.0081,0,0
36.18868806,73.35891611,0.0342,0.0342,0.0342,0,0
35.55648306,72.78991778,0.0198,0.0198,0.0198,0,0
35.78756444,73.07278972,0.0126,0.0126,0.0126,0,0
35.77622472,73.09944694,0.0099,0.0099,0.0099,0,0
35.83923028,73.03347861,0.0072,0.0072,0.009,0.0018,6.00E-05
35.748965,73.250585,0.0081,0.0081,0.0081,0,0
35.79601917,74.20623111,0.0054,0.0054,0.0054,0,0
35.95041444,74.01173028,0.0225,0.0225,0.0225,0,0
36.08723417,72.56870639,0.0747,0.0747,0.0747,0,0
36.64430944,73.64586194,1.0701,1.0701,1.0701,0,0
35.29450278,76.09075361,0.0063,0.0063,0.0063,0,0
35.65493333,73.32476639,0.0198,0.0198,0.0198,0,0
35.80282889,73.81264139,0.009,0.009,0.009,0,0
35.79475583,73.190955,0.009,0.009,0.009,0,0
35.817415,73.0859475,0.0045,0.0045,0.0045,0,0
35.81157306,73.03380694,0.0081,0.0081,0.0081,0,0
35.82956778,73.04250917,0.0072,0.0072,0.0072,0,0
35.88171333,73.05410306,0.0072,0.0072,0.0072,0,0
35.87621917,73.09515,0.0081,0.0081,0.0081,0,0
35.86052861,73.0834825,0.0054,0.0054,0.0054,0,0
35.86784472,73.13015361,0.0063,0.0063,0.0063,0,0
35.92430528,73.11243333,0.009,0.009,0.009,0,0
35.92625694,73.07020444,0.0081,0.0081,0.0081,0,0
35.92414056,73.0731375,0.0216,0.0216,0.0216,0,0
37.45306972,75.14736778,0.027,0.027,0.027,0,0
37.49561417,75.11692139,0.0153,0.0153,0.0153,0,0
37.50733667,75.13769583,0.0387,0.0387,0.0387,0,0
38.00073,75.36000222,0.0504,0.0504,0.0504,0,0
38.11937667,75.43551611,0.126,0.126,0.1512,0.0252,0.00084
38.10097667,75.47538083,0.0117,0.0117,0.0117,0,0
38.08640361,75.37221806,0.0063,0.0063,0.0063,0,0
38.06138611,75.38876583,0.0666,0.0666,0.0666,0,0
38.11557583,75.33019806,0.0081,0.0081,0.0081,0,0
36.19174722,73.63476917,0.0063,0.0063,0.0063,0,0
38.38829306,75.34863139,0.0657,0.0657,0.0657,0,0
38.36834306,75.39212861,0.0324,0.0324,0.0324,0,0
38.17525361,75.34904333,0.1359,0.1359,0.1359,0,0
38.17836333,75.35902889,0.0405,0.0405,0.0405,0,0
38.18855722,75.36128556,0.0378,0.0378,0.0378,0,0
38.19135639,75.37189389,0.0351,0.0351,0.0171,-0.018,-0.0006
35.89353806,74.8860925,0.0297,0.0297,0.0297,0,0
38.35514083,75.37111278,0.0072,0.0072,0.0072,0,0
39.09232806,74.04366806,0.0153,0.0153,0.0153,0,0
39.1687125,73.71754444,0.1323,0.1323,0.1323,0,0
39.19622194,73.6943,0.4932,0.4932,0.4932,0,0
39.21221306,73.68255306,1.0566,1.0566,1.0566,0,0
38.47908417,75.34815278,0.027,0.027,0.027,0,0
37.43116417,75.16925278,0.0045,0.0045,0.0045,0,0
37.59640056,75.11748,0.0126,0.0126,0.0126,0,0
37.65656306,75.04367833,0.0405,0.0405,0.0405,0,0
37.10655111,74.66998444,0.018,0.018,0.018,0,0
37.07470806,74.57897833,0.099,0.099,0.099,0,0
37.20378944,75.02163667,0.0081,0.0081,0.0081,0,0
37.25328111,74.92573639,0.0063,0.0063,0.0063,0,0
37.3786625,75.22329361,0.0774,0.0774,0.0774,0,0
37.45073972,75.15286833,0.0099,0.0099,0.0099,0,0
35.93434889,72.93026778,0.0099,0.0099,0.0099,0,0
35.89384333,72.80156806,0.0081,0.0081,0.0081,0,0
36.26241722,73.02996528,0.0225,0.0225,0.0225,0,0
36.26463611,73.05982917,0.009,0.009,0.009,0,0
35.12018389,75.16330472,0.0081,0.0081,0.0081,0,0
35.5467525,76.69725972,0.0126,0.0126,0.0126,0,0
35.85619583,72.92693028,0.0225,0.0225,0.0225,0,0
35.70870917,73.06399194,0.0306,0.0306,0.0306,0,0
38.21686083,75.42869167,0.0207,0.0207,0.0207,0,0
34.66212861,75.34050722,0.0099,0.0099,0.0099,0,0
36.24751694,73.137005,0.0324,0.0324,0.0324,0,0
36.28801083,73.15792139,0.018,0.018,0.018,0,0
37.50485667,75.08214111,0.0486,0.0486,0.0486,0,0
35.07140111,76.60346472,0.0144,0.0144,0.0144,0,0
35.30880472,76.09064139,0.0693,0.0693,0.0693,0,0
36.56178861,73.59526583,0.0216,0.0216,0.0216,0,0
36.01033139,73.55868083,0.2142,0.2142,0.2142,0,0
36.01027694,73.53504778,0.0126,0.0126,0.0126,0,0
36.03762,73.564885,0.0072,0.0072,0.0072,0,0
35.89799528,73.27613083,0.0099,0.0099,0.0099,0,0
35.95510667,73.385945,0.0144,0.0144,0.0144,0,0
36.0001175,73.31218972,0.1197,0.1197,0.1197,0,0
35.93931667,73.24359028,0.0081,0.0081,0.0081,0,0
35.97817611,73.31140333,0.0135,0.0135,0.0135,0,0
35.98087028,73.31132389,0.0054,0.0054,0.0054,0,0
36.00244333,73.25037306,0.009,0.009,0.009,0,0
35.94031611,73.19153361,0.009,0.009,0.009,0,0
35.946895,73.16396194,0.0072,0.0072,0.0072,0,0
35.9107625,73.16425722,0.0072,0.0072,0.0072,0,0
35.92685528,73.18662,0.0072,0.0072,0.0072,0,0
35.87671139,72.87367917,0.0135,0.0135,0.0135,0,0
35.89517167,72.91929361,0.0072,0.0072,0.0072,0,0
36.87859056,73.68526583,0.018,0.018,0.018,0,0
35.25203944,72.80667528,0.0171,0.0171,0.0171,0,0
35.78880194,72.93315167,0.0117,0.0117,0.0117,0,0
35.79909,72.92056694,0.3546,0.3546,0.3546,0,0
35.84503611,73.45087333,0.0063,0.0063,0.0063,0,0
35.94629472,73.6889625,0.0045,0.0045,0.0045,0,0
36.52916472,74.24962944,0.0279,0.0279,0.0279,0,0
36.65862556,74.14512417,0.009,0.009,0.009,0,0
36.35925167,73.51716583,0.0081,0.0081,0.0081,0,0
36.33583833,73.52033944,0.0054,0.0054,0.0054,0,0
36.35554333,73.59680833,0.0063,0.0063,0.0063,0,0
36.26087194,73.00678639,0.0261,0.0261,0.0261,0,0
36.238525,73.04705167,0.0081,0.0081,0.0081,0,0
35.99474444,73.58595889,0.0081,0.0081,0.0081,0,0
36.00003139,73.61411806,0.0063,0.0063,0.0063,0,0
36.00369944,73.65116639,0.0054,0.0054,0.0054,0,0
36.997775,75.20026472,0.010802,0.010802,0.0126,0.001798,5.99E-05
37.00203139,75.1962175,0.0198,0.0198,0.0252,0.0054,0.00018
37.44980083,75.53150639,0.0477,0.0477,0.0477,0,0
38.18520944,75.56127333,0.0126,0.0126,0.0126,0,0
38.19913278,75.48338472,0.0243,0.0243,0.0243,0,0
38.22777944,75.47638972,0.0117,0.0117,0.0117,0,0
38.22819333,75.48622,0.0171,0.0171,0.0171,0,0
39.07407111,73.78402694,0.3654,0.3654,0.3654,0,0
39.14610194,73.833635,0.9612,0.9612,0.9612,0,0
34.93798361,75.73459306,0.0045,0.0045,0.0045,0,0
34.92047361,74.95182833,0.0072,0.0072,0.0072,0,0
38.15711611,75.33792917,0.1053,0.1053,0.1053,0,0
38.23564917,75.23363028,0.0342,0.0342,0.0342,0,0
37.77531528,75.08902556,0.0081,0.0081,0.0081,0,0
37.85845861,74.92987056,0.0531,0.0531,0.0531,0,0
36.87952806,73.70375667,2.4669,2.4669,2.4669,0,0
35.00711611,76.66873417,0.018,0.018,0.018,0,0
35.05510472,76.75834083,0.018,0.018,0.018,0,0
35.08452,76.64258417,0.0216,0.0216,0.0216,0,0
35.09268056,73.65778389,0.0081,0.0081,0.0081,0,0
36.67661944,73.7293375,0.0153,0.0153,0.0153,0,0
35.47724361,77.08018194,0.054,0.054,0.054,0,0
35.32465306,76.081545,0.0081,0.0081,0.0081,0,0
35.30551333,76.06758472,0.0198,0.0198,0.0198,0,0
35.3374925,76.03799583,0.009,0.009,0.009,0,0
35.75258,76.17765083,0.0198,0.0198,0.0198,0,0
35.82112139,75.75155472,0.0099,0.0099,0.0099,0,0
35.85528139,75.70634139,0.0108,0.0108,0.0108,0,0
35.82919722,75.15551972,0.0252,0.0252,0.0252,0,0
35.88922361,75.18809639,0.0099,0.0099,0.0099,0,0
36.87564278,75.49029722,0.0279,0.0279,0.0279,0,0
36.94313111,75.49459472,0.0135,0.0135,0.0135,0,0
35.36221972,73.3870925,0.0351,0.0351,0.0351,0,0
35.36243194,73.37668694,0.0594,0.0594,0.0594,0,0
35.36584361,73.47456611,0.0063,0.0063,0.0063,0,0
35.36634361,73.42287083,0.0369,0.0369,0.0369,0,0
35.37196972,73.49564083,0.0891,0.0891,0.0891,0,0
35.36994167,73.42120361,0.0783,0.0783,0.0783,0,0
35.3791975,73.39500722,0.0441,0.0441,0.0441,0,0
35.38071972,73.37894556,0.027,0.027,0.027,0,0
35.38205444,73.38127722,0.0243,0.0243,0.0243,0,0
35.38539222,73.38709167,0.0378,0.0378,0.0378,0,0
35.38710972,73.38314444,0.018,0.018,0.018,0,0
34.92859778,73.22066222,0.0216,0.0216,0.0216,0,0
34.94926639,73.21043278,0.0099,0.0099,0.0099,0,0
34.96226361,73.16682222,0.0189,0.0189,0.0189,0,0
34.96491972,73.16041944,0.0099,0.0099,0.0099,0,0
34.96919667,73.16854472,0.0171,0.0171,0.0171,0,0
35.34603472,73.54197306,0.0234,0.0234,0.0234,0,0
35.3476875,73.57735444,0.0162,0.0162,0.0162,0,0
35.35082389,73.5500025,0.0252,0.0252,0.0252,0,0
35.35111139,73.41689472,0.0333,0.0333,0.0333,0,0
35.35052167,73.39684833,0.009,0.009,0.009,0,0
35.35639944,73.69254806,0.0558,0.0558,0.0558,0,0
35.35381306,73.401155,0.108,0.108,0.108,0,0
35.35443806,73.38762583,0.027,0.027,0.027,0,0
35.35795778,73.47327639,0.1026,0.1026,0.1026,0,0
35.35568167,73.39318528,0.063,0.063,0.063,0,0
35.35701917,73.36730611,0.0603,0.0603,0.0603,0,0
35.35755361,73.38217306,0.0324,0.0324,0.0324,0,0
35.35895028,73.38491944,0.0144,0.0144,0.0144,0,0
35.36022806,73.40474556,0.0621,0.0621,0.0621,0,0
35.36172056,73.50909861,0.0594,0.0594,0.0594,0,0
35.3624325,73.46875778,0.0612,0.0612,0.0612,0,0
35.33561611,73.67113806,0.0198,0.0198,0.0198,0,0
35.33815944,73.52376333,0.1521,0.1521,0.1521,0,0
35.33420111,73.33585861,0.0261,0.0261,0.0261,0,0
35.33840056,73.67240472,0.0135,0.0135,0.0135,0,0
35.33812611,73.64471944,0.0099,0.0099,0.0099,0,0
35.33647944,73.41907583,0.0108,0.0108,0.0108,0,0
35.33914417,73.43836056,0.0783,0.0783,0.0783,0,0
35.33888611,73.41926722,0.0162,0.0162,0.0162,0,0
35.3451475,73.70003944,0.0324,0.0324,0.0324,0,0
35.34443556,73.54612778,0.1044,0.1044,0.1044,0,0
35.34370722,73.55345444,0.0099,0.0099,0.0099,0,0
35.34562389,73.69544667,0.0081,0.0081,0.0081,0,0
35.3459925,73.6823275,0.0234,0.0234,0.0234,0,0
35.34516417,73.566205,0.0666,0.0666,0.0666,0,0
35.34283639,73.42951528,0.0081,0.0081,0.0081,0,0
35.34619611,73.51416167,0.0495,0.0495,0.0495,0,0
35.25718417,73.80396778,0.0117,0.0117,0.0117,0,0
35.25839167,73.66176722,0.0297,0.0297,0.0297,0,0
35.28239639,73.71921833,0.0216,0.0216,0.0216,0,0
35.28494611,73.71277889,0.0378,0.0378,0.0378,0,0
35.29309361,73.701095,0.0252,0.0252,0.0252,0,0
35.30508972,73.69812056,0.0792,0.0792,0.0792,0,0
35.30770917,73.60422639,0.0243,0.0243,0.0243,0,0
35.30755111,73.44897861,0.0945,0.0945,0.0945,0,0
35.31677361,73.47829806,0.027,0.027,0.027,0,0
35.32484833,73.65053306,0.0072,0.0072,0.0072,0,0
35.32566944,73.52019111,0.0225,0.0225,0.0225,0,0
35.3293025,73.59341917,0.0117,0.0117,0.0117,0,0
35.33191833,73.54029694,0.1323,0.1323,0.1323,0,0
35.33161306,73.58836639,0.0225,0.0225,0.0225,0,0
35.33228667,73.48529472,0.0594,0.0594,0.0594,0,0
35.33469528,73.68244944,0.0315,0.0315,0.0315,0,0
35.23975778,73.73272639,0.081,0.081,0.081,0,0
35.23981583,73.741305,0.0324,0.0324,0.0324,0,0
35.23891694,73.63084417,0.0108,0.0108,0.0108,0,0
35.24200944,73.73478667,0.0054,0.0054,0.0054,0,0
35.24246444,73.72055361,0.0306,0.0306,0.0306,0,0
35.24165194,73.64529083,0.0225,0.0225,0.0225,0,0
35.243005,73.74345806,0.0117,0.0117,0.0117,0,0
35.24372306,73.7388025,0.0225,0.0225,0.0225,0,0
35.24367806,73.69258361,0.0963,0.0963,0.0963,0,0
35.24337139,73.72282528,0.0063,0.0063,0.0063,0,0
35.24758528,73.79910889,0.1656,0.1656,0.1656,0,0
35.24597972,73.72648194,0.0072,0.0072,0.0072,0,0
35.24874778,73.70170639,0.0675,0.0675,0.0675,0,0
35.25034361,73.77972833,0.0387,0.0387,0.0387,0,0
35.24862389,73.63870028,0.0378,0.0378,0.0378,0,0
35.24874889,73.61235444,0.0477,0.0477,0.0477,0,0
35.41540361,73.51844917,0.0126,0.0126,0.0126,0,0
35.416615,73.51112139,0.0198,0.0198,0.0198,0,0
35.20365472,73.62998528,0.0225,0.0225,0.0225,0,0
35.20831139,73.78231778,0.054,0.054,0.054,0,0
35.21108806,73.73955139,0.018,0.018,0.018,0,0
35.21243972,73.77908111,0.0072,0.0072,0.0072,0,0
35.21284444,73.65067694,0.0513,0.0513,0.0513,0,0
35.21706833,73.64906944,0.1053,0.1053,0.1053,0,0
35.22057833,73.61975639,0.1305,0.1305,0.1305,0,0
35.22564833,73.74814417,0.0108,0.0108,0.0108,0,0
35.22581861,73.62665722,0.0063,0.0063,0.0063,0,0
35.22910778,73.75412389,0.0441,0.0441,0.0441,0,0
35.23216056,73.7699175,0.018,0.018,0.018,0,0
35.23362667,73.83304194,0.0639,0.0639,0.0639,0,0
35.23430917,73.63541778,0.1521,0.1521,0.1521,0,0
35.23397333,73.67474611,0.0108,0.0108,0.0108,0,0
35.03734556,73.83150222,0.0189,0.0189,0.0189,0,0
35.03982222,73.82750833,0.0108,0.0108,0.0108,0,0
35.03877611,73.70303306,0.0135,0.0135,0.0135,0,0
35.06870278,73.52629111,0.0468,0.0468,0.0468,0,0
35.08001972,73.70566583,0.0117,0.0117,0.0117,0,0
35.12964694,73.56170333,0.0189,0.0189,0.0189,0,0
35.13061111,73.55155417,0.018,0.018,0.018,0,0
35.13754722,73.93257333,0.0234,0.0234,0.0234,0,0
35.14121306,73.65508861,0.027,0.027,0.027,0,0
35.14308056,73.53923639,0.0612,0.0612,0.0612,0,0
35.15533111,74.07046917,0.0432,0.0432,0.0432,0,0
35.1558625,73.88078028,0.0153,0.0153,0.0153,0,0
35.15789083,74.07007639,0.0126,0.0126,0.0126,0,0
35.15470111,73.57855611,0.0279,0.0279,0.0279,0,0
35.16008472,74.06642833,0.009,0.009,0.009,0,0
35.16444111,73.54299972,0.018,0.018,0.018,0,0
35.32343778,75.182775,0.0171,0.0171,0.0171,0,0
35.33034167,74.78554,0.1566,0.1566,0.1566,0,0
35.32928722,75.18223111,0.0135,0.0135,0.0135,0,0
35.33194139,74.94112611,0.1116,0.1116,0.1116,0,0
35.33086833,74.95258806,0.0252,0.0252,0.0252,0,0
35.36733583,75.27437722,0.018,0.018,0.018,0,0
35.3715425,75.09235972,0.0306,0.0306,0.0306,0,0
35.37577667,75.09055306,0.0279,0.0279,0.0279,0,0
35.39185833,75.09576833,0.0063,0.0063,0.0063,0,0
35.40369333,75.27977583,0.0558,0.0558,0.0558,0,0
35.40864278,75.09454611,0.0144,0.0144,0.0144,0,0
35.4261725,75.0367525,0.0072,0.0072,0.0072,0,0
35.42796139,75.04588306,0.0297,0.0297,0.0297,0,0
35.4477375,74.70930778,0.0207,0.0207,0.0207,0,0
35.46446444,74.96231667,0.0207,0.0207,0.0207,0,0
35.01987056,73.80677222,0.1413,0.1413,0.1413,0,0
35.25721778,75.16083083,0.0108,0.0108,0.0108,0,0
35.25932639,75.42703528,0.0243,0.0243,0.0243,0,0
35.26352139,75.19331861,0.2043,0.2043,0.2043,0,0
35.269005,74.97169611,0.0189,0.0189,0.0189,0,0
35.27107861,75.07040444,0.0414,0.0414,0.0414,0,0
35.27164222,75.16289333,0.045,0.045,0.045,0,0
35.27618694,75.07459528,0.0225,0.0225,0.0225,0,0
35.27847167,75.20777083,0.0315,0.0315,0.0315,0,0
35.28149806,75.20578278,0.036,0.036,0.036,0,0
35.28274389,75.15467333,0.0279,0.0279,0.0279,0,0
35.28469556,75.06961889,0.0117,0.0117,0.0117,0,0
35.28774583,75.00171833,0.0072,0.0072,0.0072,0,0
35.29556806,75.15327361,0.009,0.009,0.009,0,0
35.29838778,75.16279611,0.0207,0.0207,0.0207,0,0
35.30236222,75.15943,0.0099,0.0099,0.0099,0,0
35.3145525,74.93505444,0.0819,0.0819,0.0819,0,0
35.21316972,75.22134528,0.0144,0.0144,0.0144,0,0
35.21987778,75.22344444,0.0225,0.0225,0.0225,0,0
35.22090139,75.47659889,0.0423,0.0423,0.0423,0,0
35.22377167,75.34579194,0.0315,0.0315,0.0315,0,0
35.22787528,75.21382333,0.0279,0.0279,0.0279,0,0
35.22859778,75.21706056,0.0423,0.0423,0.0423,0,0
35.22837361,75.15275167,0.0081,0.0081,0.0081,0,0
35.23062361,75.18232056,0.1134,0.1134,0.1134,0,0
35.23186278,75.25051222,0.0072,0.0072,0.0072,0,0
35.232065,75.23966028,0.0108,0.0108,0.0108,0,0
35.23523833,75.17716278,0.0351,0.0351,0.0351,0,0
35.24687,75.10902778,0.009,0.009,0.009,0,0
35.24890194,75.16573333,0.018,0.018,0.018,0,0
35.24880083,75.14998694,0.018,0.018,0.018,0,0
35.25374889,75.11094667,0.0099,0.0099,0.0099,0,0
35.25543,75.29588917,0.0144,0.0144,0.0144,0,0
35.17774222,75.35334833,0.0495,0.0495,0.0495,0,0
35.18238333,75.42229861,0.1395,0.1395,0.1395,0,0
35.18331139,75.41610917,0.0153,0.0153,0.0153,0,0
35.18522472,75.3427125,0.0252,0.0252,0.0252,0,0
35.1851725,75.27590528,0.0171,0.0171,0.0171,0,0
35.1880225,75.32841778,0.0216,0.0216,0.0216,0,0
35.18805917,75.45268361,0.0279,0.0279,0.0279,0,0
35.19833694,75.24687278,0.0117,0.0117,0.0117,0,0
35.20127889,75.18401,0.0099,0.0099,0.0099,0,0
35.20279333,75.24856194,0.0369,0.0369,0.0369,0,0
35.2038825,75.23010222,0.0108,0.0108,0.0108,0,0
35.20672889,75.33407778,0.0324,0.0324,0.0324,0,0
35.20729528,75.36877472,0.0315,0.0315,0.0315,0,0
35.2111225,75.26366583,0.0135,0.0135,0.0135,0,0
35.21216944,75.21794083,0.0135,0.0135,0.0135,0,0
35.21272111,75.33549389,0.0162,0.0162,0.0162,0,0
35.12464,75.65493806,0.0351,0.0351,0.0351,0,0
35.12559389,75.6293075,0.063,0.063,0.063,0,0
35.12648889,75.1452075,0.0378,0.0378,0.0378,0,0
35.12632611,75.37507194,0.0081,0.0081,0.0081,0,0
35.12809778,75.26122472,0.0153,0.0153,0.0153,0,0
35.165945,75.13315361,0.0198,0.0198,0.0198,0,0
35.16633056,75.38043472,0.027,0.027,0.027,0,0
35.16581139,75.53806167,0.0171,0.0171,0.0171,0,0
35.16872222,75.0980125,0.0549,0.0549,0.0549,0,0
35.16908361,75.37736139,0.0477,0.0477,0.0477,0,0
35.1691975,75.29645389,0.0117,0.0117,0.0117,0,0
35.17153944,75.52071389,0.1224,0.1224,0.1224,0,0
35.17181528,75.50703806,0.0405,0.0405,0.0405,0,0
35.17325306,75.33357611,0.0684,0.0684,0.0684,0,0
35.17334694,75.39628972,0.036,0.036,0.036,0,0
35.17440639,75.31261861,0.0099,0.0099,0.0099,0,0
35.10395278,74.92716167,0.0252,0.0252,0.0252,0,0
35.1046825,75.19802972,0.0189,0.0189,0.0189,0,0
35.10486333,75.331955,0.0288,0.0288,0.0288,0,0
35.10482917,75.22472889,0.0126,0.0126,0.0126,0,0
35.10531083,74.90671556,0.0063,0.0063,0.0063,0,0
35.10774194,75.65668083,0.0126,0.0126,0.0126,0,0
35.11238972,75.21215667,0.0171,0.0171,0.0171,0,0
35.11416583,75.27163278,0.0216,0.0216,0.0216,0,0
35.1137375,75.66272056,0.063,0.063,0.063,0,0
35.11430333,75.34204472,0.0072,0.0072,0.0072,0,0
35.1190875,75.22799667,0.1539,0.1539,0.1539,0,0
35.11988,75.13603417,0.0396,0.0396,0.0396,0,0
35.11944556,75.63097583,0.0387,0.0387,0.0387,0,0
35.12145222,75.14191694,0.018,0.018,0.018,0,0
35.12276028,74.90582361,0.0099,0.0099,0.0099,0,0
35.1237425,75.36950694,0.0306,0.0306,0.0306,0,0
35.07633861,75.64672167,0.0135,0.0135,0.0135,0,0
35.08022028,74.95946806,0.2655,0.2655,0.2655,0,0
35.08414944,75.18122889,0.018,0.018,0.018,0,0
35.08359389,75.66127111,0.0243,0.0243,0.0243,0,0
35.08691778,74.94290194,0.0207,0.0207,0.0207,0,0
35.08950361,74.9473775,0.0081,0.0081,0.0081,0,0
35.08788,74.1983325,0.0315,0.0315,0.0315,0,0
35.09572861,75.57917194,0.1188,0.1188,0.1188,0,0
35.09489167,75.642425,0.0126,0.0126,0.0126,0,0
35.09711389,74.93484222,0.0774,0.0774,0.0774,0,0
35.09630222,75.33518083,0.0198,0.0198,0.0198,0,0
35.09498694,75.64992528,0.0063,0.0063,0.0063,0,0
35.09745028,75.33988778,0.0063,0.0063,0.0063,0,0
35.10126389,74.97602333,0.0675,0.0675,0.0675,0,0
35.10116806,74.92333167,0.0144,0.0144,0.0144,0,0
35.10205056,75.2329975,0.0522,0.0522,0.0522,0,0
35.02330917,75.57138528,0.0252,0.0252,0.0252,0,0
35.0272375,75.72518139,0.1179,0.1179,0.1179,0,0
35.02696583,75.71660611,0.0144,0.0144,0.0144,0,0
35.02979472,75.70761722,0.0225,0.0225,0.0225,0,0
35.03344222,74.64276611,0.0054,0.0054,0.0054,0,0
35.036855,75.60144056,0.0099,0.0099,0.0099,0,0
35.03955139,75.72740972,0.009,0.009,0.009,0,0
35.04434722,74.63470333,0.0135,0.0135,0.0135,0,0
35.04465306,75.72476694,0.0324,0.0324,0.0324,0,0
35.04885667,75.198085,0.1206,0.1206,0.1206,0,0
35.04853639,75.23774278,0.0441,0.0441,0.0441,0,0
35.05008417,75.231205,0.0162,0.0162,0.0162,0,0
35.05639889,75.2387425,0.0126,0.0126,0.0126,0,0
35.06052833,74.98078083,0.0144,0.0144,0.0144,0,0
35.06706028,75.2313,0.0252,0.0252,0.0252,0,0
35.07447111,74.95798333,0.0864,0.0864,0.0864,0,0
34.99013083,75.61706139,0.0108,0.0108,0.0108,0,0
34.99492694,74.73972361,0.0126,0.0126,0.0126,0,0
34.99444583,75.75350806,0.0279,0.0279,0.0279,0,0
34.99674083,75.70707611,0.0576,0.0576,0.0576,0,0
35.00069806,75.77035333,0.0351,0.0351,0.0351,0,0
35.00323222,75.72912361,0.0207,0.0207,0.0207,0,0
35.00407972,75.69520778,0.0216,0.0216,0.0216,0,0
35.00466806,75.766725,0.1134,0.1134,0.1134,0,0
35.00538722,75.70659472,0.0189,0.0189,0.0189,0,0
35.00734361,74.58899611,0.0351,0.0351,0.0351,0,0
35.01154167,74.93731611,0.0675,0.0675,0.0675,0,0
35.00935806,75.69266333,0.0108,0.0108,0.0108,0,0
35.01342389,74.91680472,0.0387,0.0387,0.0387,0,0
35.01317639,75.27962528,0.0243,0.0243,0.0243,0,0
35.01279,75.53731306,0.0081,0.0081,0.0081,0,0
35.01762611,75.67154306,0.0333,0.0333,0.0333,0,0
34.94926944,75.6007325,0.0135,0.0135,0.0135,0,0
34.95011139,75.60554667,0.009,0.009,0.009,0,0
34.95087778,75.72900194,0.0603,0.0603,0.0603,0,0
34.95172083,75.87850139,0.0063,0.0063,0.0063,0,0
34.954775,75.73745472,0.0504,0.0504,0.0504,0,0
34.9559925,75.72604778,0.0207,0.0207,0.0207,0,0
34.96165556,75.53191333,0.0648,0.0648,0.0648,0,0
34.96165333,75.65191389,0.1053,0.1053,0.1053,0,0
34.96317917,75.05251472,0.0171,0.0171,0.0171,0,0
34.96220194,75.60586556,0.018,0.018,0.018,0,0
34.96255778,75.73397111,0.0711,0.0711,0.0711,0,0
34.96481194,75.54494528,0.144,0.144,0.144,0,0
34.96744556,75.77792056,0.0351,0.0351,0.0351,0,0
34.96861222,75.5323325,0.0162,0.0162,0.0162,0,0
34.96967667,75.51665611,0.0486,0.0486,0.0486,0,0
34.98932222,74.72645861,0.0432,0.0432,0.0432,0,0
34.9197225,75.14301694,0.0495,0.0495,0.0495,0,0
34.93146833,75.54459806,0.0189,0.0189,0.0189,0,0
34.93530472,75.54462472,0.072,0.072,0.072,0,0
34.93502611,75.63348611,0.0099,0.0099,0.0099,0,0
34.93834583,75.15503028,0.0171,0.0171,0.0171,0,0
34.93829722,75.70824583,0.0963,0.0963,0.0963,0,0
34.93999722,75.15517167,0.0099,0.0099,0.0099,0,0
34.94273472,74.72845472,0.0072,0.0072,0.0072,0,0
34.94605472,74.70461222,0.0306,0.0306,0.0306,0,0
34.94651333,75.59183056,0.2538,0.2538,0.2538,0,0
34.94476722,75.83454083,0.0459,0.0459,0.0459,0,0
34.94641861,74.67951389,0.0135,0.0135,0.0135,0,0
34.94434361,75.82276111,0.0207,0.0207,0.0207,0,0
34.94694306,74.72643972,0.0522,0.0522,0.0522,0,0
34.94671389,75.76231083,0.2574,0.2574,0.2574,0,0
34.94598111,75.84779111,0.0261,0.0261,0.0261,0,0
34.90837917,74.64131472,0.0063,0.0063,0.0063,0,0
34.90827194,75.68463306,0.0423,0.0423,0.0423,0,0
34.91132194,75.18527917,0.0171,0.0171,0.0171,0,0
34.91147667,74.65675972,0.0054,0.0054,0.0054,0,0
34.91368028,75.61700528,0.0819,0.0819,0.0819,0,0
34.91451722,74.63762861,0.0567,0.0567,0.0567,0,0
34.914375,75.5828825,0.0405,0.0405,0.0405,0,0
34.91434278,75.73941278,0.0153,0.0153,0.0153,0,0
34.916375,75.13284889,0.0108,0.0108,0.0108,0,0
34.91629778,75.55113139,0.0819,0.0819,0.0819,0,0
34.91663389,75.58635056,0.0153,0.0153,0.0153,0,0
34.91762667,74.671445,0.0216,0.0216,0.0216,0,0
34.91993306,75.18715694,0.1503,0.1503,0.1503,0,0
34.92041139,75.17701556,0.1467,0.1467,0.1467,0,0
34.91847861,75.76535694,0.1098,0.1098,0.1098,0,0
34.91588333,75.90465306,0.0162,0.0162,0.0162,0,0
34.88690667,75.69621389,0.0954,0.0954,0.0954,0,0
34.88566278,75.88572361,0.0189,0.0189,0.0189,0,0
34.88791778,75.89176722,0.1053,0.1053,0.1053,0,0
34.88885528,75.61744389,0.0351,0.0351,0.0351,0,0
34.89057306,75.66796667,0.0648,0.0648,0.0648,0,0
34.89171972,75.08874611,0.0243,0.0243,0.0243,0,0
34.89076306,75.71897139,0.0288,0.0288,0.0288,0,0
34.89300861,75.71220583,0.1845,0.1845,0.1845,0,0
34.89558694,75.07856944,0.0207,0.0207,0.0207,0,0
34.89549,75.6164475,0.1332,0.1332,0.1332,0,0
34.89435278,75.60333861,0.0081,0.0081,0.0081,0,0
34.89341444,75.89054417,0.0144,0.0144,0.0144,0,0
34.89874278,75.65133333,0.0153,0.0153,0.0153,0,0
34.90198889,75.91971806,0.027,0.027,0.027,0,0
34.90269389,75.91592778,0.0387,0.0387,0.0387,0,0
34.90907722,74.65500611,0.0486,0.0486,0.0486,0,0
34.86149639,74.80637861,0.0675,0.0675,0.0675,0,0
34.85853389,75.78163444,0.0216,0.0216,0.0216,0,0
34.85942972,75.89381389,0.045,0.045,0.045,0,0
34.86027889,75.66189028,0.0117,0.0117,0.0117,0,0
34.86083417,75.68818278,0.0261,0.0261,0.0261,0,0
34.863545,75.69093528,0.0315,0.0315,0.0315,0,0
34.86444833,75.73141944,0.0072,0.0072,0.0072,0,0
34.86704278,75.65864833,0.0342,0.0342,0.0342,0,0
34.86850694,75.70843833,0.0414,0.0414,0.0414,0,0
34.87250917,75.65244944,0.0693,0.0693,0.0693,0,0
34.87269944,75.71561694,0.1764,0.1764,0.1764,0,0
34.87780167,75.87036972,0.198,0.198,0.198,0,0
34.87962889,75.03326583,0.0144,0.0144,0.0144,0,0
34.88270861,75.67967306,0.1476,0.1476,0.1476,0,0
34.88358222,75.66773694,0.036,0.036,0.036,0,0
34.82905528,76.38098639,0.0261,0.0261,0.0261,0,0
34.83053083,76.30966167,0.0162,0.0162,0.0162,0,0
34.85608278,76.05231472,0.0261,0.0261,0.0261,0,0
34.84585278,75.70807556,0.0648,0.0648,0.0648,0,0
34.84621083,75.80937361,0.0099,0.0099,0.0099,0,0
34.84826528,75.88173444,0.0198,0.0198,0.0198,0,0
34.85085,75.81004833,0.036,0.036,0.036,0,0
34.85314917,74.79615167,0.0423,0.0423,0.0423,0,0
34.85411333,75.1482825,0.0198,0.0198,0.0198,0,0
34.85269028,75.78464,0.0378,0.0378,0.0378,0,0
34.85373667,75.68957083,0.0252,0.0252,0.0252,0,0
34.85590389,75.32450889,0.0117,0.0117,0.0117,0,0
34.85704833,74.99164944,0.0567,0.0567,0.0567,0,0
34.85568694,75.68913,0.009,0.009,0.009,0,0
34.85756806,75.87182056,0.072,0.072,0.072,0,0
34.85812556,75.68685306,0.0162,0.0162,0.0162,0,0
34.79547639,75.99157472,0.018,0.018,0.018,0,0
34.80587028,75.96132222,0.0504,0.0504,0.0504,0,0
34.80596083,76.38060806,0.0072,0.0072,0.0072,0,0
34.81212528,75.97839194,0.009,0.009,0.009,0,0
34.81042639,76.50177556,0.1332,0.1332,0.1332,0,0
34.81353056,76.51688,0.1836,0.1836,0.1836,0,0
34.81157472,76.35141,0.0243,0.0243,0.0243,0,0
34.81687639,75.95994056,0.0468,0.0468,0.0468,0,0
34.81402639,76.49485111,0.027,0.027,0.027,0,0
34.81673778,76.32813028,0.0324,0.0324,0.0324,0,0
34.81887833,76.03278,0.0144,0.0144,0.0144,0,0
34.81836333,76.40882583,0.0792,0.0792,0.0792,0,0
34.81815889,76.51213472,0.009,0.009,0.009,0,0
34.82097028,76.32605611,0.0171,0.0171,0.0171,0,0
34.82203639,76.31237278,0.0189,0.0189,0.0189,0,0
34.8278825,76.4555925,0.1746,0.1746,0.1746,0,0
34.64119806,75.33336667,0.0108,0.0108,0.0108,0,0
34.75066444,75.66564111,0.036,0.036,0.036,0,0
34.75461917,75.65977278,0.009,0.009,0.009,0,0
34.75628611,75.48403778,0.0081,0.0081,0.0081,0,0
34.7580425,75.50307833,0.0162,0.0162,0.0162,0,0
34.75903028,75.42956639,0.0162,0.0162,0.0162,0,0
34.75691389,75.83663083,0.0162,0.0162,0.0162,0,0
34.5340625,75.72046778,0.0387,0.0387,0.0387,0,0
35.07624472,75.67539972,0.0117,0.0117,0.0117,0,0
35.18967,75.3061425,0.0063,0.0063,0.0063,0,0
34.79569111,76.00133306,0.0369,0.0369,0.0369,0,0
36.03807778,73.21399833,0.0072,0.0072,0.0072,0,0
36.12599694,73.2387175,0.0063,0.0063,0.0063,0,0
36.0135275,73.33559278,0.0126,0.0126,0.0126,0,0
36.02556056,73.3322325,0.0054,0.0054,0.0054,0,0
35.0344075,73.81795611,0.0099,0.0099,0.0099,0,0
34.88545,74.93911944,0.013499,0.013499,0.013499,0,0
34.87855583,74.9490175,0.016199,0.016199,0.016199,0,0
34.50801917,75.63592694,0.009,0.009,0.009,0,0
34.50902917,75.80832778,0.0108,0.0108,0.0108,0,0
34.61227528,75.4001425,0.0837,0.0837,0.0837,0,0
34.61928306,75.39436556,0.036,0.036,0.036,0,0
34.62494639,75.35618333,0.0081,0.0081,0.0081,0,0
34.62659667,75.36011778,0.0126,0.0126,0.0126,0,0
34.64053417,75.22491333,0.0117,0.0117,0.0117,0,0
34.83130667,75.37511444,0.0135,0.0135,0.0135,0,0
34.831995,75.37118056,0.0189,0.0189,0.0189,0,0
34.83044361,75.93837083,0.018,0.018,0.018,0,0
34.83501667,75.36291583,0.0234,0.0234,0.0234,0,0
34.8467,74.77045472,0.0351,0.0351,0.0351,0,0
35.93036167,73.18749583,0.0216,0.0216,0.0216,0,0
35.93416667,73.29805528,0.0576,0.0576,0.0576,0,0
35.93461861,73.39239611,0.0324,0.0324,0.0324,0,0
35.93382806,73.33171639,0.0144,0.0144,0.0144,0,0
36.25201583,73.1230425,0.0045,0.0045,0.0045,0,0
35.86283861,73.86033528,0.0054,0.0054,0.0054,0,0
35.32330278,74.75322194,0.0072,0.0072,0.0072,0,0
38.15110528,75.33908944,0.0054,0.0054,0.0054,0,0
35.00406083,74.94060083,0.0072,0.0072,0.0072,0,0
35.95964833,73.24985639,0.0063,0.0063,0.0063,0,0
36.30164167,73.26339583,0.0054,0.0054,0.0054,0,0
34.77433222,75.86675028,0.0108,0.0108,0.0108,0,0
34.77848444,75.49226,0.0594,0.0594,0.0594,0,0
34.77549556,75.87116111,0.0108,0.0108,0.0108,0,0
34.78277722,75.82606222,0.0612,0.0612,0.0612,0,0
34.78327389,75.82160917,0.0288,0.0288,0.0288,0,0
34.79062778,75.51347833,0.081,0.081,0.081,0,0
34.79377528,75.83178611,0.0099,0.0099,0.0099,0,0
34.79668361,75.84819306,0.0279,0.0279,0.0279,0,0
34.80149472,75.84049972,0.0297,0.0297,0.0297,0,0
34.80290167,75.55241889,0.009,0.009,0.009,0,0
34.82497833,75.36248083,0.0405,0.0405,0.0405,0,0
34.82573167,75.59842861,0.0207,0.0207,0.0207,0,0
34.82747194,75.35015528,0.036,0.036,0.036,0,0
34.82527389,75.94049389,0.0639,0.0639,0.0639,0,0
34.82973389,75.36388944,0.0747,0.0747,0.0747,0,0
34.8298525,75.57441611,0.0126,0.0126,0.0126,0,0
34.91857083,74.913965,0.031497,0.031497,0.031497,0,0
34.90874194,74.92007528,0.032397,0.032397,0.032397,0,0
34.9178525,74.95524917,0.014399,0.014399,0.014399,0,0
34.91399472,74.94837556,0.017099,0.017099,0.017099,0,0
34.90522639,74.92016583,0.012599,0.012599,0.012599,0,0
34.90288778,74.9360225,0.025198,0.025198,0.025198,0,0
34.64143889,75.22894667,0.0108,0.0108,0.0108,0,0
34.64432722,75.21760083,0.027,0.027,0.027,0,0
34.64355111,75.41845861,0.0054,0.0054,0.0054,0,0
34.64731444,75.22140611,0.0243,0.0243,0.0243,0,0
34.648205,75.22880861,0.0342,0.0342,0.0342,0,0
34.71540722,75.66946722,0.0216,0.0216,0.0216,0,0
34.726885,75.56402167,0.0396,0.0396,0.0396,0,0
34.73437028,75.52197139,0.0225,0.0225,0.0225,0,0
34.74156806,75.50360028,0.0063,0.0063,0.0063,0,0
34.74413917,75.84535083,0.0117,0.0117,0.0117,0,0
35.08964,76.2172925,0.0117,0.0117,0.0117,0,0
35.09377556,76.28370306,0.0657,0.0657,0.0657,0,0
35.09644389,76.23347528,0.2151,0.2151,0.2151,0,0
35.09626167,76.199755,0.0495,0.0495,0.0495,0,0
35.09859861,76.28703806,0.0162,0.0162,0.0162,0,0
35.10293222,76.29073583,0.0108,0.0108,0.0108,0,0
34.97648028,74.62425611,0.0126,0.0126,0.0126,0,0
34.64457639,75.34392139,0.0063,0.0063,0.0063,0,0
34.84697083,75.16097194,0.025198,0.025198,0.025198,0,0
35.07348889,75.02340694,0.009,0.009,0.009,0,0
35.10265972,75.1971375,0.013499,0.013499,0.013499,0,0
35.06962222,75.22201889,0.008999,0.008999,0.008999,0,0
35.11784861,74.9246125,0.008999,0.008999,0.008999,0,0
35.09116806,75.19950111,0.013499,0.013499,0.013499,0,0
35.00103333,74.94135667,0.028798,0.028798,0.028798,0,0
35.00090667,74.98698139,0.013499,0.013499,0.013499,0,0
35.0191975,76.3706025,0.0756,0.0756,0.0756,0,0
35.0212625,76.31893,0.0459,0.0459,0.0459,0,0
35.02430361,76.35607472,0.0378,0.0378,0.0378,0,0
35.02439417,76.36323972,0.0108,0.0108,0.0108,0,0
35.02936833,76.32264972,0.0279,0.0279,0.0279,0,0
35.03706194,76.30797944,0.045,0.045,0.045,0,0
35.036415,76.35241222,0.0099,0.0099,0.0099,0,0
35.05227139,76.31480056,0.0639,0.0639,0.0639,0,0
35.05557722,76.26087889,0.1368,0.1368,0.1368,0,0
35.05956,76.31190056,0.0684,0.0684,0.0684,0,0
35.06445472,76.37744278,0.0972,0.0972,0.0972,0,0
35.07430028,76.29281583,0.1035,0.1035,0.1035,0,0
35.07317694,76.38083778,0.0288,0.0288,0.0288,0,0
35.0847975,76.3561225,0.063,0.063,0.063,0,0
35.08429472,76.34896167,0.036,0.036,0.036,0,0
35.09569861,76.24967417,0.2511,0.2511,0.2511,0,0
34.92151556,76.43176194,0.0054,0.0054,0.0054,0,0
34.92277306,76.425375,0.063,0.063,0.063,0,0
34.93114333,76.40284861,0.0234,0.0234,0.0234,0,0
34.94898806,76.39475972,0.063,0.063,0.063,0,0
34.95136222,76.39831056,0.0135,0.0135,0.0135,0,0
34.96258389,76.40101472,0.0144,0.0144,0.0144,0,0
34.97576889,76.3891425,0.0225,0.0225,0.0225,0,0
34.97978056,76.39925361,0.0279,0.0279,0.0279,0,0
34.98436806,76.3916275,0.0531,0.0531,0.0531,0,0
34.98433861,76.38085889,0.0441,0.0441,0.0441,0,0
34.98699333,76.38423861,0.0477,0.0477,0.0477,0,0
34.99908917,76.34552194,0.0099,0.0099,0.0099,0,0
35.00348528,76.30872667,0.0135,0.0135,0.0135,0,0
35.01035639,76.32010083,0.1467,0.1467,0.1467,0,0
35.01028306,76.30567,0.0198,0.0198,0.0198,0,0
35.01588639,76.30254583,0.0162,0.0162,0.0108,-0.0054,-0.00018
34.86658111,76.50096,0.0702,0.0702,0.0702,0,0
34.87490667,75.94719222,0.0243,0.0243,0.0243,0,0
34.87019111,76.50120139,0.0063,0.0063,0.0063,0,0
34.87146556,76.50421972,0.0153,0.0153,0.0153,0,0
34.87227194,76.41921111,0.0099,0.0099,0.0099,0,0
34.87871556,75.96220056,0.0396,0.0396,0.0396,0,0
34.88027333,76.42834444,0.0234,0.0234,0.0234,0,0
34.8874675,75.99069639,0.0378,0.0378,0.0378,0,0
34.9071475,76.01633361,0.1053,0.1053,0.1053,0,0
34.90599056,76.43284361,0.0234,0.0234,0.0234,0,0
34.91044611,76.04636722,0.018,0.018,0.018,0,0
34.91128944,76.02587722,0.0207,0.0207,0.0207,0,0
34.91389917,76.023365,0.0198,0.0198,0.0198,0,0
34.9109825,76.43557917,0.0099,0.0099,0.0099,0,0
34.91421,76.42318889,0.045,0.045,0.045,0,0
34.91453722,76.41554972,0.0054,0.0054,0.0054,0,0
34.78337667,76.50596056,0.0342,0.0342,0.0342,0,0
34.78392944,76.480035,0.0198,0.0198,0.0198,0,0
34.79303639,75.99718583,0.0387,0.0387,0.0387,0,0
34.79271111,75.98929583,0.0459,0.0459,0.0459,0,0
34.79227361,75.97869028,0.0072,0.0072,0.0072,0,0
34.78706167,76.53473667,0.0108,0.0108,0.0108,0,0
34.78935667,76.49161583,0.0738,0.0738,0.0738,0,0
34.85094028,76.51120972,0.0369,0.0369,0.0369,0,0
34.85277917,76.37255472,0.0135,0.0135,0.0135,0,0
34.85798694,75.94299917,0.1602,0.1602,0.1602,0,0
34.85772,75.99778972,0.0243,0.0243,0.0243,0,0
34.85509222,76.35037722,0.027,0.027,0.027,0,0
34.85680722,76.37355361,0.0225,0.0225,0.0225,0,0
34.85887806,76.35048306,0.027,0.027,0.027,0,0
34.85834194,76.47413611,0.0522,0.0522,0.0522,0,0
34.85857139,76.37484139,0.0072,0.0072,0.0072,0,0
34.82753278,75.19662583,0.0162,0.0162,0.0162,0,0
34.76193028,76.42578917,0.0711,0.0711,0.0711,0,0
34.76498417,76.49353389,0.0189,0.0189,0.0189,0,0
34.76471556,76.7105425,0.1251,0.1251,0.1251,0,0
34.76463556,76.56811028,0.0072,0.0072,0.0072,0,0
34.76905444,76.47425528,0.0504,0.0504,0.0504,0,0
34.76788417,76.58565944,0.0135,0.0135,0.0135,0,0
34.77147944,76.49955167,0.0945,0.0945,0.0945,0,0
34.76990583,76.48289861,0.0063,0.0063,0.0063,0,0
34.74094056,75.9621925,0.0684,0.0684,0.0684,0,0
34.76032361,75.96106306,0.0144,0.0144,0.0144,0,0
34.69924917,76.85631694,0.0252,0.0252,0.0252,0,0
34.7026075,76.79375361,0.018,0.018,0.018,0,0
34.71337861,76.80759833,0.0324,0.0324,0.0324,0,0
34.72679861,76.77690306,0.0324,0.0324,0.0324,0,0
34.73865472,76.0144575,0.009,0.009,0.009,0,0
34.74333806,75.98773972,0.0063,0.0063,0.0063,0,0
34.74750583,75.984965,0.0459,0.0459,0.0459,0,0
34.76206528,75.99978833,0.0297,0.0297,0.0297,0,0
34.75952583,76.54640861,0.0162,0.0162,0.0162,0,0
38.48043639,74.86580139,0.0234,0.0234,0.0234,0,0
36.09026889,73.24187111,0.0063,0.0063,0.0063,0,0
35.80602,73.48319639,0.0099,0.0099,0.0099,0,0
35.80845556,73.48331611,0.0054,0.0054,0.0054,0,0
35.18541139,73.94662722,0.0414,0.0414,0.0414,0,0
35.19514972,73.94545278,0.0045,0.0045,0.0045,0,0
35.03339111,76.31046167,0.023399,0.023399,0.023399,0,0
34.81474167,75.91845222,0.0081,0.0081,0.0081,0,0
34.72241111,75.94080167,0.0234,0.0234,0.0234,0,0
34.81017861,75.97705694,0.023399,0.023399,0.023399,0,0
34.75646167,75.97838,0.009,0.009,0.009,0,0
34.92331278,75.65570083,0.0054,0.0054,0.0054,0,0
34.93126056,75.61494278,0.0099,0.0099,0.0099,0,0
34.72093833,75.56075611,0.0081,0.0081,0.0081,0,0
34.79246306,75.43598861,0.0054,0.0054,0.0054,0,0
34.79870556,75.42599444,0.0243,0.0243,0.0243,0,0
34.70466583,75.66723778,0.0072,0.0072,0.0072,0,0
34.77649333,75.462735,0.0108,0.0108,0.0108,0,0
34.81300111,75.5003325,0.0108,0.0108,0.0108,0,0
34.81750417,75.53559028,0.0135,0.0135,0.0135,0,0
34.86402222,75.28172111,0.0144,0.0144,0.0144,0,0
34.85469444,75.33305417,0.063,0.063,0.063,0,0
34.86222306,75.33755167,0.0072,0.0072,0.0072,0,0
34.82129889,75.32766611,0.009,0.009,0.009,0,0
34.83277389,75.31912667,0.0045,0.0045,0.0108,0.0063,0.00021
34.83425444,75.32192111,0.009,0.009,0.0162,0.0072,0.00024
34.84486639,75.31803667,0.0207,0.0207,0.0207,0,0
35.21007972,73.8628475,0.0261,0.0261,0.0261,0,0
35.24953194,73.89824139,0.0225,0.0225,0.0225,0,0
35.18946056,73.90186694,0.009,0.009,0.009,0,0
35.21461528,73.90769194,0.009,0.009,0.009,0,0
35.17458972,73.91764972,0.009,0.009,0.009,0,0
35.17383861,73.95376639,0.0072,0.0072,0.0072,0,0
35.17793556,73.95831583,0.0288,0.0288,0.0288,0,0
35.17875972,73.96770528,0.0135,0.0135,0.0135,0,0
35.18380056,73.95765028,0.0873,0.0873,0.0873,0,0
35.90765083,72.80996278,0.0108,0.0108,0.0252,0.0144,0.00048
38.06812278,75.40128806,0.0558,0.0558,0.1548,0.099,0.0033
36.99855361,75.19667833,0.0117,0.0117,0.0198,0.0081,0.00027
38.13853778,75.11831944,0.0054,0.0054,0.0063,0.0009,3.00E-05
39.24926528,74.57369139,0.0045,0.0045,0.0045,0,0
38.52647472,75.15161889,0.0045,0.0045,0.0045,0,0
38.49913222,75.15527722,0.0054,0.0054,0.0063,0.0009,3.00E-05
38.49972806,75.15751472,0.0063,0.0063,0.0072,0.0009,3.00E-05
38.50014194,75.15110778,0.0054,0.0054,0.0072,0.0018,6.00E-05
38.50263611,75.17237278,0.0072,0.0072,0.0081,0.0009,3.00E-05
38.98339778,73.92817528,0.0216,0.0216,0.036,0.0144,0.00048
35.10530556,74.2192125,0.0243,0.0243,0.0243,0,0
35.10073111,74.21694028,0.0126,0.0126,0.0126,0,0
35.0705825,74.22505472,0.027,0.027,0.027,0,0
39.52412667,73.86671806,0.0387,0.0387,0.0225,-0.0162,-0.00054
38.48163111,75.31242806,0.009,0.009,0.0063,-0.0027,-9.00E-05
38.53953167,75.18548444,0.0144,0.0144,0.0144,0,0
39.33009944,73.61396722,0.0162,0.0162,0.0162,0,0
38.23289222,75.00983694,0.0477,0.0477,0.0099,-0.0378,-0.00126
35.0021175,76.37557306,0.0045,0.0045,0.0234,0.0189,0.00063
35.19818917,74.37626111,0.0135,0.0135,0.0639,0.0504,0.00168
35.34548639,75.19655194,0.018,0.018,0.0054,-0.0126,-0.00042
35.8176175,75.76520278,0.0054,0.0054,0.0054,0,0
35.83811972,75.73041056,0.0117,0.0117,0.0117,0,0
35.54693472,74.42282083,0.0045,0.0045,0.0045,0,0
35.1524375,74.08052861,0.0189,0.0189,0.0585,0.0396,0.00132
36.05165389,72.93855861,0.0054,0.0054,0.0045,-0.0009,-3.00E-05
36.0224975,72.93043056,0.0099,0.0099,0.0054,-0.0045,-0.00015
37.37972806,75.21273861,0.0306,0.0306,0.0306,0,0
35.95400222,76.02976556,0.0891,0.0891,0.0891,0,0
38.94791778,75.1298825,0.0054,0.0054,0.0054,0,0
35.08512472,76.6478475,0.0054,0.0054,0.0054,0,0
35.10065944,76.65137806,0.0081,0.0081,0.0081,0,0
35.66260917,73.18515944,0.009,0.009,0.009,0,0
35.66316611,73.18803,0.018,0.018,0.018,0,0
36.54745222,73.09782444,0.0072,0.0072,0.0072,0,0
36.61329056,73.89616278,0.1449,0.1449,0.0135,-0.1314,-0.00438
36.15724833,75.05895444,0.0432,0.0432,0.0063,-0.0369,-0.00123
37.0689125,74.56645944,0.0054,0.0054,0.0054,0,0
39.43025611,73.80992611,0.0054,0.0054,0.0054,0,0
34.810995,75.39335611,0.0342,0.0342,0.0342,0,0
34.81278806,75.43701361,0.0522,0.0522,0.0522,0,0
34.81788417,75.5815875,0.0117,0.0117,0.0117,0,0
34.82433444,75.38228889,0.2376,0.2376,0.2376,0,0
34.82021278,75.5792775,0.0189,0.0189,0.0189,0,0
34.8227375,75.5834175,0.0603,0.0603,0.0603,0,0
34.83940306,74.76112833,0.2439,0.2439,0.2439,0,0
34.83986972,75.71591194,0.0891,0.0891,0.0891,0,0
39.18851528,74.69833222,0.0108,0.0108,0.0108,0,0
35.89043639,73.18931389,0.0171,0.0171,0.0171,0,0
35.13146972,75.63118722,0.0369,0.0369,0.0369,0,0
35.13821889,75.2508725,0.0135,0.0135,0.0135,0,0
35.13903861,75.22862417,0.009,0.009,0.009,0,0
35.13875111,75.54731389,0.0198,0.0198,0.0198,0,0
35.13982306,75.54110778,0.0117,0.0117,0.0117,0,0
35.14157694,75.33129611,0.0801,0.0801,0.0801,0,0
34.76086917,75.56626417,0.0099,0.0099,0.0099,0,0
34.76460083,75.64473972,0.0135,0.0135,0.0135,0,0
34.77491778,75.48004778,0.1071,0.1071,0.1071,0,0
34.77249861,75.85990111,0.0216,0.0216,0.0216,0,0
34.80491472,75.41393528,0.0099,0.0099,0.0099,0,0
34.80657722,75.42089722,0.0126,0.0126,0.0126,0,0
34.80738639,75.54403389,0.1755,0.1755,0.1755,0,0
34.81066944,75.40085417,0.0486,0.0486,0.0486,0,0
34.97854806,73.53701639,0.0387,0.0387,0.0387,0,0
34.99248778,73.65595167,0.063,0.063,0.063,0,0
34.84509972,74.80856278,0.4788,0.4788,0.4788,0,0
34.84190028,74.73468139,0.0198,0.0198,0.0198,0,0
34.84671167,74.78631972,0.1143,0.1143,0.1143,0,0
34.8408075,75.92265167,0.0108,0.0108,0.0108,0,0
34.8449225,75.16869278,0.0072,0.0072,0.0072,0,0
34.84329806,75.77580444,0.0243,0.0243,0.0243,0,0
34.84528222,75.7015125,0.0495,0.0495,0.0495,0,0
34.84346472,75.94056028,0.0621,0.0621,0.0621,0,0
35.1322825,75.32100417,0.1917,0.1917,0.1917,0,0
35.13133528,75.25634278,0.0126,0.0126,0.0126,0,0
35.92771278,72.95138528,0.0108,0.0108,0.0108,0,0
35.1434,75.261075,0.1179,0.1179,0.1179,0,0
35.14490056,75.28832167,0.0792,0.0792,0.0792,0,0
35.14759694,75.54625861,0.0927,0.0927,0.0927,0,0
35.15154389,75.15573694,0.0612,0.0612,0.0612,0,0
35.15111056,75.27970611,0.0081,0.0081,0.0081,0,0
35.15307028,75.53667389,0.0432,0.0432,0.0432,0,0
35.16040639,75.47129417,0.0369,0.0369,0.0369,0,0
35.16132417,75.09723833,0.0126,0.0126,0.0126,0,0
35.16279667,75.39522361,0.0324,0.0324,0.0324,0,0
35.16319667,75.53606778,0.0099,0.0099,0.0099,0,0
35.16343056,75.53230722,0.0171,0.0171,0.0171,0,0
35.16402417,75.47107889,0.0477,0.0477,0.0477,0,0
35.46461806,74.96491528,0.0081,0.0081,0.0081,0,0
34.95257444,73.54147,0.0126,0.0126,0.0126,0,0
34.99645,73.65501361,0.0189,0.0189,0.0189,0,0
34.99729306,73.65032194,0.0162,0.0162,0.0162,0,0
35.00596472,73.66807833,0.0108,0.0108,0.0108,0,0
35.00987056,73.81530556,0.0396,0.0396,0.0396,0,0
35.01296972,73.59132611,0.0135,0.0135,0.0135,0,0
35.01719639,73.82786694,0.0369,0.0369,0.0369,0,0
38.77784222,74.10218417,0.0081,0.0081,0.0081,0,0
38.85806111,74.83833806,0.1395,0.1395,0.1395,0,0
38.55873833,75.16456417,0.0045,0.0045,0.0045,0,0
38.56141417,75.15862472,0.0108,0.0108,0.0108,0,0
38.51815056,75.20318667,0.009,0.009,0.009,0,0
38.55908556,75.1667525,0.0189,0.0189,0.0189,0,0
38.56394056,75.15644944,0.0063,0.0063,0.0063,0,0
38.56194944,75.42264389,0.00814,0.00814,0.0126,0.00446,0.000148667
38.44362889,75.05627583,4.86,4.86,4.86,0,0
35.30126944,72.83425417,0.0207,0.0207,0.0207,0,0
35.81075167,74.06260806,0.0072,0.0072,0.0072,0,0
35.81388472,74.07334694,0.0135,0.0135,0.0135,0,0
35.83232528,73.259015,0.0207,0.0207,0.0207,0,0
35.73494917,73.17589,0.027,0.027,0.027,0,0
35.73489778,73.17144639,0.0225,0.0225,0.0225,0,0
35.74230361,73.16394556,0.027,0.027,0.027,0,0
35.93816278,73.98585806,0.1881,0.1881,0.1881,0,0
35.9434025,73.9818,0.0054,0.0054,0.0054,0,0
35.84261778,74.00999667,0.027,0.027,0.027,0,0
35.82658722,74.10746111,0.0549,0.0549,0.0549,0,0
35.68601944,74.18861694,0.0261,0.0261,0.0261,0,0
35.69737667,74.16969111,0.0171,0.0171,0.0171,0,0
35.71793,74.09611722,0.0126,0.0126,0.0126,0,0
35.71765833,72.78097972,0.0513,0.0513,0.0513,0,0
35.72803833,73.18000722,0.0729,0.0729,0.0729,0,0
35.73024167,73.21543472,0.2178,0.2178,0.2178,0,0
35.73857583,73.25528667,0.2448,0.2448,0.2448,0,0
35.74879694,73.55075194,0.0171,0.0171,0.0171,0,0
35.74723056,73.25634278,0.0486,0.0486,0.0486,0,0
35.7559675,72.94482222,0.0225,0.0225,0.0225,0,0
35.75905667,72.97351944,0.0738,0.0738,0.0738,0,0
35.76808833,73.56645333,0.0171,0.0171,0.0171,0,0
35.76492833,73.15025222,0.0135,0.0135,0.0135,0,0
35.81741194,74.08302417,0.1512,0.1512,0.1512,0,0
35.81244444,73.60355028,0.0648,0.0648,0.0648,0,0
35.80445861,73.03186667,0.0684,0.0684,0.0684,0,0
35.71499722,72.77086389,0.0207,0.0207,0.0207,0,0
35.30980889,72.79373667,0.0081,0.0081,0.0081,0,0
35.80740611,73.03882306,0.0135,0.0135,0.0135,0,0
35.96273694,73.76092639,0.0054,0.0054,0.0054,0,0
34.50548028,75.74335444,0.0063,0.0063,0.0063,0,0
35.196655,75.24214167,0.0063,0.0063,0.0063,0,0
35.19211222,75.24314028,0.0072,0.0072,0.0072,0,0
35.20475,75.69084694,0.0045,0.0045,0.0045,0,0
35.87535722,72.60184028,0.0063,0.0063,0.0063,0,0
36.00273028,73.3104625,0.0144,0.0144,0.0144,0,0
35.13328889,73.64872139,0.0063,0.0063,0.0063,0,0
38.11312778,75.13101417,0.0162,0.0162,0.0162,0,0
36.01511611,72.88709083,0.0063,0.0063,0.0063,0,0
35.0244025,75.83263861,0.0045,0.0045,0.0045,0,0
37.9696675,75.65393278,0.0072,0.0072,0.0072,0,0
35.71526083,74.1798775,0.0207,0.0207,0.0207,0,0
35.71491278,74.14590028,0.0108,0.0108,0.0108,0,0
34.92587333,75.0700725,0.0063,0.0063,0.0063,0,0
35.22021389,73.85494278,0.0072,0.0072,0.0072,0,0
35.04465306,75.26547,0.0063,0.0063,0.0063,0,0
35.0449075,75.24237444,0.0108,0.0108,0.0108,0,0
35.35451472,72.98277833,0.009,0.009,0.009,0,0
34.68395917,75.31885472,0.0072,0.0072,0.0072,0,0
34.78179444,76.45803056,0.0072,0.0072,0.0072,0,0
35.84382083,73.5408975,0.0072,0.0072,0.0072,0,0
35.06374861,75.1647825,0.009,0.007213,0.009,0,0
35.0670525,75.11487528,0.009,0.009,0.009,0,0
35.80636833,72.76204333,0.0081,0.0081,0.0081,0,0
35.82896361,73.23252083,0.0063,0.0063,0.0063,0,0
35.8333725,73.23603944,0.0081,0.0081,0.0081,0,0
35.81113139,73.46547583,0.0234,0.0234,0.0234,0,0
35.80726583,73.09645889,0.0099,0.0099,0.0099,0,0
36.15848,73.40490056,0.009,0.009,0.009,0,0
35.7563525,74.08018639,0.009,0.009,0.009,0,0
35.75759722,74.06926833,0.0153,0.0153,0.0153,0,0
36.08099667,73.21012667,0.0054,0.0054,0.0054,0,0
34.56793222,75.70507139,0.0459,0.0459,0.0459,0,0
34.59306278,75.42085194,0.0198,0.0198,0.0198,0,0
34.60681417,75.42313444,0.0927,0.0927,0.0927,0,0
35.77099222,73.15709167,0.0054,0.0054,0.0054,0,0
35.80386139,73.03538028,0.0054,0.0054,0.0054,0,0
35.95685306,73.24892222,0.0225,0.0225,0.0198,-0.0027,-9.00E-05
34.52313583,75.77132556,0.0711,0.0711,0.0711,0,0
34.5399775,75.47087389,0.0099,0.0099,0.0099,0,0
34.54284611,75.46964444,0.018,0.018,0.018,0,0
34.54822667,75.65536028,0.0081,0.0081,0.0081,0,0
36.14171528,72.85909389,0.0099,0.0099,0.0099,0,0
35.9705475,73.29158222,0.0099,0.0099,0.0099,0,0
35.13282472,75.11215194,0.0072,0.0072,0.0072,0,0
35.00297778,74.96500667,0.0117,0.0117,0.0117,0,0
34.81798722,75.37378306,0.0072,0.0072,0.0072,0,0
35.87055222,73.13470028,0.0072,0.0072,0.0072,0,0
35.64223806,72.8588275,0.0072,0.0072,0.0072,0,0
35.30476778,72.83753167,0.0099,0.0099,0.0099,0,0
35.65343472,72.81117639,0.0063,0.0063,0.0063,0,0
35.98580417,73.34516,0.0063,0.0063,0.0063,0,0
36.32352194,73.51071361,0.0135,0.0135,0.0135,0,0
35.92119972,73.544435,0.0063,0.0063,0.0063,0,0
35.82286639,74.00052972,0.0459,0.0459,0.0459,0,0
35.81693722,74.00241694,0.0126,0.0126,0.0126,0,0
35.81987639,74.00739,0.009,0.009,0.009,0,0
34.70295694,75.26545,0.0054,0.0054,0.0054,0,0
34.71262444,75.25886917,0.0099,0.0099,0.0099,0,0
34.71360833,75.26073361,0.0054,0.0054,0.0054,0,0
34.68181722,75.32911361,0.0135,0.0135,0.0135,0,0
34.84222944,75.15439722,0.0045,0.0045,0.0045,0,0
34.9510275,75.13686861,0.0117,0.0117,0.0117,0,0
34.96687056,75.12258944,0.009,0.009,0.009,0,0
35.36426833,74.68123111,0.0144,0.0144,0.0144,0,0
34.51147444,75.74912778,0.0936,0.0936,0.0936,0,0
35.928915,73.81549639,0.0117,0.0117,0.0117,0,0
38.82815611,75.19383444,0.0117,0.0117,0.0045,-0.0072,-0.00024
34.69413944,75.25824861,0.018,0.018,0.018,0,0
34.70081389,75.25561611,0.0189,0.0189,0.0189,0,0
34.7014025,75.25917278,0.0243,0.0243,0.0243,0,0
36.08265306,73.21138472,0.0081,0.0081,0.0081,0,0
35.92992972,73.34049111,0.0099,0.0099,0.0099,0,0
35.82203639,73.96379667,0.0117,0.0117,0.0117,0,0
35.65068167,74.42622889,0.0081,0.0081,0.0081,0,0
38.21850917,75.59170722,0.009,0.009,0.009,0,0
36.10846806,73.4641825,0.2097,0.2097,0.2097,0,0
36.11239306,73.44882333,0.1134,0.1134,0.1134,0,0
35.88239917,73.51004472,0.0108,0.0108,0.0108,0,0
35.88267,73.50283917,0.0099,0.0099,0.0099,0,0
35.89043806,73.50272306,0.0099,0.0099,0.0099,0,0
35.81850056,72.98454056,0.0495,0.0495,0.0495,0,0
35.82143139,73.00207417,0.0126,0.0126,0.0126,0,0
35.82672583,72.98157028,0.099,0.099,0.099,0,0
36.29795472,73.12094,0.0162,0.0162,0.0162,0,0
36.30214889,73.10541556,0.0108,0.0108,0.0108,0,0
36.30142444,73.11804472,0.0108,0.0108,0.0108,0,0
35.94097917,73.08776028,0.0135,0.0135,0.0135,0,0
35.18142333,72.73358333,0.0144,0.0144,0.0108,-0.0036,-0.00012
35.17092667,76.20531,0.2993,0.2993,0.2993,0,0
36.04635778,72.87636139,0.014387,0.014387,0.011698,-0.002689,-8.96E-05
36.05133889,73.4321325,0.0135,0.0135,0.0135,0,0
35.90716389,73.25388639,0.0153,0.0153,0.0153,0,0
34.54705111,75.49583361,0.0144,0.0144,0.0144,0,0
39.04471306,74.07370194,0.0081,0.0081,0.0081,0,0
39.04594639,74.06925333,0.1791,0.1791,0.1737,-0.0054,-0.00018
36.05056694,73.74561861,0.0072,0.0072,0.0072,0,0
38.18608444,75.46736944,0.009,0.009,0.009,0,0
38.53924722,75.46635111,0.0063,0.0063,0.0063,0,0
38.59684917,75.40203889,0.0081,0.0081,0.0081,0,0
35.59561167,72.83110972,0.0171,0.0171,0.0171,0,0
35.81403028,72.99611722,0.1449,0.1449,0.1449,0,0
35.12615,72.79332194,0.0423,0.0423,0.0423,0,0
34.75347361,76.03759833,0.021572,0.021704,0.0153,-0.006272,-0.000209067
34.77108806,76.57638111,0.0357,0.0357,0.0357,0,0
35.19625,73.94003556,0.0171,0.0261,0.022446,0.005346,0.0001782
38.13602361,75.37571833,0.5175,0.5157,0.5175,0,0
35.92351,72.95062917,0.0135,0.0261,0.0261,0.0126,0.00042
38.46972083,75.03896306,1.4175,1.4724,1.4175,0,0
35.83309806,73.04304,0.0306,0.0333,0.0306,0,0
34.77498889,76.48118667,0.0657,0.0648,0.0621,-0.0036,-0.00012
38.36027472,75.4292275,0.009,0.0081,0.0081,-0.0009,-3.00E-05
35.88077444,73.24607917,0.0162,0.0171,0.0171,0.0009,3.00E-05
36.08130556,73.66200278,0.0117,0.0144,0.0126,0.0009,3.00E-05
34.93941361,74.70368306,0.0153,0.0135,0.0144,-0.0009,-3.00E-05
38.18845556,75.47211,0.0873,0.08549,0.0873,0,0
35.3369975,76.02735722,0.0189,0.0216,0.0216,0.0027,9.00E-05
36.297365,73.035755,0.0117,0.0126,0.0117,0,0
35.97628722,73.68143472,0.0135,0.0153,0.0135,0,0
35.87245444,73.54423556,0.0252,0.0306,0.0234,-0.0018,-6.00E-05
35.49218806,74.98256528,0.027,0.0153,0.026626,-0.000374,-1.25E-05
36.23874194,73.06038028,0.0171,0.0135,0.0162,-0.0009,-3.00E-05
36.04689278,73.6255,0.0126,0.0153,0.0126,0,0
38.35371972,75.21983778,0.1071,0.1134,0.1134,0.0063,0.00021
34.69340639,75.26348417,0.018,0.0144,0.0099,-0.0081,-0.00027
36.27903917,73.14167833,0.0144,0.0153,0.0153,0.0009,3.00E-05
36.10287556,73.45776389,0.0153,0.009,0.0108,-0.0045,-0.00015
39.26980333,74.47037611,0.0081,0.0153,0.0621,0.054,0.0018
38.46167917,75.03869611,0.0045,0.0081,0.0045,0,0
35.78630806,73.097075,0.0099,0.0189,0.0117,0.0018,6.00E-05
36.29750444,73.2516725,0.0126,0.0126,0.009,-0.0036,-0.00012
37.94340611,75.52416028,0.009,0.0108,0.0117,0.0027,9.00E-05
36.01978583,73.25273583,0.0099,0.009,0.0108,0.0009,3.00E-05
38.48063722,75.38265139,0.0198,0.014363,0.014448,-0.005352,-0.0001784
35.08622222,76.19693139,0.0099,0.0144,0.0081,-0.0018,-6.00E-05
34.910215,75.53452778,0.0081,0.0081,0.0081,0,0
37.94938694,75.51606056,0.0135,0.0126,0.0108,-0.0027,-9.00E-05
36.3095825,73.2313775,0.0144,0.0108,0.0135,-0.0009,-3.00E-05
34.95630917,76.91206667,0.0171,0.0207,0.0171,0,0
34.77096083,76.48042861,0.0333,0.0297,0.0243,-0.009,-0.0003
36.52707,74.69164778,0.0126,0.0126,0.0072,-0.0054,-0.00018
34.88883778,74.93947444,0.027,0.0153,0.0171,-0.0099,-0.00033
35.10490472,75.15111,0.009,0.0045,0.0063,-0.0027,-9.00E-05
39.00955333,73.95842278,0.0045,0.0099,0.0099,0.0054,0.00018
36.29997833,73.25132778,0.0171,0.018,0.0135,-0.0036,-0.00012
34.84354917,75.02106722,0.007203,0.007175,0.007175,-2.80E-05,-9.33E-07
35.01588806,75.80358389,0.0153,0.0126,0.009,-0.0063,-0.00021
36.01548722,73.22977917,0.0144,0.0153,0.018,0.0036,0.00012
34.53464,75.71427417,0.0144,0.0117,0.0117,-0.0027,-9.00E-05
34.87565361,75.87771472,0.0153,0.0171,0.0099,-0.0054,-0.00018
35.98017722,73.87484444,0.0225,0.0225,0.0225,0,0
36.19577139,73.63665667,0.0081,0.0162,0.0135,0.0054,0.00018
36.069095,73.55563833,0.0054,0.0081,0.0108,0.0054,0.00018
35.81469417,75.77290917,0.0099,0.0081,0.0072,-0.0027,-9.00E-05
35.17344833,72.73347361,0.018746,0.017329,0.016659,-0.002087,-6.96E-05
35.94420722,73.99266,0.0243,0.018,0.0297,0.0054,0.00018
36.02089167,73.75075889,0.0171,0.0063,0.0171,0,0
36.27329361,75.63774694,0.0342,0.0189,0.0279,-0.0063,-0.00021
39.20265556,73.68144056,0.0198,0.0135,0.0135,-0.0063,-0.00021
34.92224222,74.910155,0.0126,0.0072,0.0072,-0.0054,-0.00018
35.98463111,73.90681111,0.0072,0.0072,0.0072,0,0
35.41772083,77.07813972,0.0216,0.0414,0.0198,-0.0018,-6.00E-05
35.91888111,72.95020028,0.0063,0.0117,0.0108,0.0045,0.00015
35.95115778,73.30430667,0.0153,0.0081,0.0135,-0.0018,-6.00E-05
36.95947333,74.68995194,0.0054,0.0108,0.0117,0.0063,0.00021
39.2154275,73.790855,0.0288,0.027,0.0288,0,0
36.32774778,73.19758278,0.0369,0.0387,0.0351,-0.0018,-6.00E-05
35.1787575,75.34062611,0.0333,0.0072,0.0072,-0.0261,-0.00087
36.03735056,73.47993722,0.009,0.011698,0.0117,0.0027,9.00E-05
36.01850778,73.25649722,0.0108,0.0117,0.0126,0.0018,6.00E-05
35.33370083,75.15255944,0.0153,0.0072,0.0099,-0.0054,-0.00018
35.36593889,75.13048083,0.0126,0.0117,0.0081,-0.0045,-0.00015
36.46664278,73.00609417,0.0054,0.0054,0.0045,-0.0009,-3.00E-05
36.03051028,73.63048833,0.0117,0.0108,0.0117,0,0
35.30023583,75.18991417,0.0648,0.0711,0.0711,0.0063,0.00021
35.64386667,73.35226528,0.1035,0.1422,0.1539,0.0504,0.00168
35.7320375,74.06046306,0.0117,0.0108,0.0108,-0.0009,-3.00E-05
34.88153056,75.90628806,0.036,0.027921,0.036,0,0
36.74289,74.29678278,0.0072,0.0063,0.0063,-0.0009,-3.00E-05
36.13256444,73.40697333,0.009,0.0135,0.0126,0.0036,0.00012
35.34956972,73.589695,0.007158,0.0099,0.0099,0.002742,9.14E-05
35.82942333,75.73959361,0.0261,0.0162,0.0162,-0.0099,-0.00033
35.84459167,75.78245,0.0558,0.0324,0.0324,-0.0234,-0.00078
35.48982194,77.50541028,0.0153,0.0153,0.0153,0,0
39.15880333,73.72072861,0.1575,0.1683,0.1989,0.0414,0.00138
35.92712167,73.70916417,0.0045,0.009,0.009,0.0045,0.00015
36.15798361,73.612955,0.0072,0.015245,0.0108,0.0036,0.00012
34.97467528,75.12301778,0.0225,0.013499,0.013499,-0.009001,-0.000300033
38.52907583,75.14725306,0.0063,0.0063,0.0063,0,0
35.83765417,75.72913278,0.0297,0.0108,0.0108,-0.0189,-0.00063
35.36632806,76.00670472,0.0306,0.036,0.0072,-0.0234,-0.00078
35.96050306,74.00520056,0.0243,0.0243,0.0243,0,0
36.78617222,74.34455139,0.0333,0.0081,0.0072,-0.0261,-0.00087
34.94347194,75.87457333,0.0477,0.0621,0.0621,0.0144,0.00048
37.91542139,75.59206444,0.0072,0.0063,0.0234,0.0162,0.00054
35.92359778,73.40054361,0.0288,0.0189,0.0216,-0.0072,-0.00024
38.29328056,75.28815306,0.0225,0.0081,0.0225,0,0
36.30176528,73.23414611,0.0315,0.0135,0.0216,-0.0099,-0.00033
35.84383056,73.173715,0.0432,0.0414,0.0405,-0.0027,-9.00E-05
34.7562,76.58857639,0.0099,0.0099,0.0099,0,0
37.05921389,75.14974444,0.0099,0.0081,0.0162,0.0063,0.00021
35.43190361,77.05968444,0.0504,0.0486,0.0045,-0.0459,-0.00153
35.27668167,72.86280083,0.0135,0.0216,0.0279,0.0144,0.00048
36.69229722,73.32560944,0.006347,0.0081,0.0081,0.001753,5.84E-05
36.12464361,75.15838639,0.0063,0.009,0.0081,0.0018,6.00E-05
35.97134056,73.99125667,0.0054,0.0144,0.0144,0.009,0.0003
35.2552275,75.1639175,0.04322,0.05762,0.009899,-0.033321,-0.0011107
36.60844306,73.88278944,0.0198,0.0153,0.0468,0.027,0.0009
34.89432111,75.69281056,0.0198,0.0117,0.0099,-0.0099,-0.00033
35.47569806,77.51271944,0.172863,0.178492,0.1602,-0.012663,-0.0004221
38.46172556,75.05061194,0.0072,0.018,0.0306,0.0234,0.00078
38.2235125,75.02599111,0.0198,0.0423,0.0072,-0.0126,-0.00042
36.01740417,73.61963972,0.0099,0.0099,0.0099,0,0
34.720435,76.83955417,0.0072,0.0117,0.0117,0.0045,0.00015
35.71468611,73.16598806,0.0648,0.072,0.1494,0.0846,0.00282
35.30285083,75.07360389,0.014202,0.0387,0.0387,0.024498,0.0008166
35.72062194,76.37627222,0.1161,0.3609,0.4095,0.2934,0.00978
35.3813825,77.12154889,0.0054,0.0117,0.0117,0.0063,0.00021
36.77471028,74.39745639,0.0081,0.009,0.0081,0,0
35.21288833,75.22572194,0.0324,0.0558,0.0558,0.0234,0.00078
36.30692222,73.24843833,0.0747,0.1053,0.0936,0.0189,0.00063
35.24255444,73.789895,0.0252,0.0459,0.0459,0.0207,0.00069
35.72526528,76.20835222,0.0081,0.0045,0.0054,-0.0027,-9.00E-05
36.73094778,74.30189417,0.018,0.0072,0.0081,-0.0099,-0.00033
35.36768222,75.38342944,0.0126,0.0441,0.0441,0.0315,0.00105
35.88701361,75.8018825,0.0063,0.0126,0.0099,0.0036,0.00012
38.56785056,75.16067167,0.072,0.0801,0.0801,0.0081,0.00027
36.64249806,73.4062725,0.0594,0.0243,0.1449,0.0855,0.00285
36.45752444,74.87946917,0.129924,0.11878,0.1233,-0.006624,-0.0002208
35.30311306,76.0511675,0.0108,0.0306,0.0252,0.0144,0.00048
36.78771722,74.34623139,0.0135,0.0162,0.0063,-0.0072,-0.00024
35.39565472,77.09946972,0.0855,0.1503,0.0909,0.0054,0.00018
35.82982139,72.86869944,0.0117,0.0081,0.0081,-0.0036,-0.00012
38.25637361,75.19474889,0.0243,0.0072,0.0072,-0.0171,-0.00057
34.90819194,74.67997056,0.1143,0.1413,0.234,0.1197,0.00399
35.74454056,76.37104389,0.0054,0.0099,0.0063,0.0009,3.00E-05
35.73034917,76.2197625,0.0162,0.0144,0.0081,-0.0081,-0.00027
34.52551167,75.71607861,0.0144,0.0423,0.0423,0.0279,0.00093
35.81833806,75.76803667,0.0063,0.0072,0.0234,0.0171,0.00057
37.03993917,75.065895,0.0252,0.0081,0.0225,-0.0027,-9.00E-05
34.6517975,75.36950389,0.1989,0.0612,0.0612,-0.1377,-0.00459
38.34063389,75.22917444,0.009,0.0108,0.0432,0.0342,0.00114
35.68202917,73.10284417,0.0297,0.0486,0.0486,0.0189,0.00063
35.73554528,76.27369306,0.0144,0.0063,0.009,-0.0054,-0.00018
36.77744889,74.39530583,0.0072,0.0108,0.0081,0.0009,3.00E-05
34.89762444,75.63014556,0.0342,0.0333,0.0261,-0.0081,-0.00027
35.72898444,76.2150425,0.0108,0.0063,0.0072,-0.0036,-0.00012
35.84502056,72.96634861,0.0297,0.0162,0.0162,-0.0135,-0.00045
35.71802306,76.20771222,0.0054,0.0225,0.009,0.0036,0.00012
36.78621694,74.38064472,0.0045,0.0081,0.0045,0,0
38.28755361,75.28168111,0.0072,0.0162,0.0045,-0.0027,-9.00E-05
35.40782917,77.13009361,0.0495,0.009,0.0405,-0.009,-0.0003
35.77978389,75.84666861,0.0639,0.0126,0.0126,-0.0513,-0.00171
36.76546389,74.33230278,0.0198,0.0063,0.0063,-0.0135,-0.00045
38.26201139,75.26673417,0.0054,0.0054,0.0054,0,0
36.73248694,74.30457944,0.0189,0.0072,0.0117,-0.0072,-0.00024
36.11751528,75.21929306,0.0081,0.0054,0.0054,-0.0027,-9.00E-05
35.72738806,76.28115889,0.0153,0.0045,0.027,0.0117,0.00039
35.71412611,76.19981,0.0045,0.018,0.0099,0.0054,0.00018
39.12745389,74.74432917,0.0117,0.0234,0.0351,0.0234,0.00078
35.74437861,76.27388889,0.0108,0.0045,0.0054,-0.0054,-0.00018
35.72826611,76.21027722,0.0081,0.0162,0.0054,-0.0027,-9.00E-05
35.74109333,76.37515528,0.009,0.0081,0.0063,-0.0027,-9.00E-05
38.46195139,75.025535,0.3699,0.6129,0.4338,0.0639,0.00213
35.43445889,77.06049306,0.0054,0.0495,0.0261,0.0207,0.00069
36.77875028,74.33511722,0.0108,0.0045,0.0063,-0.0045,-0.00015
35.20132361,75.33635333,0.0144,0.0144,0.0144,0,0
38.46681694,75.05443361,0.0045,0.0315,0.0612,0.0567,0.00189
35.41129056,77.08674389,0.0081,0.0207,0.0081,0,0
38.27775861,75.27729111,0.0099,0.0999,0.0081,-0.0018,-6.00E-05
35.70949222,76.18107167,0.0108,0.0126,0.0198,0.009,0.0003
35.88324,75.97734639,0.0054,0.0153,0.0117,0.0063,0.00021
37.21832833,74.92661417,0.0045,0.010419,0.0621,0.0576,0.00192
36.12300556,75.16946806,0.0045,0.0045,0.0054,0.0009,3.00E-05
35.72701389,76.36447139,0.0045,0.0045,0.0099,0.0054,0.00018
35.74576917,76.38855389,0.0072,0.0054,0.0063,-0.0009,-3.00E-05
36.76981833,74.33539611,0.0207,0.0045,0.027,0.0063,0.00021
35.552605,76.92370167,0.0342,0.0189,0.0081,-0.0261,-0.00087
35.42303306,74.97642,0.3123,0.0594,0.0315,-0.2808,-0.00936
36.15285417,75.07456639,0.0072,0.0126,0.0135,0.0063,0.00021
35.73211417,76.24899639,0.0126,0.0099,0.0063,-0.0063,-0.00021
35.72709056,76.23869333,0.0072,0.0081,0.0081,0.0009,3.00E-05
38.25642694,75.24878056,0.0054,0.0045,0.0045,-0.0009,-3.00E-05
35.73792778,76.33255944,0.0072,0.0045,0.0054,-0.0018,-6.00E-05
35.6912975,75.91026861,0.0441,0.0144,0.0063,-0.0378,-0.00126
36.77692222,74.34192389,0.0243,0.0072,0.0045,-0.0198,-0.00066
36.10206111,75.2387475,0.0072,0.0063,0.0072,0,0
