lake_id,source_polygon_id,canonical_lake_id,latitude,longitude,processing_status,latest_usable_satellite_date,current_area_km2,satellite_cloud_percentage,satellite_quality_status,weather_observation_date,current_temperature_c,current_rainfall_mm,rainfall_last_7d_mm,source_mode,data_retrieval_timestamp,environmental_conditions_score,environmental_conditions_level,score_interpretation,confidence,failure_or_stale_warning,sentinel_attempts,nasa_power_attempts,last_error_source,last_error_type,last_error_message,source_geometry_valid,source_validation_warning
PKGL-00001,1,PKGL-00001,34.82899441,74.06189099,NO_USABLE_IMAGERY,,,97.75,REJECTED,2026-08-29,15.8,1.36,3.49,UNAVAILABLE,2026-08-31T20:02:54.028912+00:00,,,Transparent environmental conditions index (0-100); not a validated GLOF probability or official warning,Low,Latest Sentinel-2 attempt was rejected: insufficient clear pixels; cloud percentage above configured limit; No usable real Sentinel-2 lake-area observation; Latest NASA POWER weather observation is stale; NASA POWER returned newer rows with missing temperature or rainfall; latest usable weather is 2026-08-29; No mock fallback was used; missing or failed real data remain unavailable,1,1,,,,True,
PKGL-00002,2,PKGL-00002,34.8200792,74.08633956,STALE,2026-08-27T05:59:21.230000+00:00,0.034425392689896285,90.972,REJECTED_USING_LAST_RELIABLE,2026-08-29,13.88,0.79,2.14,REAL,2026-08-31T20:03:14.065394+00:00,32.28,Low,Transparent environmental conditions index (0-100); not a validated GLOF probability or official warning,Low,Newest Sentinel-2 attempt was rejected; retained the last reliable area; Latest NASA POWER weather observation is stale; NASA POWER returned newer rows with missing temperature or rainfall; latest usable weather is 2026-08-29,1,1,,,,True,
PKGL-00003,3,PKGL-00003,34.80645933,74.07199024,STALE,2026-08-27T05:59:21.230000+00:00,0.19374211153607512,89.461,REJECTED_USING_LAST_RELIABLE,2026-08-29,13.88,0.79,2.14,REAL,2026-08-31T20:03:18.237415+00:00,32.28,Low,Transparent environmental conditions index (0-100); not a validated GLOF probability or official warning,Low,Newest Sentinel-2 attempt was rejected; retained the last reliable area; Latest NASA POWER weather observation is stale; NASA POWER returned newer rows with missing temperature or rainfall; latest usable weather is 2026-08-29,1,1,,,,True,
PKGL-00015,15,PKGL-00015,34.95673787,74.07401803,NO_USABLE_IMAGERY,,,60.176,REJECTED,2026-08-30,13.55,1.45,3.59,UNAVAILABLE,2026-09-01T06:01:51.406117+00:00,,,Transparent environmental conditions index (0-100); not a validated GLOF probability or official warning,Low,Latest Sentinel-2 attempt was rejected: insufficient clear pixels; cloud percentage above configured limit; no reliable water pixels; No usable real Sentinel-2 lake-area observation; Latest NASA POWER weather observation is stale; NASA POWER returned newer rows with missing temperature or rainfall; latest usable weather is 2026-08-30; No mock fallback was used; missing or failed real data remain unavailable,1,1,,,,True,
PKGL-00088,88,PKGL-00088,34.92999291,74.57868324,STALE,2026-08-29T05:59:38.677000+00:00,0.03843263009399879,32.495,RELIABLE,2026-08-30,13.55,1.45,3.59,REAL,2026-09-01T05:52:13.434135+00:00,33.05,Medium,Transparent environmental conditions index (0-100); not a validated GLOF probability or official warning,Low,Latest NASA POWER weather observation is stale; NASA POWER returned newer rows with missing temperature or rainfall; latest usable weather is 2026-08-30,1,1,,,,True,
PKGL-00113,113,PKGL-00113,34.93488782,74.70231031,NO_USABLE_IMAGERY,,,100.0,REJECTED,2026-08-30,12.74,1.27,2.31,UNAVAILABLE,2026-09-01T05:50:11.864855+00:00,,,Transparent environmental conditions index (0-100); not a validated GLOF probability or official warning,Low,Latest Sentinel-2 attempt was rejected: insufficient clear pixels; cloud percentage above configured limit; no reliable water pixels; No usable real Sentinel-2 lake-area observation; Latest NASA POWER weather observation is stale; NASA POWER returned newer rows with missing temperature or rainfall; latest usable weather is 2026-08-30; No mock fallback was used; missing or failed real data remain unavailable,1,1,,,,True,
PKGL-00131,131,PKGL-00131,35.06650357,74.44605283,NO_USABLE_IMAGERY,,,55.952,REJECTED,2026-08-30,13.55,1.45,3.59,UNAVAILABLE,2026-09-01T06:00:44.629094+00:00,,,Transparent environmental conditions index (0-100); not a validated GLOF probability or official warning,Low,Latest Sentinel-2 attempt was rejected: insufficient clear pixels; cloud percentage above configured limit; no reliable water pixels; No usable real Sentinel-2 lake-area observation; Latest NASA POWER weather observation is stale; NASA POWER returned newer rows with missing temperature or rainfall; latest usable weather is 2026-08-30; No mock fallback was used; missing or failed real data remain unavailable,1,1,,,,True,
PKGL-00202,202,PKGL-00202,35.01355005,74.60714406,NO_USABLE_IMAGERY,,,97.05,REJECTED,2026-08-30,13.55,1.45,3.59,UNAVAILABLE,2026-09-01T05:51:09.295200+00:00,,,Transparent environmental conditions index (0-100); not a validated GLOF probability or official warning,Low,Latest Sentinel-2 attempt was rejected: insufficient clear pixels; cloud percentage above configured limit; no reliable water pixels; No usable real Sentinel-2 lake-area observation; Latest NASA POWER weather observation is stale; NASA POWER returned newer rows with missing temperature or rainfall; latest usable weather is 2026-08-30; No mock fallback was used; missing or failed real data remain unavailable,1,1,,,,True,
PKGL-00443,443,PKGL-00443,35.97514121,71.35609947,NO_USABLE_IMAGERY,,,16.699,REJECTED,2026-08-30,11.27,0.24,0.26,UNAVAILABLE,2026-09-01T05:48:49.203479+00:00,,,Transparent environmental conditions index (0-100); not a validated GLOF probability or official warning,Low,Latest Sentinel-2 attempt was rejected: no reliable water pixels; No usable real Sentinel-2 lake-area observation; Latest NASA POWER weather observation is stale; NASA POWER returned newer rows with missing temperature or rainfall; latest usable weather is 2026-08-30; No mock fallback was used; missing or failed real data remain unavailable,1,1,,,,True,
PKGL-00464,464,PKGL-00464,36.11160851,71.46899785,NO_USABLE_IMAGERY,,,16.699,REJECTED,2026-08-30,11.27,0.24,0.26,UNAVAILABLE,2026-09-01T05:56:38.884773+00:00,,,Transparent environmental conditions index (0-100); not a validated GLOF probability or official warning,Low,Latest Sentinel-2 attempt was rejected: no reliable water pixels; No usable real Sentinel-2 lake-area observation; Latest NASA POWER weather observation is stale; NASA POWER returned newer rows with missing temperature or rainfall; latest usable weather is 2026-08-30; No mock fallback was used; missing or failed real data remain unavailable,1,1,,,,True,
PKGL-00639,639,PKGL-00639,36.08738674,71.19428919,STALE,2026-08-30T06:09:15.501000+00:00,0.1727427377139814,8.259,RELIABLE,2026-08-30,11.27,0.24,0.26,REAL,2026-09-01T05:53:42.124623+00:00,31.46,Low,Transparent environmental conditions index (0-100); not a validated GLOF probability or official warning,Low,Latest NASA POWER weather observation is stale; NASA POWER returned newer rows with missing temperature or rainfall; latest usable weather is 2026-08-30,1,1,,,,True,
PKGL-00850,850,PKGL-00850,35.69385386,72.29253623,NO_USABLE_IMAGERY,,,16.699,REJECTED,2026-08-30,14.86,2.2,5.26,UNAVAILABLE,2026-09-01T05:52:28.293732+00:00,,,Transparent environmental conditions index (0-100); not a validated GLOF probability or official warning,Low,Latest Sentinel-2 attempt was rejected: no reliable water pixels; No usable real Sentinel-2 lake-area observation; Latest NASA POWER weather observation is stale; NASA POWER returned newer rows with missing temperature or rainfall; latest usable weather is 2026-08-30; No mock fallback was used; missing or failed real data remain unavailable,1,1,,,,True,
PKGL-00950,950,PKGL-00950,35.56163654,73.06693782,STALE,2026-08-27T05:59:10.698000+00:00,0.02279976770296695,10.54,RELIABLE,2026-08-30,14.81,2.07,5.1,REAL,2026-09-01T05:49:58.223054+00:00,33.82,Medium,Transparent environmental conditions index (0-100); not a validated GLOF probability or official warning,Low,Latest NASA POWER weather observation is stale; NASA POWER returned newer rows with missing temperature or rainfall; latest usable weather is 2026-08-30,1,1,,,,True,
PKGL-00979,979,PKGL-00979,35.68655126,73.09001672,NO_USABLE_IMAGERY,,,37.826,REJECTED,2026-08-30,14.81,2.07,5.1,UNAVAILABLE,2026-09-01T06:01:10.950947+00:00,,,Transparent environmental conditions index (0-100); not a validated GLOF probability or official warning,Low,Latest Sentinel-2 attempt was rejected: cloud percentage above configured limit; no reliable water pixels; No usable real Sentinel-2 lake-area observation; Latest NASA POWER weather observation is stale; NASA POWER returned newer rows with missing temperature or rainfall; latest usable weather is 2026-08-30; No mock fallback was used; missing or failed real data remain unavailable,1,1,,,,True,
PKGL-00995,995,PKGL-00995,35.66439412,73.15605499,STALE,2026-08-27T05:59:10.698000+00:00,0.03200116333111312,10.54,RELIABLE,2026-08-30,14.81,2.07,5.1,REAL,2026-09-01T05:46:41.099383+00:00,33.82,Medium,Transparent environmental conditions index (0-100); not a validated GLOF probability or official warning,Low,Latest NASA POWER weather observation is stale; NASA POWER returned newer rows with missing temperature or rainfall; latest usable weather is 2026-08-30,1,1,,,,True,
PKGL-01026,1026,PKGL-01026,35.8323859,73.02514796,NO_USABLE_IMAGERY,,,63.992,REJECTED,2026-08-30,13.23,0.97,1.33,UNAVAILABLE,2026-09-01T06:02:08.449138+00:00,,,Transparent environmental conditions index (0-100); not a validated GLOF probability or official warning,Low,Latest Sentinel-2 attempt was rejected: insufficient clear pixels; cloud percentage above configured limit; no reliable water pixels; No usable real Sentinel-2 lake-area observation; Latest NASA POWER weather observation is stale; NASA POWER returned newer rows with missing temperature or rainfall; latest usable weather is 2026-08-30; No mock fallback was used; missing or failed real data remain unavailable,1,1,,,,True,
PKGL-01227,1227,PKGL-01227,35.85754199,72.67412078,STALE,2026-08-30T06:09:10.601000+00:00,0.025189756706225544,20.039,RELIABLE,2026-08-30,12.71,0.77,1.5,REAL,2026-09-01T05:57:13.295678+00:00,32.11,Low,Transparent environmental conditions index (0-100); not a validated GLOF probability or official warning,Low,Latest NASA POWER weather observation is stale; NASA POWER returned newer rows with missing temperature or rainfall; latest usable weather is 2026-08-30,1,1,,,,True,
PKGL-01281,1281,PKGL-01281,36.05169416,73.71282665,STALE,2026-08-17T05:58:56.348000+00:00,0.0072022053804013785,7.382,RELIABLE,2026-08-30,15.3,0.13,0.28,REAL,2026-09-01T05:51:38.651070+00:00,31.4,Low,Transparent environmental conditions index (0-100); not a validated GLOF probability or official warning,Low,Latest NASA POWER weather observation is stale; NASA POWER returned newer rows with missing temperature or rainfall; latest usable weather is 2026-08-30,1,1,,,,True,
PKGL-01330,1330,PKGL-01330,35.89657622,73.63476765,STALE,2026-08-17T05:59:10.933000+00:00,0.005201549383760534,5.786,RELIABLE,2026-08-30,15.3,0.13,0.28,REAL,2026-09-01T05:54:32.773965+00:00,31.4,Low,Transparent environmental conditions index (0-100); not a validated GLOF probability or official warning,Low,Latest NASA POWER weather observation is stale; NASA POWER returned newer rows with missing temperature or rainfall; latest usable weather is 2026-08-30,1,1,,,,True,
PKGL-01345,1345,PKGL-01345,35.94876137,73.7574571,NO_USABLE_IMAGERY,,,100.0,REJECTED,2026-08-30,15.3,0.13,0.28,UNAVAILABLE,2026-09-01T05:55:55.453327+00:00,,,Transparent environmental conditions index (0-100); not a validated GLOF probability or official warning,Low,Latest Sentinel-2 attempt was rejected: insufficient clear pixels; cloud percentage above configured limit; no reliable water pixels; No usable real Sentinel-2 lake-area observation; Latest NASA POWER weather observation is stale; NASA POWER returned newer rows with missing temperature or rainfall; latest usable weather is 2026-08-30; No mock fallback was used; missing or failed real data remain unavailable,1,1,,,,True,
PKGL-01405,1405,PKGL-01405,35.789075,74.22429381,NO_USABLE_IMAGERY,,,9.098,REJECTED,2026-08-30,15.31,0.09,0.09,UNAVAILABLE,2026-09-01T05:54:40.361272+00:00,,,Transparent environmental conditions index (0-100); not a validated GLOF probability or official warning,Low,Latest Sentinel-2 attempt was rejected: no reliable water pixels; No usable real Sentinel-2 lake-area observation; Latest NASA POWER weather observation is stale; NASA POWER returned newer rows with missing temperature or rainfall; latest usable weather is 2026-08-30; No mock fallback was used; missing or failed real data remain unavailable,1,1,,,,True,
PKGL-01408,1408,PKGL-01408,35.77414368,74.14588624,STALE,2026-08-29T05:59:24.419000+00:00,0.0020011049968510987,9.098,RELIABLE,2026-08-30,15.31,0.09,0.09,REAL,2026-09-01T06:00:31.091663+00:00,31.33,Low,Transparent environmental conditions index (0-100); not a validated GLOF probability or official warning,Low,Latest NASA POWER weather observation is stale; NASA POWER returned newer rows with missing temperature or rainfall; latest usable weather is 2026-08-30,1,1,,,,True,
PKGL-01632,1632,PKGL-01632,35.76936473,73.47923539,NO_USABLE_IMAGERY,,,74.531,REJECTED,2026-08-30,15.3,0.13,0.28,UNAVAILABLE,2026-09-01T06:00:34.174171+00:00,,,Transparent environmental conditions index (0-100); not a validated GLOF probability or official warning,Low,Latest Sentinel-2 attempt was rejected: insufficient clear pixels; cloud percentage above configured limit; no reliable water pixels; No usable real Sentinel-2 lake-area observation; Latest NASA POWER weather observation is stale; NASA POWER returned newer rows with missing temperature or rainfall; latest usable weather is 2026-08-30; No mock fallback was used; missing or failed real data remain unavailable,1,1,,,,True,
PKGL-01643,1643,PKGL-01643,36.01069482,73.55734988,NO_USABLE_IMAGERY,,,74.783,REJECTED,2026-08-30,15.3,0.13,0.28,UNAVAILABLE,2026-09-01T05:57:02.691181+00:00,,,Transparent environmental conditions index (0-100); not a validated GLOF probability or official warning,Low,Latest Sentinel-2 attempt was rejected: insufficient clear pixels; cloud percentage above configured limit; no reliable water pixels; No usable real Sentinel-2 lake-area observation; Latest NASA POWER weather observation is stale; NASA POWER returned newer rows with missing temperature or rainfall; latest usable weather is 2026-08-30; No mock fallback was used; missing or failed real data remain unavailable,1,1,,,,True,
PKGL-01656,1656,PKGL-01656,36.06878656,73.54862716,STALE,2026-08-27T05:58:56.109000+00:00,0.029206210928497737,5.932,RELIABLE,2026-08-30,15.3,0.13,0.28,REAL,2026-09-01T05:55:32.929623+00:00,31.4,Low,Transparent environmental conditions index (0-100); not a validated GLOF probability or official warning,Low,Latest NASA POWER weather observation is stale; NASA POWER returned newer rows with missing temperature or rainfall; latest usable weather is 2026-08-30,1,1,,,,False,Self-intersection[369116.472244359 3992671.60053689]
PKGL-01828,1828,PKGL-01828,36.23581753,73.18241085,STALE,2026-08-29T05:59:13.551000+00:00,0.0003999755586151721,12.27,RELIABLE,2026-08-30,13.23,0.97,1.33,REAL,2026-09-01T05:59:03.527054+00:00,32.19,Low,Transparent environmental conditions index (0-100); not a validated GLOF probability or official warning,Low,Latest NASA POWER weather observation is stale; NASA POWER returned newer rows with missing temperature or rainfall; latest usable weather is 2026-08-30,1,1,,,,True,
PKGL-02102,2102,PKGL-02102,35.42354985,76.65099733,NO_USABLE_IMAGERY,,,1.963,REJECTED,2026-08-30,2.97,0.04,0.04,UNAVAILABLE,2026-09-01T05:51:49.250449+00:00,,,Transparent environmental conditions index (0-100); not a validated GLOF probability or official warning,Low,Latest Sentinel-2 attempt was rejected: no reliable water pixels; No usable real Sentinel-2 lake-area observation; Latest NASA POWER weather observation is stale; NASA POWER returned newer rows with missing temperature or rainfall; latest usable weather is 2026-08-30; No mock fallback was used; missing or failed real data remain unavailable,1,1,,,,True,
PKGL-02156,2156,PKGL-02156,35.38854587,76.64322319,NO_USABLE_IMAGERY,,,1.963,REJECTED,2026-08-30,2.97,0.04,0.04,UNAVAILABLE,2026-09-01T05:47:28.435344+00:00,,,Transparent environmental conditions index (0-100); not a validated GLOF probability or official warning,Low,Latest Sentinel-2 attempt was rejected: no reliable water pixels; No usable real Sentinel-2 lake-area observation; Latest NASA POWER weather observation is stale; NASA POWER returned newer rows with missing temperature or rainfall; latest usable weather is 2026-08-30; No mock fallback was used; missing or failed real data remain unavailable,1,1,,,,True,
PKGL-02203,2203,PKGL-02203,35.27009781,77.20818697,NO_USABLE_IMAGERY,,,69.883,REJECTED,2026-08-30,1.7,0.1,0.87,UNAVAILABLE,2026-09-01T05:54:50.887200+00:00,,,Transparent environmental conditions index (0-100); not a validated GLOF probability or official warning,Low,Latest Sentinel-2 attempt was rejected: insufficient clear pixels; cloud percentage above configured limit; no reliable water pixels; No usable real Sentinel-2 lake-area observation; Latest NASA POWER weather observation is stale; NASA POWER returned newer rows with missing temperature or rainfall; latest usable weather is 2026-08-30; No mock fallback was used; missing or failed real data remain unavailable,1,1,,,,True,
PKGL-02296,2296,PKGL-02296,34.783863,76.48029342,STALE,2026-08-29T05:49:17.997000+00:00,0.002000931586838357,2.432,RELIABLE,2026-08-30,12.73,0.18,0.22,REAL,2026-09-01T06:01:36.566887+00:00,31.42,Low,Transparent environmental conditions index (0-100); not a validated GLOF probability or official warning,Low,Latest NASA POWER weather observation is stale; NASA POWER returned newer rows with missing temperature or rainfall; latest usable weather is 2026-08-30,1,1,,,,True,
PKGL-02332,2332,PKGL-02332,34.79650251,76.46125006,STALE,2026-08-29T05:49:17.997000+00:00,0.003601709415264116,2.735,RELIABLE,2026-08-30,12.73,0.18,0.22,REAL,2026-09-01T05:52:16.029648+00:00,31.42,Low,Transparent environmental conditions index (0-100); not a validated GLOF probability or official warning,Low,Latest NASA POWER weather observation is stale; NASA POWER returned newer rows with missing temperature or rainfall; latest usable weather is 2026-08-30,1,1,,,,True,
PKGL-02404,2404,PKGL-02404,34.70407212,77.07198862,NO_USABLE_IMAGERY,,,97.201,REJECTED,2026-08-30,12.24,0.08,0.09,UNAVAILABLE,2026-09-01T05:49:00.015970+00:00,,,Transparent environmental conditions index (0-100); not a validated GLOF probability or official warning,Low,Latest Sentinel-2 attempt was rejected: insufficient clear pixels; cloud percentage above configured limit; no reliable water pixels; No usable real Sentinel-2 lake-area observation; Latest NASA POWER weather observation is stale; NASA POWER returned newer rows with missing temperature or rainfall; latest usable weather is 2026-08-30; No mock fallback was used; missing or failed real data remain unavailable,1,1,,,,True,
PKGL-02691,2691,PKGL-02691,35.23827707,77.10534881,NO_USABLE_IMAGERY,,,1.963,REJECTED,2026-08-30,9.31,0.02,0.02,UNAVAILABLE,2026-09-01T05:46:54.579205+00:00,,,Transparent environmental conditions index (0-100); not a validated GLOF probability or official warning,Low,Latest Sentinel-2 attempt was rejected: no reliable water pixels; No usable real Sentinel-2 lake-area observation; Latest NASA POWER weather observation is stale; NASA POWER returned newer rows with missing temperature or rainfall; latest usable weather is 2026-08-30; No mock fallback was used; missing or failed real data remain unavailable,1,1,,,,True,
PKGL-02710,2710,PKGL-02710,35.24791277,77.15930398,NO_USABLE_IMAGERY,,,90.444,REJECTED,2026-08-30,9.31,0.02,0.02,UNAVAILABLE,2026-09-01T05:53:45.760427+00:00,,,Transparent environmental conditions index (0-100); not a validated GLOF probability or official warning,Low,Latest Sentinel-2 attempt was rejected: insufficient clear pixels; cloud percentage above configured limit; no reliable water pixels; No usable real Sentinel-2 lake-area observation; Latest NASA POWER weather observation is stale; NASA POWER returned newer rows with missing temperature or rainfall; latest usable weather is 2026-08-30; No mock fallback was used; missing or failed real data remain unavailable,1,1,,,,True,
PKGL-02804,2804,PKGL-02804,35.74236441,76.44657641,NO_USABLE_IMAGERY,,,6.883,REJECTED,2026-08-30,7.92,0.02,0.03,UNAVAILABLE,2026-09-01T05:59:32.027548+00:00,,,Transparent environmental conditions index (0-100); not a validated GLOF probability or official warning,Low,Latest Sentinel-2 attempt was rejected: no reliable water pixels; No usable real Sentinel-2 lake-area observation; Latest NASA POWER weather observation is stale; NASA POWER returned newer rows with missing temperature or rainfall; latest usable weather is 2026-08-30; No mock fallback was used; missing or failed real data remain unavailable,1,1,,,,True,
PKGL-03152,3152,PKGL-03152,35.73423212,76.26818577,NO_USABLE_IMAGERY,,,4.984,REJECTED,2026-08-30,7.92,0.02,0.03,UNAVAILABLE,2026-09-01T05:51:30.559078+00:00,,,Transparent environmental conditions index (0-100); not a validated GLOF probability or official warning,Low,Latest Sentinel-2 attempt was rejected: no reliable water pixels; No usable real Sentinel-2 lake-area observation; Latest NASA POWER weather observation is stale; NASA POWER returned newer rows with missing temperature or rainfall; latest usable weather is 2026-08-30; No mock fallback was used; missing or failed real data remain unavailable,1,1,,,,True,
PKGL-03396,3396,PKGL-03396,36.08391323,75.3013356,NO_USABLE_IMAGERY,,,7.456,REJECTED,2026-08-30,10.88,0.0,0.0,UNAVAILABLE,2026-09-01T05:56:22.238056+00:00,,,Transparent environmental conditions index (0-100); not a validated GLOF probability or official warning,Low,Latest Sentinel-2 attempt was rejected: no reliable water pixels; No usable real Sentinel-2 lake-area observation; Latest NASA POWER weather observation is stale; NASA POWER returned newer rows with missing temperature or rainfall; latest usable weather is 2026-08-30; No mock fallback was used; missing or failed real data remain unavailable,1,1,,,,True,
PKGL-03428,3428,PKGL-03428,36.08637353,75.29249889,NO_USABLE_IMAGERY,,,14.935,REJECTED,2026-08-30,10.88,0.0,0.0,UNAVAILABLE,2026-09-01T06:00:54.257655+00:00,,,Transparent environmental conditions index (0-100); not a validated GLOF probability or official warning,Low,Latest Sentinel-2 attempt was rejected: no reliable water pixels; No usable real Sentinel-2 lake-area observation; Latest NASA POWER weather observation is stale; NASA POWER returned newer rows with missing temperature or rainfall; latest usable weather is 2026-08-30; No mock fallback was used; missing or failed real data remain unavailable,1,1,,,,True,
PKGL-03673,3673,PKGL-03673,36.09187999,75.25671513,STALE,2026-08-29T05:59:20.583000+00:00,0.017610834904654094,1.676,RELIABLE,2026-08-30,10.88,0.0,0.0,REAL,2026-09-01T05:52:49.288486+00:00,28.78,Low,Transparent environmental conditions index (0-100); not a validated GLOF probability or official warning,Low,Latest NASA POWER weather observation is stale; NASA POWER returned newer rows with missing temperature or rainfall; latest usable weather is 2026-08-30,1,1,,,,True,
PKGL-03738,3738,PKGL-03738,36.09780557,75.24161523,NO_USABLE_IMAGERY,,,3.714,REJECTED,2026-08-30,10.88,0.0,0.0,UNAVAILABLE,2026-09-01T05:46:22.726348+00:00,,,Transparent environmental conditions index (0-100); not a validated GLOF probability or official warning,Low,Latest Sentinel-2 attempt was rejected: no reliable water pixels; No usable real Sentinel-2 lake-area observation; Latest NASA POWER weather observation is stale; NASA POWER returned newer rows with missing temperature or rainfall; latest usable weather is 2026-08-30; No mock fallback was used; missing or failed real data remain unavailable,1,1,,,,True,
PKGL-03854,3854,PKGL-03854,36.10974645,75.20657315,NO_USABLE_IMAGERY,,,1.676,REJECTED,2026-08-30,10.88,0.0,0.0,UNAVAILABLE,2026-09-01T05:57:40.384422+00:00,,,Transparent environmental conditions index (0-100); not a validated GLOF probability or official warning,Low,Latest Sentinel-2 attempt was rejected: no reliable water pixels; No usable real Sentinel-2 lake-area observation; Latest NASA POWER weather observation is stale; NASA POWER returned newer rows with missing temperature or rainfall; latest usable weather is 2026-08-30; No mock fallback was used; missing or failed real data remain unavailable,1,1,,,,True,
PKGL-03880,3880,PKGL-03880,36.11099599,75.20216701,NO_USABLE_IMAGERY,,,1.676,REJECTED,2026-08-30,10.88,0.0,0.0,UNAVAILABLE,2026-09-01T05:58:42.609589+00:00,,,Transparent environmental conditions index (0-100); not a validated GLOF probability or official warning,Low,Latest Sentinel-2 attempt was rejected: no reliable water pixels; No usable real Sentinel-2 lake-area observation; Latest NASA POWER weather observation is stale; NASA POWER returned newer rows with missing temperature or rainfall; latest usable weather is 2026-08-30; No mock fallback was used; missing or failed real data remain unavailable,1,1,,,,True,
PKGL-03940,3940,PKGL-03940,36.12248218,75.17955844,NO_USABLE_IMAGERY,,,1.676,REJECTED,2026-08-30,10.88,0.0,0.0,UNAVAILABLE,2026-09-01T05:58:06.643563+00:00,,,Transparent environmental conditions index (0-100); not a validated GLOF probability or official warning,Low,Latest Sentinel-2 attempt was rejected: no reliable water pixels; No usable real Sentinel-2 lake-area observation; Latest NASA POWER weather observation is stale; NASA POWER returned newer rows with missing temperature or rainfall; latest usable weather is 2026-08-30; No mock fallback was used; missing or failed real data remain unavailable,1,1,,,,True,
PKGL-04221,4221,PKGL-04221,36.1389553,75.14690832,STALE,2026-08-29T05:59:20.583000+00:00,0.005603438099179896,1.676,RELIABLE,2026-08-30,10.88,0.0,0.0,REAL,2026-09-01T05:56:19.495146+00:00,28.78,Low,Transparent environmental conditions index (0-100); not a validated GLOF probability or official warning,Low,Latest NASA POWER weather observation is stale; NASA POWER returned newer rows with missing temperature or rainfall; latest usable weather is 2026-08-30,1,1,,,,True,
PKGL-04227,4227,PKGL-04227,36.14074468,75.15155672,NO_USABLE_IMAGERY,,,1.676,REJECTED,2026-08-30,10.88,0.0,0.0,UNAVAILABLE,2026-09-01T05:58:27.848961+00:00,,,Transparent environmental conditions index (0-100); not a validated GLOF probability or official warning,Low,Latest Sentinel-2 attempt was rejected: no reliable water pixels; No usable real Sentinel-2 lake-area observation; Latest NASA POWER weather observation is stale; NASA POWER returned newer rows with missing temperature or rainfall; latest usable weather is 2026-08-30; No mock fallback was used; missing or failed real data remain unavailable,1,1,,,,True,
PKGL-04284,4284,PKGL-04284,35.77572687,76.12374717,NO_USABLE_IMAGERY,,,9.203,REJECTED,2026-08-30,3.09,0.01,0.15,UNAVAILABLE,2026-09-01T05:48:30.166255+00:00,,,Transparent environmental conditions index (0-100); not a validated GLOF probability or official warning,Low,Latest Sentinel-2 attempt was rejected: no reliable water pixels; No usable real Sentinel-2 lake-area observation; Latest NASA POWER weather observation is stale; NASA POWER returned newer rows with missing temperature or rainfall; latest usable weather is 2026-08-30; No mock fallback was used; missing or failed real data remain unavailable,1,1,,,,True,
PKGL-04353,4353,PKGL-04353,35.93454548,76.01309273,NO_USABLE_IMAGERY,,,14.054,REJECTED,2026-08-30,3.09,0.01,0.15,UNAVAILABLE,2026-09-01T05:57:27.795969+00:00,,,Transparent environmental conditions index (0-100); not a validated GLOF probability or official warning,Low,Latest Sentinel-2 attempt was rejected: no reliable water pixels; No usable real Sentinel-2 lake-area observation; Latest NASA POWER weather observation is stale; NASA POWER returned newer rows with missing temperature or rainfall; latest usable weather is 2026-08-30; No mock fallback was used; missing or failed real data remain unavailable,1,1,,,,True,
PKGL-04361,4361,PKGL-04361,35.70263427,75.90803724,NO_USABLE_IMAGERY,,,16.007,REJECTED,2026-08-30,12.32,0.02,0.03,UNAVAILABLE,2026-09-01T05:47:43.757481+00:00,,,Transparent environmental conditions index (0-100); not a validated GLOF probability or official warning,Low,Latest Sentinel-2 attempt was rejected: no reliable water pixels; No usable real Sentinel-2 lake-area observation; Latest NASA POWER weather observation is stale; NASA POWER returned newer rows with missing temperature or rainfall; latest usable weather is 2026-08-30; No mock fallback was used; missing or failed real data remain unavailable,1,1,,,,True,
PKGL-04422,4422,PKGL-04422,35.84030757,75.7828623,NO_USABLE_IMAGERY,,,7.512,REJECTED,2026-08-30,5.47,0.0,0.02,UNAVAILABLE,2026-09-01T05:46:46.376888+00:00,,,Transparent environmental conditions index (0-100); not a validated GLOF probability or official warning,Low,Latest Sentinel-2 attempt was rejected: no reliable water pixels; No usable real Sentinel-2 lake-area observation; Latest NASA POWER weather observation is stale; NASA POWER returned newer rows with missing temperature or rainfall; latest usable weather is 2026-08-30; No mock fallback was used; missing or failed real data remain unavailable,1,1,,,,True,
PKGL-04454,4454,PKGL-04454,35.74927931,75.85714703,NO_USABLE_IMAGERY,,,6.442,REJECTED,2026-08-30,12.32,0.02,0.03,UNAVAILABLE,2026-09-01T05:53:17.524380+00:00,,,Transparent environmental conditions index (0-100); not a validated GLOF probability or official warning,Low,Latest Sentinel-2 attempt was rejected: no reliable water pixels; No usable real Sentinel-2 lake-area observation; Latest NASA POWER weather observation is stale; NASA POWER returned newer rows with missing temperature or rainfall; latest usable weather is 2026-08-30; No mock fallback was used; missing or failed real data remain unavailable,1,1,,,,True,
PKGL-04611,4611,PKGL-04611,35.84402496,75.73200321,NO_USABLE_IMAGERY,,,1.417,REJECTED,2026-08-30,5.47,0.0,0.02,UNAVAILABLE,2026-09-01T05:49:46.990344+00:00,,,Transparent environmental conditions index (0-100); not a validated GLOF probability or official warning,Low,Latest Sentinel-2 attempt was rejected: no reliable water pixels; No usable real Sentinel-2 lake-area observation; Latest NASA POWER weather observation is stale; NASA POWER returned newer rows with missing temperature or rainfall; latest usable weather is 2026-08-30; No mock fallback was used; missing or failed real data remain unavailable,1,1,,,,True,
PKGL-04671,4671,PKGL-04671,35.81529464,75.08279751,NO_USABLE_IMAGERY,,,9.098,REJECTED,2026-08-30,10.88,0.0,0.0,UNAVAILABLE,2026-09-01T06:01:21.510205+00:00,,,Transparent environmental conditions index (0-100); not a validated GLOF probability or official warning,Low,Latest Sentinel-2 attempt was rejected: no reliable water pixels; No usable real Sentinel-2 lake-area observation; Latest NASA POWER weather observation is stale; NASA POWER returned newer rows with missing temperature or rainfall; latest usable weather is 2026-08-30; No mock fallback was used; missing or failed real data remain unavailable,1,1,,,,True,
PKGL-04704,4704,PKGL-04704,35.93248408,75.12418959,STALE,2026-08-29T05:59:20.583000+00:00,0.004402909110370114,12.488,RELIABLE,2026-08-30,10.88,0.0,0.0,REAL,2026-09-01T05:58:23.323330+00:00,28.78,Low,Transparent environmental conditions index (0-100); not a validated GLOF probability or official warning,Low,Latest NASA POWER weather observation is stale; NASA POWER returned newer rows with missing temperature or rainfall; latest usable weather is 2026-08-30,1,1,,,,True,
PKGL-04753,4753,PKGL-04753,36.00928562,75.0655141,NO_USABLE_IMAGERY,,,9.098,REJECTED,2026-08-30,10.88,0.0,0.0,UNAVAILABLE,2026-09-01T05:48:10.977816+00:00,,,Transparent environmental conditions index (0-100); not a validated GLOF probability or official warning,Low,Latest Sentinel-2 attempt was rejected: no reliable water pixels; No usable real Sentinel-2 lake-area observation; Latest NASA POWER weather observation is stale; NASA POWER returned newer rows with missing temperature or rainfall; latest usable weather is 2026-08-30; No mock fallback was used; missing or failed real data remain unavailable,1,1,,,,True,
PKGL-04917,4917,PKGL-04917,35.98321445,75.14877209,NO_USABLE_IMAGERY,,,1.676,REJECTED,2026-08-30,10.88,0.0,0.0,UNAVAILABLE,2026-09-01T05:53:03.416361+00:00,,,Transparent environmental conditions index (0-100); not a validated GLOF probability or official warning,Low,Latest Sentinel-2 attempt was rejected: no reliable water pixels; No usable real Sentinel-2 lake-area observation; Latest NASA POWER weather observation is stale; NASA POWER returned newer rows with missing temperature or rainfall; latest usable weather is 2026-08-30; No mock fallback was used; missing or failed real data remain unavailable,1,1,,,,True,
PKGL-04976,4976,PKGL-04976,36.07971846,75.33535133,NO_USABLE_IMAGERY,,,10.196,REJECTED,2026-08-30,5.47,0.0,0.02,UNAVAILABLE,2026-09-01T05:50:29.925132+00:00,,,Transparent environmental conditions index (0-100); not a validated GLOF probability or official warning,Low,Latest Sentinel-2 attempt was rejected: no reliable water pixels; No usable real Sentinel-2 lake-area observation; Latest NASA POWER weather observation is stale; NASA POWER returned newer rows with missing temperature or rainfall; latest usable weather is 2026-08-30; No mock fallback was used; missing or failed real data remain unavailable,1,1,,,,True,
PKGL-05131,5131,PKGL-05131,35.89813193,75.57681144,NO_USABLE_IMAGERY,,,1.676,REJECTED,2026-08-30,5.47,0.0,0.02,UNAVAILABLE,2026-09-01T05:53:26.142497+00:00,,,Transparent environmental conditions index (0-100); not a validated GLOF probability or official warning,Low,Latest Sentinel-2 attempt was rejected: no reliable water pixels; No usable real Sentinel-2 lake-area observation; Latest NASA POWER weather observation is stale; NASA POWER returned newer rows with missing temperature or rainfall; latest usable weather is 2026-08-30; No mock fallback was used; missing or failed real data remain unavailable,1,1,,,,True,
PKGL-05213,5213,PKGL-05213,35.86887043,75.68363994,NO_USABLE_IMAGERY,,,1.417,REJECTED,2026-08-30,5.47,0.0,0.02,UNAVAILABLE,2026-09-01T05:59:51.099320+00:00,,,Transparent environmental conditions index (0-100); not a validated GLOF probability or official warning,Low,Latest Sentinel-2 attempt was rejected: no reliable water pixels; No usable real Sentinel-2 lake-area observation; Latest NASA POWER weather observation is stale; NASA POWER returned newer rows with missing temperature or rainfall; latest usable weather is 2026-08-30; No mock fallback was used; missing or failed real data remain unavailable,1,1,,,,True,
PKGL-05335,5335,PKGL-05335,35.92955734,75.91867907,NO_USABLE_IMAGERY,,,32.74,REJECTED,2026-08-30,5.47,0.0,0.02,UNAVAILABLE,2026-09-01T06:02:01.291773+00:00,,,Transparent environmental conditions index (0-100); not a validated GLOF probability or official warning,Low,Latest Sentinel-2 attempt was rejected: no reliable water pixels; No usable real Sentinel-2 lake-area observation; Latest NASA POWER weather observation is stale; NASA POWER returned newer rows with missing temperature or rainfall; latest usable weather is 2026-08-30; No mock fallback was used; missing or failed real data remain unavailable,1,1,,,,True,
PKGL-05516,5516,PKGL-05516,35.86544519,75.96212799,NO_USABLE_IMAGERY,,,1.818,REJECTED,2026-08-30,3.09,0.01,0.15,UNAVAILABLE,2026-09-01T05:47:20.566262+00:00,,,Transparent environmental conditions index (0-100); not a validated GLOF probability or official warning,Low,Latest Sentinel-2 attempt was rejected: no reliable water pixels; No usable real Sentinel-2 lake-area observation; Latest NASA POWER weather observation is stale; NASA POWER returned newer rows with missing temperature or rainfall; latest usable weather is 2026-08-30; No mock fallback was used; missing or failed real data remain unavailable,1,1,,,,True,
PKGL-05539,5539,PKGL-05539,35.78427746,76.39338411,STALE,2026-08-29T05:49:03.488000+00:00,0.0008002449099084901,21.914,RELIABLE,2026-08-30,3.09,0.01,0.15,REAL,2026-09-01T05:57:24.731841+00:00,5.16,Low,Transparent environmental conditions index (0-100); not a validated GLOF probability or official warning,Low,Latest NASA POWER weather observation is stale; NASA POWER returned newer rows with missing temperature or rainfall; latest usable weather is 2026-08-30,1,1,,,,True,
PKGL-05585,5585,PKGL-05585,36.43723358,75.8266913,STALE,2026-08-29T05:48:52.285000+00:00,0.00040016646151492933,12.612,RELIABLE,2026-08-30,5.16,0.0,0.83,REAL,2026-09-01T05:58:58.948085+00:00,11.66,Low,Transparent environmental conditions index (0-100); not a validated GLOF probability or official warning,Low,Latest NASA POWER weather observation is stale; NASA POWER returned newer rows with missing temperature or rainfall; latest usable weather is 2026-08-30,1,1,,,,True,
PKGL-05614,5614,PKGL-05614,36.48047837,75.61786552,NO_USABLE_IMAGERY,,,14.763,REJECTED,2026-08-30,5.16,0.0,0.83,UNAVAILABLE,2026-09-01T05:55:39.065959+00:00,,,Transparent environmental conditions index (0-100); not a validated GLOF probability or official warning,Low,Latest Sentinel-2 attempt was rejected: no reliable water pixels; No usable real Sentinel-2 lake-area observation; Latest NASA POWER weather observation is stale; NASA POWER returned newer rows with missing temperature or rainfall; latest usable weather is 2026-08-30; No mock fallback was used; missing or failed real data remain unavailable,1,1,,,,True,
PKGL-05664,5664,PKGL-05664,36.44135196,75.70608247,NO_USABLE_IMAGERY,,,14.763,REJECTED,2026-08-30,5.16,0.0,0.83,UNAVAILABLE,2026-09-01T05:55:06.066699+00:00,,,Transparent environmental conditions index (0-100); not a validated GLOF probability or official warning,Low,Latest Sentinel-2 attempt was rejected: no reliable water pixels; No usable real Sentinel-2 lake-area observation; Latest NASA POWER weather observation is stale; NASA POWER returned newer rows with missing temperature or rainfall; latest usable weather is 2026-08-30; No mock fallback was used; missing or failed real data remain unavailable,1,1,,,,True,
PKGL-05715,5715,PKGL-05715,36.33348574,75.47989493,STALE,2026-08-29T05:48:52.285000+00:00,0.005202749575656428,12.612,RELIABLE,2026-08-30,5.16,0.0,0.83,REAL,2026-09-01T05:49:39.272514+00:00,11.66,Low,Transparent environmental conditions index (0-100); not a validated GLOF probability or official warning,Low,Latest NASA POWER weather observation is stale; NASA POWER returned newer rows with missing temperature or rainfall; latest usable weather is 2026-08-30,1,1,,,,True,
PKGL-05727,5727,PKGL-05727,36.54723703,75.34472983,STALE,2026-08-29T05:59:05.939000+00:00,0.2545283379676278,14.763,RELIABLE,2026-08-30,5.16,0.0,0.83,REAL,2026-09-01T06:01:48.852524+00:00,11.66,Low,Transparent environmental conditions index (0-100); not a validated GLOF probability or official warning,Low,Latest NASA POWER weather observation is stale; NASA POWER returned newer rows with missing temperature or rainfall; latest usable weather is 2026-08-30,1,1,,,,True,
PKGL-05740,5740,PKGL-05740,36.58123193,75.19608937,NO_USABLE_IMAGERY,,,51.512,REJECTED,2026-08-30,7.94,0.0,0.24000000000000002,UNAVAILABLE,2026-09-01T05:51:57.203949+00:00,,,Transparent environmental conditions index (0-100); not a validated GLOF probability or official warning,Low,Latest Sentinel-2 attempt was rejected: insufficient clear pixels; cloud percentage above configured limit; no reliable water pixels; No usable real Sentinel-2 lake-area observation; Latest NASA POWER weather observation is stale; NASA POWER returned newer rows with missing temperature or rainfall; latest usable weather is 2026-08-30; No mock fallback was used; missing or failed real data remain unavailable,1,1,,,,True,
PKGL-05874,5874,PKGL-05874,36.49685731,74.8334817,NO_USABLE_IMAGERY,,,5.671,REJECTED,2026-08-30,7.94,0.0,0.24000000000000002,UNAVAILABLE,2026-09-01T05:57:16.388367+00:00,,,Transparent environmental conditions index (0-100); not a validated GLOF probability or official warning,Low,Latest Sentinel-2 attempt was rejected: no reliable water pixels; No usable real Sentinel-2 lake-area observation; Latest NASA POWER weather observation is stale; NASA POWER returned newer rows with missing temperature or rainfall; latest usable weather is 2026-08-30; No mock fallback was used; missing or failed real data remain unavailable,1,1,,,,True,
PKGL-05948,5948,PKGL-05948,36.54833344,75.35305526,STALE,2026-08-29T05:59:05.939000+00:00,0.011205624221944871,17.484,RELIABLE,2026-08-30,5.16,0.0,0.83,REAL,2026-09-01T05:52:45.811706+00:00,11.66,Low,Transparent environmental conditions index (0-100); not a validated GLOF probability or official warning,Low,Latest NASA POWER weather observation is stale; NASA POWER returned newer rows with missing temperature or rainfall; latest usable weather is 2026-08-30,1,1,,,,True,
PKGL-06056,6056,PKGL-06056,36.8735406,73.72134794,STALE,2026-08-22T05:58:54.831000+00:00,0.0016002135385142678,14.875,RELIABLE,2026-08-30,9.51,0.0,0.09,REAL,2026-09-01T05:47:37.456537+00:00,22.13,Low,Transparent environmental conditions index (0-100); not a validated GLOF probability or official warning,Low,Latest NASA POWER weather observation is stale; NASA POWER returned newer rows with missing temperature or rainfall; latest usable weather is 2026-08-30,1,1,,,,True,
PKGL-06130,6130,PKGL-06130,36.28583978,75.81294697,NO_USABLE_IMAGERY,,,12.612,REJECTED,2026-08-30,5.16,0.0,0.83,UNAVAILABLE,2026-09-01T05:55:24.936429+00:00,,,Transparent environmental conditions index (0-100); not a validated GLOF probability or official warning,Low,Latest Sentinel-2 attempt was rejected: no reliable water pixels; No usable real Sentinel-2 lake-area observation; Latest NASA POWER weather observation is stale; NASA POWER returned newer rows with missing temperature or rainfall; latest usable weather is 2026-08-30; No mock fallback was used; missing or failed real data remain unavailable,1,1,,,,True,
PKGL-06176,6176,PKGL-06176,36.26877318,75.81286567,NO_USABLE_IMAGERY,,,12.612,REJECTED,2026-08-30,5.16,0.0,0.83,UNAVAILABLE,2026-09-01T05:56:06.172254+00:00,,,Transparent environmental conditions index (0-100); not a validated GLOF probability or official warning,Low,Latest Sentinel-2 attempt was rejected: no reliable water pixels; No usable real Sentinel-2 lake-area observation; Latest NASA POWER weather observation is stale; NASA POWER returned newer rows with missing temperature or rainfall; latest usable weather is 2026-08-30; No mock fallback was used; missing or failed real data remain unavailable,1,1,,,,True,
PKGL-06300,6300,PKGL-06300,36.27289823,75.81161804,STALE,2026-08-29T05:48:52.285000+00:00,0.03641662201147949,12.612,RELIABLE,2026-08-30,5.16,0.0,0.83,REAL,2026-09-01T05:49:55.435493+00:00,11.66,Low,Transparent environmental conditions index (0-100); not a validated GLOF probability or official warning,Low,Latest NASA POWER weather observation is stale; NASA POWER returned newer rows with missing temperature or rainfall; latest usable weather is 2026-08-30,1,1,,,,False,Ring Self-intersection[572861.5127 4014620.1699]
PKGL-06302,6302,PKGL-06302,36.26761147,75.82110789,NO_USABLE_IMAGERY,,,12.612,REJECTED,2026-08-30,5.16,0.0,0.83,UNAVAILABLE,2026-09-01T05:49:17.421469+00:00,,,Transparent environmental conditions index (0-100); not a validated GLOF probability or official warning,Low,Latest Sentinel-2 attempt was rejected: no reliable water pixels; No usable real Sentinel-2 lake-area observation; Latest NASA POWER weather observation is stale; NASA POWER returned newer rows with missing temperature or rainfall; latest usable weather is 2026-08-30; No mock fallback was used; missing or failed real data remain unavailable,1,1,,,,True,
PKGL-06316,6316,PKGL-06316,36.2746146,75.82097833,STALE,2026-08-29T05:48:52.285000+00:00,0.0008003631397883261,12.612,RELIABLE,2026-08-30,5.16,0.0,0.83,REAL,2026-09-01T05:55:21.718684+00:00,11.66,Low,Transparent environmental conditions index (0-100); not a validated GLOF probability or official warning,Low,Latest NASA POWER weather observation is stale; NASA POWER returned newer rows with missing temperature or rainfall; latest usable weather is 2026-08-30,1,1,,,,True,
PKGL-06317,6317,PKGL-06317,36.27429487,75.82046094,STALE,2026-08-29T05:48:52.285000+00:00,0.0008003631397584875,12.612,RELIABLE,2026-08-30,5.16,0.0,0.83,REAL,2026-09-01T05:52:42.702881+00:00,11.66,Low,Transparent environmental conditions index (0-100); not a validated GLOF probability or official warning,Low,Latest NASA POWER weather observation is stale; NASA POWER returned newer rows with missing temperature or rainfall; latest usable weather is 2026-08-30,1,1,,,,True,
PKGL-06406,6406,PKGL-06406,35.728663,74.10231176,NO_USABLE_IMAGERY,,,26.703,REJECTED,2026-08-30,16.78,0.92,1.58,UNAVAILABLE,2026-09-01T05:59:40.749193+00:00,,,Transparent environmental conditions index (0-100); not a validated GLOF probability or official warning,Low,Latest Sentinel-2 attempt was rejected: no reliable water pixels; No usable real Sentinel-2 lake-area observation; Latest NASA POWER weather observation is stale; NASA POWER returned newer rows with missing temperature or rainfall; latest usable weather is 2026-08-30; No mock fallback was used; missing or failed real data remain unavailable,1,1,,,,True,
PKGL-06448,6448,PKGL-06448,35.6862745,74.22977957,NO_USABLE_IMAGERY,,,32.091,REJECTED,2026-08-30,16.78,0.92,1.58,UNAVAILABLE,2026-09-01T05:59:58.232901+00:00,,,Transparent environmental conditions index (0-100); not a validated GLOF probability or official warning,Low,Latest Sentinel-2 attempt was rejected: no reliable water pixels; No usable real Sentinel-2 lake-area observation; Latest NASA POWER weather observation is stale; NASA POWER returned newer rows with missing temperature or rainfall; latest usable weather is 2026-08-30; No mock fallback was used; missing or failed real data remain unavailable,1,1,,,,True,
PKGL-06467,6467,PKGL-06467,35.71546636,74.25847539,NO_USABLE_IMAGERY,,,9.098,REJECTED,2026-08-30,16.78,0.92,1.58,UNAVAILABLE,2026-09-01T05:59:08.132151+00:00,,,Transparent environmental conditions index (0-100); not a validated GLOF probability or official warning,Low,Latest Sentinel-2 attempt was rejected: no reliable water pixels; No usable real Sentinel-2 lake-area observation; Latest NASA POWER weather observation is stale; NASA POWER returned newer rows with missing temperature or rainfall; latest usable weather is 2026-08-30; No mock fallback was used; missing or failed real data remain unavailable,1,1,,,,True,
PKGL-06543,6543,PKGL-06543,35.80254827,74.17854671,NO_USABLE_IMAGERY,,,9.098,REJECTED,2026-08-30,15.31,0.09,0.09,UNAVAILABLE,2026-09-01T05:57:56.522174+00:00,,,Transparent environmental conditions index (0-100); not a validated GLOF probability or official warning,Low,Latest Sentinel-2 attempt was rejected: no reliable water pixels; No usable real Sentinel-2 lake-area observation; Latest NASA POWER weather observation is stale; NASA POWER returned newer rows with missing temperature or rainfall; latest usable weather is 2026-08-30; No mock fallback was used; missing or failed real data remain unavailable,1,1,,,,True,
PKGL-06544,6544,PKGL-06544,35.7294508,74.21316728,NO_USABLE_IMAGERY,,,9.098,REJECTED,2026-08-30,16.78,0.92,1.58,UNAVAILABLE,2026-09-01T06:00:08.386764+00:00,,,Transparent environmental conditions index (0-100); not a validated GLOF probability or official warning,Low,Latest Sentinel-2 attempt was rejected: no reliable water pixels; No usable real Sentinel-2 lake-area observation; Latest NASA POWER weather observation is stale; NASA POWER returned newer rows with missing temperature or rainfall; latest usable weather is 2026-08-30; No mock fallback was used; missing or failed real data remain unavailable,1,1,,,,True,
PKGL-06738,6738,PKGL-06738,36.77776213,74.389911,NO_USABLE_IMAGERY,,,5.671,REJECTED,2026-08-30,7.6,0.0,0.43,UNAVAILABLE,2026-09-01T06:01:39.995533+00:00,,,Transparent environmental conditions index (0-100); not a validated GLOF probability or official warning,Low,Latest Sentinel-2 attempt was rejected: no reliable water pixels; No usable real Sentinel-2 lake-area observation; Latest NASA POWER weather observation is stale; NASA POWER returned newer rows with missing temperature or rainfall; latest usable weather is 2026-08-30; No mock fallback was used; missing or failed real data remain unavailable,1,1,,,,True,
SOURCE-POLYGON-06960,6960,PKGL-06121,36.70928818,74.14079707,EXCLUDED_DUPLICATE,,,,,,,,,UNAVAILABLE,,,,Transparent environmental conditions index (0-100); not a validated GLOF probability or official warning,Low,Exact duplicate geometry of source polygon OBJECTID_1=6121; canonical processed record is PKGL-06121,0,0,,,,True,
SOURCE-POLYGON-06961,6961,PKGL-06122,36.70987721,74.14084946,EXCLUDED_DUPLICATE,,,,,,,,,UNAVAILABLE,,,,Transparent environmental conditions index (0-100); not a validated GLOF probability or official warning,Low,Exact duplicate geometry of source polygon OBJECTID_1=6122; canonical processed record is PKGL-06122,0,0,,,,True,
PKGL-07012,7014,PKGL-07012,36.6098519,73.03969422,NO_USABLE_IMAGERY,,,6.02,REJECTED,2026-08-30,13.29,0.04,0.05,UNAVAILABLE,2026-09-01T05:47:51.346534+00:00,,,Transparent environmental conditions index (0-100); not a validated GLOF probability or official warning,Low,Latest Sentinel-2 attempt was rejected: no reliable water pixels; No usable real Sentinel-2 lake-area observation; Latest NASA POWER weather observation is stale; NASA POWER returned newer rows with missing temperature or rainfall; latest usable weather is 2026-08-30; No mock fallback was used; missing or failed real data remain unavailable,1,1,,,,True,
PKGL-07022,7024,PKGL-07022,36.61642462,73.06421775,STALE,2026-08-30T06:08:52.283000+00:00,0.0019995459816802862,6.02,RELIABLE,2026-08-30,13.29,0.04,0.05,REAL,2026-09-01T05:59:28.963975+00:00,31.29,Low,Transparent environmental conditions index (0-100); not a validated GLOF probability or official warning,Low,Latest NASA POWER weather observation is stale; NASA POWER returned newer rows with missing temperature or rainfall; latest usable weather is 2026-08-30,1,1,,,,True,
PKGL-07035,7037,PKGL-07035,36.63155342,73.1273708,NO_USABLE_IMAGERY,,,13.414,REJECTED,2026-08-30,13.29,0.04,0.05,UNAVAILABLE,2026-09-01T05:54:18.442786+00:00,,,Transparent environmental conditions index (0-100); not a validated GLOF probability or official warning,Low,Latest Sentinel-2 attempt was rejected: no reliable water pixels; No usable real Sentinel-2 lake-area observation; Latest NASA POWER weather observation is stale; NASA POWER returned newer rows with missing temperature or rainfall; latest usable weather is 2026-08-30; No mock fallback was used; missing or failed real data remain unavailable,1,1,,,,True,
PKGL-07184,7186,PKGL-07184,34.74217346,75.37471714,NO_USABLE_IMAGERY,,,5.047,REJECTED,2026-08-30,12.11,1.18,2.36,UNAVAILABLE,2026-09-01T05:56:54.230554+00:00,,,Transparent environmental conditions index (0-100); not a validated GLOF probability or official warning,Low,Latest Sentinel-2 attempt was rejected: no reliable water pixels; No usable real Sentinel-2 lake-area observation; Latest NASA POWER weather observation is stale; NASA POWER returned newer rows with missing temperature or rainfall; latest usable weather is 2026-08-30; No mock fallback was used; missing or failed real data remain unavailable,1,1,,,,True,
PKGL-07272,7274,PKGL-07272,35.03153087,75.51712176,NO_USABLE_IMAGERY,,,5.047,REJECTED,2026-08-30,12.29,0.82,1.22,UNAVAILABLE,2026-09-01T05:53:59.481585+00:00,,,Transparent environmental conditions index (0-100); not a validated GLOF probability or official warning,Low,Latest Sentinel-2 attempt was rejected: no reliable water pixels; No usable real Sentinel-2 lake-area observation; Latest NASA POWER weather observation is stale; NASA POWER returned newer rows with missing temperature or rainfall; latest usable weather is 2026-08-30; No mock fallback was used; missing or failed real data remain unavailable,1,1,,,,True,
PKGL-07437,7439,PKGL-07437,34.87493002,75.94732644,STALE,2026-08-29T05:49:21.340000+00:00,0.018813411595567292,5.047,RELIABLE,2026-08-30,12.73,0.18,0.22,REAL,2026-09-01T05:49:43.364563+00:00,31.42,Low,Transparent environmental conditions index (0-100); not a validated GLOF probability or official warning,Low,Latest NASA POWER weather observation is stale; NASA POWER returned newer rows with missing temperature or rainfall; latest usable weather is 2026-08-30,1,1,,,,True,
PKGL-07440,7442,PKGL-07440,34.85781982,75.99796658,STALE,2026-08-29T05:49:21.340000+00:00,0.014810310390309191,5.047,RELIABLE,2026-08-30,12.73,0.18,0.22,REAL,2026-09-01T05:56:15.646658+00:00,31.42,Low,Transparent environmental conditions index (0-100); not a validated GLOF probability or official warning,Low,Latest NASA POWER weather observation is stale; NASA POWER returned newer rows with missing temperature or rainfall; latest usable weather is 2026-08-30,1,1,,,,True,
PKGL-07455,7457,PKGL-07455,34.75365742,76.03755873,STALE,2026-08-29T05:49:21.340000+00:00,0.006404496674811931,5.047,RELIABLE,2026-08-30,12.73,0.18,0.22,REAL,2026-09-01T05:49:25.730713+00:00,31.42,Low,Transparent environmental conditions index (0-100); not a validated GLOF probability or official warning,Low,Latest NASA POWER weather observation is stale; NASA POWER returned newer rows with missing temperature or rainfall; latest usable weather is 2026-08-30,1,1,,,,True,
PKGL-07615,7617,PKGL-07615,34.94533233,75.76947126,NO_USABLE_IMAGERY,,,5.047,REJECTED,2026-08-30,12.29,0.82,1.22,UNAVAILABLE,2026-09-01T05:50:03.197454+00:00,,,Transparent environmental conditions index (0-100); not a validated GLOF probability or official warning,Low,Latest Sentinel-2 attempt was rejected: no reliable water pixels; No usable real Sentinel-2 lake-area observation; Latest NASA POWER weather observation is stale; NASA POWER returned newer rows with missing temperature or rainfall; latest usable weather is 2026-08-30; No mock fallback was used; missing or failed real data remain unavailable,1,1,,,,True,
PKGL-07782,7784,PKGL-07782,34.91007973,73.4956396,NO_USABLE_IMAGERY,,,90.892,REJECTED,2026-08-30,15.51,3.9,7.39,UNAVAILABLE,2026-09-01T05:54:08.661189+00:00,,,Transparent environmental conditions index (0-100); not a validated GLOF probability or official warning,Low,Latest Sentinel-2 attempt was rejected: insufficient clear pixels; cloud percentage above configured limit; no reliable water pixels; No usable real Sentinel-2 lake-area observation; Latest NASA POWER weather observation is stale; NASA POWER returned newer rows with missing temperature or rainfall; latest usable weather is 2026-08-30; No mock fallback was used; missing or failed real data remain unavailable,1,1,,,,True,
PKGL-07877,7879,PKGL-07877,35.36607316,73.42282204,NO_USABLE_IMAGERY,,,93.209,REJECTED,2026-08-30,14.81,2.07,5.1,UNAVAILABLE,2026-09-01T05:49:28.834638+00:00,,,Transparent environmental conditions index (0-100); not a validated GLOF probability or official warning,Low,Latest Sentinel-2 attempt was rejected: insufficient clear pixels; cloud percentage above configured limit; no reliable water pixels; No usable real Sentinel-2 lake-area observation; Latest NASA POWER weather observation is stale; NASA POWER returned newer rows with missing temperature or rainfall; latest usable weather is 2026-08-30; No mock fallback was used; missing or failed real data remain unavailable,1,1,,,,True,
PKGL-07949,7951,PKGL-07949,35.36782842,73.41464507,STALE,2026-08-27T05:59:10.698000+00:00,0.001600444794081452,18.975,RELIABLE,2026-08-30,14.81,2.07,5.1,REAL,2026-09-01T05:52:52.434343+00:00,33.82,Medium,Transparent environmental conditions index (0-100); not a validated GLOF probability or official warning,Low,Latest NASA POWER weather observation is stale; NASA POWER returned newer rows with missing temperature or rainfall; latest usable weather is 2026-08-30,1,1,,,,True,
PKGL-07980,7982,PKGL-07980,35.07680814,73.69623591,STALE,2026-08-27T05:59:25.089000+00:00,0.0024012128711064728,21.485,RELIABLE,2026-08-30,15.51,3.9,7.39,REAL,2026-09-01T05:57:36.373973+00:00,35.53,Medium,Transparent environmental conditions index (0-100); not a validated GLOF probability or official warning,Low,Latest NASA POWER weather observation is stale; NASA POWER returned newer rows with missing temperature or rainfall; latest usable weather is 2026-08-30,1,1,,,,True,
PKGL-07981,7983,PKGL-07981,35.06783327,73.70015918,NO_USABLE_IMAGERY,,,50.449,REJECTED,2026-08-30,15.51,3.9,7.39,UNAVAILABLE,2026-09-01T06:00:18.042403+00:00,,,Transparent environmental conditions index (0-100); not a validated GLOF probability or official warning,Low,Latest Sentinel-2 attempt was rejected: cloud percentage above configured limit; no reliable water pixels; No usable real Sentinel-2 lake-area observation; Latest NASA POWER weather observation is stale; NASA POWER returned newer rows with missing temperature or rainfall; latest usable weather is 2026-08-30; No mock fallback was used; missing or failed real data remain unavailable,1,1,,,,True,
PKGL-08006,8008,PKGL-08006,34.87185926,73.42193231,NO_USABLE_IMAGERY,,,99.896,REJECTED,2026-08-30,17.83,4.64,6.96,UNAVAILABLE,2026-09-01T05:59:18.333162+00:00,,,Transparent environmental conditions index (0-100); not a validated GLOF probability or official warning,Low,Latest Sentinel-2 attempt was rejected: insufficient clear pixels; cloud percentage above configured limit; no reliable water pixels; No usable real Sentinel-2 lake-area observation; Latest NASA POWER weather observation is stale; NASA POWER returned newer rows with missing temperature or rainfall; latest usable weather is 2026-08-30; No mock fallback was used; missing or failed real data remain unavailable,1,1,,,,True,
PKGL-08051,8053,PKGL-08051,35.10379808,74.10417737,NO_USABLE_IMAGERY,,,32.495,REJECTED,2026-08-30,13.55,1.45,3.59,UNAVAILABLE,2026-09-01T05:50:58.506030+00:00,,,Transparent environmental conditions index (0-100); not a validated GLOF probability or official warning,Low,Latest Sentinel-2 attempt was rejected: no reliable water pixels; No usable real Sentinel-2 lake-area observation; Latest NASA POWER weather observation is stale; NASA POWER returned newer rows with missing temperature or rainfall; latest usable weather is 2026-08-30; No mock fallback was used; missing or failed real data remain unavailable,1,1,,,,True,
PKGL-08230,8232,PKGL-08230,35.15043168,73.76458893,NO_USABLE_IMAGERY,,,50.449,REJECTED,2026-08-30,15.51,3.9,7.39,UNAVAILABLE,2026-09-01T05:47:03.943317+00:00,,,Transparent environmental conditions index (0-100); not a validated GLOF probability or official warning,Low,Latest Sentinel-2 attempt was rejected: cloud percentage above configured limit; no reliable water pixels; No usable real Sentinel-2 lake-area observation; Latest NASA POWER weather observation is stale; NASA POWER returned newer rows with missing temperature or rainfall; latest usable weather is 2026-08-30; No mock fallback was used; missing or failed real data remain unavailable,1,1,,,,True,
PKGL-08343,8345,PKGL-08343,35.25716295,75.16101116,STALE,2026-08-29T05:49:06.714000+00:00,0.001601294107502882,1.417,RELIABLE,2026-08-30,14.86,0.36,0.49,REAL,2026-09-01T05:50:53.167737+00:00,31.6,Low,Transparent environmental conditions index (0-100); not a validated GLOF probability or official warning,Low,Latest NASA POWER weather observation is stale; NASA POWER returned newer rows with missing temperature or rainfall; latest usable weather is 2026-08-30,1,1,,,,True,
PKGL-08355,8357,PKGL-08355,35.23048577,75.18247191,STALE,2026-08-29T05:59:33.922000+00:00,0.008406830700417924,11.302,RELIABLE,2026-08-30,12.74,1.27,2.31,REAL,2026-09-01T06:00:27.838761+00:00,32.62,Low,Transparent environmental conditions index (0-100); not a validated GLOF probability or official warning,Low,Latest NASA POWER weather observation is stale; NASA POWER returned newer rows with missing temperature or rainfall; latest usable weather is 2026-08-30,1,1,,,,True,
PKGL-08633,8635,PKGL-08633,35.21815453,75.20692142,STALE,2026-08-27T05:59:16.484000+00:00,0.00040032559644760017,29.422,RELIABLE,2026-08-30,12.74,1.27,2.31,REAL,2026-09-01T05:52:19.052287+00:00,32.62,Low,Transparent environmental conditions index (0-100); not a validated GLOF probability or official warning,Low,Latest NASA POWER weather observation is stale; NASA POWER returned newer rows with missing temperature or rainfall; latest usable weather is 2026-08-30,1,1,,,,True,
PKGL-08763,8765,PKGL-08763,35.01409962,74.9155961,STALE,2026-08-24T05:49:24.454000+00:00,0.0008006930404428798,34.99,RELIABLE,2026-08-30,12.74,1.27,2.31,REAL,2026-09-01T05:52:57.028308+00:00,32.62,Low,Transparent environmental conditions index (0-100); not a validated GLOF probability or official warning,Low,Latest NASA POWER weather observation is stale; NASA POWER returned newer rows with missing temperature or rainfall; latest usable weather is 2026-08-30,1,1,,,,True,
