pilot_order,lake_id,source_polygon_id,latitude,longitude,elevation_m,reference_area_km2,latitude_band,longitude_band,elevation_band,area_band,pilot_stratum,stratum_population,stratum_pilot_count,expansion_weight,selection_seed
1,PKGL-03738,3738,36.09780557,75.24161523,4013.0,0.000941731,NORTH,CENTRAL,LOW,MEDIUM,NORTH|CENTRAL|LOW|MEDIUM,432,3,144.0,20260901
2,PKGL-00995,995,35.66439412,73.15605499,3683.0,0.005400056,CENTRAL,WEST,LOW,LARGE,CENTRAL|WEST|LOW|LARGE,63,1,63.0,20260901
3,PKGL-04422,4422,35.84030757,75.7828623,3972.0,0.000176835,CENTRAL,EAST,LOW,SMALL,CENTRAL|EAST|LOW|SMALL,330,2,165.0,20260901
4,PKGL-02691,2691,35.23827707,77.10534881,4235.0,0.000616181,SOUTH,EAST,MEDIUM,SMALL,SOUTH|EAST|MEDIUM|SMALL,47,1,47.0,20260901
5,PKGL-08230,8232,35.15043168,73.76458893,3166.0,0.000487575,SOUTH,WEST,LOW,SMALL,SOUTH|WEST|LOW|SMALL,38,1,38.0,20260901
6,PKGL-05516,5516,35.86544519,75.96212799,3866.0,0.000719812,CENTRAL,EAST,LOW,SMALL,CENTRAL|EAST|LOW|SMALL,330,2,165.0,20260901
7,PKGL-02156,2156,35.38854587,76.64322319,3511.0,0.002773487,SOUTH,EAST,LOW,MEDIUM,SOUTH|EAST|LOW|MEDIUM,54,1,54.0,20260901
8,PKGL-06056,6056,36.8735406,73.72134794,4338.0,0.001451548,NORTH,WEST,MEDIUM,MEDIUM,NORTH|WEST|MEDIUM|MEDIUM,62,1,62.0,20260901
9,PKGL-04361,4361,35.70263427,75.90803724,3173.0,0.001175971,CENTRAL,EAST,LOW,MEDIUM,CENTRAL|EAST|LOW|MEDIUM,300,2,150.0,20260901
10,PKGL-07012,7014,36.6098519,73.03969422,3902.0,0.000224981,NORTH,WEST,LOW,SMALL,NORTH|WEST|LOW|SMALL,116,1,116.0,20260901
11,PKGL-04753,4753,36.00928562,75.0655141,4204.0,0.000740918,CENTRAL,CENTRAL,MEDIUM,SMALL,CENTRAL|CENTRAL|MEDIUM|SMALL,47,1,47.0,20260901
12,PKGL-04284,4284,35.77572687,76.12374717,4650.0,0.000743929,CENTRAL,EAST,HIGH,SMALL,CENTRAL|EAST|HIGH|SMALL,81,1,81.0,20260901
13,PKGL-00443,443,35.97514121,71.35609947,4429.0,0.002518604,CENTRAL,WEST,HIGH,MEDIUM,CENTRAL|WEST|HIGH|MEDIUM,122,1,122.0,20260901
14,PKGL-02404,2404,34.70407212,77.07198862,5164.0,0.00098403,SOUTH,EAST,HIGH,MEDIUM,SOUTH|EAST|HIGH|MEDIUM,272,2,136.0,20260901
15,PKGL-06302,6302,36.26761147,75.82110789,4049.0,0.008846983,NORTH,EAST,MEDIUM,LARGE,NORTH|EAST|MEDIUM|LARGE,7,1,7.0,20260901
16,PKGL-07455,7457,34.75365742,76.03755873,4289.0,0.024032757,SOUTH,EAST,MEDIUM,LARGE,SOUTH|EAST|MEDIUM|LARGE,7,1,7.0,20260901
17,PKGL-07877,7879,35.36607316,73.42282204,4410.0,0.040503525,SOUTH,WEST,HIGH,LARGE,SOUTH|WEST|HIGH|LARGE,49,1,49.0,20260901
18,PKGL-05715,5715,36.33348574,75.47989493,3594.0,0.000862333,NORTH,CENTRAL,LOW,SMALL,NORTH|CENTRAL|LOW|SMALL,567,5,113.4,20260901
19,PKGL-07437,7439,34.87493002,75.94732644,4677.0,0.016928789,SOUTH,EAST,HIGH,LARGE,SOUTH|EAST|HIGH|LARGE,414,3,138.0,20260901
20,PKGL-04611,4611,35.84402496,75.73200321,4041.0,0.000507044,CENTRAL,EAST,MEDIUM,SMALL,CENTRAL|EAST|MEDIUM|SMALL,282,2,141.0,20260901
21,PKGL-06300,6300,36.27289823,75.81161804,4010.0,0.061531577,NORTH,EAST,LOW,LARGE,NORTH|EAST|LOW|LARGE,1,1,1.0,20260901
22,PKGL-00950,950,35.56163654,73.06693782,4357.0,0.026094937,SOUTH,WEST,MEDIUM,LARGE,SOUTH|WEST|MEDIUM|LARGE,327,2,163.5,20260901
23,PKGL-07615,7617,34.94533233,75.76947126,4857.0,0.000387124,SOUTH,EAST,HIGH,SMALL,SOUTH|EAST|HIGH|SMALL,208,1,208.0,20260901
24,PKGL-00113,113,34.93488782,74.70231031,4342.0,0.000720789,SOUTH,CENTRAL,MEDIUM,SMALL,SOUTH|CENTRAL|MEDIUM|SMALL,14,1,14.0,20260901
25,PKGL-04976,4976,36.07971846,75.33535133,4236.0,0.001185238,NORTH,CENTRAL,MEDIUM,MEDIUM,NORTH|CENTRAL|MEDIUM|MEDIUM,197,1,197.0,20260901
26,PKGL-08343,8345,35.25716295,75.16101116,4651.0,0.008803975,SOUTH,CENTRAL,HIGH,LARGE,SOUTH|CENTRAL|HIGH|LARGE,306,2,153.0,20260901
27,PKGL-08051,8053,35.10379808,74.10417737,4009.0,0.045184034,SOUTH,WEST,LOW,LARGE,SOUTH|WEST|LOW|LARGE,206,1,206.0,20260901
28,PKGL-00202,202,35.01355005,74.60714406,4562.0,0.000886358,SOUTH,CENTRAL,HIGH,SMALL,SOUTH|CENTRAL|HIGH|SMALL,53,1,53.0,20260901
29,PKGL-03152,3152,35.73423212,76.26818577,3966.0,0.001242637,CENTRAL,EAST,LOW,MEDIUM,CENTRAL|EAST|LOW|MEDIUM,300,2,150.0,20260901
30,PKGL-01281,1281,36.05169416,73.71282665,4308.0,0.03526807,NORTH,WEST,MEDIUM,LARGE,NORTH|WEST|MEDIUM|LARGE,52,1,52.0,20260901
31,PKGL-02102,2102,35.42354985,76.65099733,3728.0,0.005842485,SOUTH,EAST,LOW,LARGE,SOUTH|EAST|LOW|LARGE,16,1,16.0,20260901
32,PKGL-05740,5740,36.58123193,75.19608937,4869.0,0.000587504,NORTH,CENTRAL,HIGH,SMALL,NORTH|CENTRAL|HIGH|SMALL,56,1,56.0,20260901
33,PKGL-00088,88,34.92999291,74.57868324,4287.0,0.029394611,SOUTH,CENTRAL,MEDIUM,LARGE,SOUTH|CENTRAL|MEDIUM|LARGE,183,1,183.0,20260901
34,PKGL-02332,2332,34.79650251,76.46125006,4876.0,0.003985782,SOUTH,EAST,HIGH,MEDIUM,SOUTH|EAST|HIGH|MEDIUM,272,2,136.0,20260901
35,PKGL-08633,8635,35.21815453,75.20692142,4377.0,0.001249441,SOUTH,CENTRAL,HIGH,MEDIUM,SOUTH|CENTRAL|HIGH|MEDIUM,157,1,157.0,20260901
36,PKGL-00850,850,35.69385386,72.29253623,3993.0,0.000656676,CENTRAL,WEST,LOW,SMALL,CENTRAL|WEST|LOW|SMALL,22,1,22.0,20260901
37,PKGL-06317,6317,36.27429487,75.82046094,4032.0,0.000153023,NORTH,EAST,MEDIUM,SMALL,NORTH|EAST|MEDIUM|SMALL,112,1,112.0,20260901
38,PKGL-05948,5948,36.54833344,75.35305526,4945.0,0.002295093,NORTH,CENTRAL,HIGH,MEDIUM,NORTH|CENTRAL|HIGH|MEDIUM,51,1,51.0,20260901
39,PKGL-03673,3673,36.09187999,75.25671513,4055.0,0.009132544,NORTH,CENTRAL,MEDIUM,LARGE,NORTH|CENTRAL|MEDIUM|LARGE,13,1,13.0,20260901
40,PKGL-07949,7951,35.36782842,73.41464507,4560.0,0.000369688,SOUTH,WEST,HIGH,SMALL,SOUTH|WEST|HIGH|SMALL,14,1,14.0,20260901
41,PKGL-08763,8765,35.01409962,74.9155961,4064.0,0.000987486,SOUTH,CENTRAL,MEDIUM,MEDIUM,SOUTH|CENTRAL|MEDIUM|MEDIUM,68,1,68.0,20260901
42,PKGL-04917,4917,35.98321445,75.14877209,4151.0,0.001613756,CENTRAL,CENTRAL,MEDIUM,MEDIUM,CENTRAL|CENTRAL|MEDIUM|MEDIUM,63,1,63.0,20260901
43,PKGL-04454,4454,35.74927931,75.85714703,3528.0,0.009616001,CENTRAL,EAST,LOW,LARGE,CENTRAL|EAST|LOW|LARGE,51,1,51.0,20260901
44,PKGL-05131,5131,35.89813193,75.57681144,4375.0,0.000298241,CENTRAL,CENTRAL,HIGH,SMALL,CENTRAL|CENTRAL|HIGH|SMALL,3,1,3.0,20260901
45,PKGL-00639,639,36.08738674,71.19428919,3944.0,0.067357407,NORTH,WEST,LOW,LARGE,NORTH|WEST|LOW|LARGE,81,1,81.0,20260901
46,PKGL-02710,2710,35.24791277,77.15930398,3961.0,0.000128808,SOUTH,EAST,LOW,SMALL,SOUTH|EAST|LOW|SMALL,45,1,45.0,20260901
47,PKGL-07272,7274,35.03153087,75.51712176,3987.0,0.001381345,SOUTH,CENTRAL,LOW,MEDIUM,SOUTH|CENTRAL|LOW|MEDIUM,40,1,40.0,20260901
48,PKGL-07782,7784,34.91007973,73.4956396,4365.0,0.001257962,SOUTH,WEST,HIGH,MEDIUM,SOUTH|WEST|HIGH|MEDIUM,28,1,28.0,20260901
49,PKGL-07035,7037,36.63155342,73.1273708,3617.0,0.001303389,NORTH,WEST,LOW,MEDIUM,NORTH|WEST|LOW|MEDIUM,70,1,70.0,20260901
50,PKGL-01330,1330,35.89657622,73.63476765,4313.0,0.009418116,CENTRAL,WEST,MEDIUM,LARGE,CENTRAL|WEST|MEDIUM|LARGE,368,3,122.66666666666669,20260901
51,PKGL-01405,1405,35.789075,74.22429381,4383.0,0.069859288,CENTRAL,CENTRAL,HIGH,LARGE,CENTRAL|CENTRAL|HIGH|LARGE,5,1,5.0,20260901
52,PKGL-02203,2203,35.27009781,77.20818697,4141.0,0.001839729,SOUTH,EAST,MEDIUM,MEDIUM,SOUTH|EAST|MEDIUM|MEDIUM,35,1,35.0,20260901
53,PKGL-05664,5664,36.44135196,75.70608247,4827.0,0.000450487,NORTH,EAST,HIGH,SMALL,NORTH|EAST|HIGH|SMALL,82,1,82.0,20260901
54,PKGL-06316,6316,36.2746146,75.82097833,4039.0,0.001706214,NORTH,EAST,MEDIUM,MEDIUM,NORTH|EAST|MEDIUM|MEDIUM,27,1,27.0,20260901
55,PKGL-06130,6130,36.28583978,75.81294697,3993.0,0.003764956,NORTH,EAST,LOW,MEDIUM,NORTH|EAST|LOW|MEDIUM,8,1,8.0,20260901
56,PKGL-01656,1656,36.06878656,73.54862716,4365.0,0.047687063,NORTH,WEST,HIGH,LARGE,NORTH|WEST|HIGH|LARGE,146,1,146.0,20260901
57,PKGL-05614,5614,36.48047837,75.61786552,5185.0,0.001085334,NORTH,EAST,HIGH,MEDIUM,NORTH|EAST|HIGH|MEDIUM,88,1,88.0,20260901
58,PKGL-01345,1345,35.94876137,73.7574571,4402.0,0.018374929,CENTRAL,WEST,HIGH,LARGE,CENTRAL|WEST|HIGH|LARGE,355,3,118.33333333333331,20260901
59,PKGL-06176,6176,36.26877318,75.81286567,4019.0,0.000314443,NORTH,EAST,LOW,SMALL,NORTH|EAST|LOW|SMALL,47,1,47.0,20260901
60,PKGL-07440,7442,34.85781982,75.99796658,4705.0,0.018527984,SOUTH,EAST,HIGH,LARGE,SOUTH|EAST|HIGH|LARGE,414,3,138.0,20260901
61,PKGL-04221,4221,36.1389553,75.14690832,3760.0,0.000177911,NORTH,CENTRAL,LOW,SMALL,NORTH|CENTRAL|LOW|SMALL,567,5,113.4,20260901
62,PKGL-03396,3396,36.08391323,75.3013356,4185.0,0.000366096,NORTH,CENTRAL,MEDIUM,SMALL,NORTH|CENTRAL|MEDIUM|SMALL,279,2,139.5,20260901
63,PKGL-00464,464,36.11160851,71.46899785,4644.0,0.000139539,NORTH,WEST,HIGH,SMALL,NORTH|WEST|HIGH|SMALL,155,1,155.0,20260901
64,PKGL-07184,7186,34.74217346,75.37471714,3515.0,0.000515585,SOUTH,CENTRAL,LOW,SMALL,SOUTH|CENTRAL|LOW|SMALL,14,1,14.0,20260901
65,PKGL-01643,1643,36.01069482,73.55734988,4232.0,0.247829314,CENTRAL,WEST,MEDIUM,LARGE,CENTRAL|WEST|MEDIUM|LARGE,368,3,122.66666666666669,20260901
66,PKGL-01227,1227,35.85754199,72.67412078,4447.0,0.020666238,CENTRAL,WEST,HIGH,LARGE,CENTRAL|WEST|HIGH|LARGE,355,3,118.33333333333331,20260901
67,PKGL-05874,5874,36.49685731,74.8334817,2867.0,0.003790452,NORTH,CENTRAL,LOW,MEDIUM,NORTH|CENTRAL|LOW|MEDIUM,432,3,144.0,20260901
68,PKGL-05539,5539,35.78427746,76.39338411,4787.0,0.047852837,CENTRAL,EAST,HIGH,LARGE,CENTRAL|EAST|HIGH|LARGE,8,1,8.0,20260901
69,PKGL-04353,4353,35.93454548,76.01309273,4207.0,0.003662974,CENTRAL,EAST,MEDIUM,MEDIUM,CENTRAL|EAST|MEDIUM|MEDIUM,265,1,265.0,20260901
70,PKGL-07980,7982,35.07680814,73.69623591,4243.0,0.004896388,SOUTH,WEST,MEDIUM,LARGE,SOUTH|WEST|MEDIUM|LARGE,327,2,163.5,20260901
71,PKGL-03854,3854,36.10974645,75.20657315,3916.0,0.005889754,NORTH,CENTRAL,LOW,LARGE,NORTH|CENTRAL|LOW|LARGE,75,1,75.0,20260901
72,PKGL-06543,6543,35.80254827,74.17854671,3828.0,0.001029387,CENTRAL,WEST,LOW,MEDIUM,CENTRAL|WEST|LOW|MEDIUM,20,1,20.0,20260901
73,PKGL-03940,3940,36.12248218,75.17955844,3807.0,0.000293029,NORTH,CENTRAL,LOW,SMALL,NORTH|CENTRAL|LOW|SMALL,567,5,113.4,20260901
74,PKGL-04704,4704,35.93248408,75.12418959,3712.0,0.005355905,CENTRAL,CENTRAL,LOW,LARGE,CENTRAL|CENTRAL|LOW|LARGE,19,1,19.0,20260901
75,PKGL-04227,4227,36.14074468,75.15155672,3813.0,0.000433581,NORTH,CENTRAL,LOW,SMALL,NORTH|CENTRAL|LOW|SMALL,567,5,113.4,20260901
76,PKGL-03880,3880,36.11099599,75.20216701,3890.0,0.000682449,NORTH,CENTRAL,LOW,SMALL,NORTH|CENTRAL|LOW|SMALL,567,5,113.4,20260901
77,PKGL-05585,5585,36.43723358,75.8266913,4741.0,0.005059893,NORTH,EAST,HIGH,LARGE,NORTH|EAST|HIGH|LARGE,21,1,21.0,20260901
78,PKGL-01828,1828,36.23581753,73.18241085,4415.0,0.004123334,NORTH,WEST,HIGH,MEDIUM,NORTH|WEST|HIGH|MEDIUM,119,1,119.0,20260901
79,PKGL-06467,6467,35.71546636,74.25847539,4368.0,0.002776523,CENTRAL,CENTRAL,HIGH,MEDIUM,CENTRAL|CENTRAL|HIGH|MEDIUM,6,1,6.0,20260901
80,PKGL-08006,8008,34.87185926,73.42193231,4180.0,0.000251524,SOUTH,WEST,MEDIUM,SMALL,SOUTH|WEST|MEDIUM|SMALL,58,1,58.0,20260901
81,PKGL-07022,7024,36.61642462,73.06421775,4067.0,0.000436014,NORTH,WEST,MEDIUM,SMALL,NORTH|WEST|MEDIUM|SMALL,63,1,63.0,20260901
82,PKGL-02804,2804,35.74236441,76.44657641,4395.0,0.002494322,CENTRAL,EAST,HIGH,MEDIUM,CENTRAL|EAST|HIGH|MEDIUM,79,1,79.0,20260901
83,PKGL-06406,6406,35.728663,74.10231176,4044.0,0.000516758,CENTRAL,WEST,MEDIUM,SMALL,CENTRAL|WEST|MEDIUM|SMALL,47,1,47.0,20260901
84,PKGL-05213,5213,35.86887043,75.68363994,4170.0,0.005214822,CENTRAL,EAST,MEDIUM,LARGE,CENTRAL|EAST|MEDIUM|LARGE,49,1,49.0,20260901
85,PKGL-06448,6448,35.6862745,74.22977957,4337.0,0.137828738,CENTRAL,CENTRAL,MEDIUM,LARGE,CENTRAL|CENTRAL|MEDIUM|LARGE,45,1,45.0,20260901
86,PKGL-06544,6544,35.7294508,74.21316728,3712.0,0.001339234,CENTRAL,CENTRAL,LOW,MEDIUM,CENTRAL|CENTRAL|LOW|MEDIUM,70,1,70.0,20260901
87,PKGL-07981,7983,35.06783327,73.70015918,4195.0,0.002583739,SOUTH,WEST,MEDIUM,MEDIUM,SOUTH|WEST|MEDIUM|MEDIUM,137,1,137.0,20260901
88,PKGL-08355,8357,35.23048577,75.18247191,4547.0,0.114757755,SOUTH,CENTRAL,HIGH,LARGE,SOUTH|CENTRAL|HIGH|LARGE,306,2,153.0,20260901
89,PKGL-01408,1408,35.77414368,74.14588624,4303.0,0.011172591,CENTRAL,WEST,MEDIUM,LARGE,CENTRAL|WEST|MEDIUM|LARGE,368,3,122.66666666666669,20260901
90,PKGL-01632,1632,35.76936473,73.47923539,4340.0,0.003800109,CENTRAL,WEST,MEDIUM,MEDIUM,CENTRAL|WEST|MEDIUM|MEDIUM,80,1,80.0,20260901
91,PKGL-00131,131,35.06650357,74.44605283,3754.0,0.00712462,SOUTH,CENTRAL,LOW,LARGE,SOUTH|CENTRAL|LOW|LARGE,60,1,60.0,20260901
92,PKGL-03428,3428,36.08637353,75.29249889,4151.0,0.000687337,NORTH,CENTRAL,MEDIUM,SMALL,NORTH|CENTRAL|MEDIUM|SMALL,279,2,139.5,20260901
93,PKGL-00979,979,35.68655126,73.09001672,4552.0,0.008327343,CENTRAL,WEST,HIGH,LARGE,CENTRAL|WEST|HIGH|LARGE,355,3,118.33333333333331,20260901
94,PKGL-04671,4671,35.81529464,75.08279751,3873.0,0.000509622,CENTRAL,CENTRAL,LOW,SMALL,CENTRAL|CENTRAL|LOW|SMALL,103,1,103.0,20260901
95,PKGL-02296,2296,34.783863,76.48029342,5049.0,0.01892339,SOUTH,EAST,HIGH,LARGE,SOUTH|EAST|HIGH|LARGE,414,3,138.0,20260901
96,PKGL-06738,6738,36.77776213,74.389911,3832.0,0.001084889,NORTH,CENTRAL,LOW,MEDIUM,NORTH|CENTRAL|LOW|MEDIUM,432,3,144.0,20260901
97,PKGL-05727,5727,36.54723703,75.34472983,4973.0,0.048717345,NORTH,CENTRAL,HIGH,LARGE,NORTH|CENTRAL|HIGH|LARGE,9,1,9.0,20260901
98,PKGL-00015,15,34.95673787,74.07401803,3961.0,0.002289994,SOUTH,WEST,LOW,MEDIUM,SOUTH|WEST|LOW|MEDIUM,85,1,85.0,20260901
99,PKGL-05335,5335,35.92955734,75.91867907,4254.0,0.000531327,CENTRAL,EAST,MEDIUM,SMALL,CENTRAL|EAST|MEDIUM|SMALL,282,2,141.0,20260901
100,PKGL-01026,1026,35.8323859,73.02514796,4539.0,0.00083325,CENTRAL,WEST,HIGH,SMALL,CENTRAL|WEST|HIGH|SMALL,52,1,52.0,20260901
