pilot_order,lake_id,source_polygon_id,latitude,longitude,elevation_m,reference_area_km2,latitude_band,longitude_band,elevation_band,area_band,pilot_stratum,stratum_population,stratum_pilot_count,expansion_weight,selection_seed,canonical_lake_id,processing_status,latest_usable_satellite_date,current_area_km2,satellite_cloud_percentage,satellite_quality_status,satellite_area_freshness,satellite_area_age_days,sentinel_search_window_days,sentinel_diagnostic_reason,sentinel_raw_scene_count,sentinel_metadata_clear_scene_count,sentinel_cloud_score_match_count,sentinel_candidates_measured,weather_observation_date,current_temperature_c,current_rainfall_mm,rainfall_last_7d_mm,rainfall_last_24h_mm,rainfall_last_30d_mm,observed_weather_source,observed_weather_latest_at,observed_weather_freshness,observed_weather_data_quality,observed_weather_age_hours,observed_weather_coverage_24h,observed_weather_coverage_7d,observed_weather_coverage_30d,forecast_source,forecast_created_at,forecast_freshness,forecast_data_quality,forecast_age_hours,forecast_rainfall_next_72h_mm,forecast_temperature_next_24h_c,forecast_temperature_next_7d_c,forecast_precipitation_steps,forecast_temperature_steps_7d,historical_baseline_source,historical_baseline_availability,historical_baseline_latest_date,historical_baseline_years,historical_temperature_7d_average_c,historical_temperature_anomaly_c,historical_rainfall_30d_mm,historical_rainfall_anomaly_30d_mm,source_mode,data_retrieval_timestamp,environmental_conditions_score,environmental_conditions_level,score_interpretation,confidence,failure_or_stale_warning,sentinel_attempts,nasa_power_attempts,gsmap_attempts,gfs_attempts,last_error_source,last_error_type,last_error_message,source_geometry_valid,source_validation_warning,pilot_fully_available
1,PKGL-03738,3738,36.09780557,75.24161523,4013.0,0.000941731,NORTH,CENTRAL,LOW,MEDIUM,NORTH|CENTRAL|LOW|MEDIUM,432,3,144.0,20260901,PKGL-03738,PARTIAL,,,3.714,REJECTED,UNAVAILABLE,,181.0,PIXEL_CLOUD_OR_SHADOW_FILTERING,188.0,74.0,74.0,60.0,2026-08-31,6.578000640869163,0.2665722146630287,0.2665722146630287,0.2665722146630287,6.095907427370548,JAXA GSMaP V8 operational / Google Earth Engine,2026-08-31T14:00:00+00:00,FRESH,COMPLETE,16.908,1.0,1.0,1.0,NOAA GFS 0.25 degree / Google Earth Engine,2026-09-01T00:00:00+00:00,FRESH,COMPLETE,6.908,19.375,6.578000640869163,4.438824777042187,12.0,136.0,NASA POWER,AVAILABLE,2026-08-30,10.0,8.82857142857143,0.3722142857142856,14.1,-12.746236559139788,REAL,2026-09-01T06:54:28.030170+00:00,6.72,Low,Transparent environmental conditions index (0-100); not a validated GLOF probability or official warning,Medium,Satellite area unavailable: PIXEL_CLOUD_OR_SHADOW_FILTERING,1,0,1,1,,,,True,,False
2,PKGL-00995,995,35.66439412,73.15605499,3683.0,0.005400056,CENTRAL,WEST,LOW,LARGE,CENTRAL|WEST|LOW|LARGE,63,1,63.0,20260901,PKGL-00995,AVAILABLE,2026-08-27T05:59:10.698000+00:00,0.0320011633311131,10.54,RELIABLE,FRESH,5.039,181.0,USABLE_IN_RECENT_WINDOW,45.0,16.0,16.0,1.0,2026-08-31,16.248831685384136,2.001984089612961,2.001984089612961,2.001984089612961,16.91787325590849,JAXA GSMaP V8 operational / Google Earth Engine,2026-08-31T14:00:00+00:00,FRESH,COMPLETE,16.933,1.0,1.0,1.0,NOAA GFS 0.25 degree / Google Earth Engine,2026-09-01T00:00:00+00:00,FRESH,COMPLETE,6.933,18.875,16.248831685384136,16.250588091681944,12.0,136.0,NASA POWER,AVAILABLE,2026-08-30,10.0,14.138571428571428,-1.0041785714285734,52.35,-17.575806451612912,REAL,2026-09-01T06:55:57.137003+00:00,7.04,Low,Transparent environmental conditions index (0-100); not a validated GLOF probability or official warning,High,,1,0,1,1,,,,True,,True
3,PKGL-04422,4422,35.84030757,75.7828623,3972.0,0.000176835,CENTRAL,EAST,LOW,SMALL,CENTRAL|EAST|LOW|SMALL,330,2,165.0,20260901,PKGL-04422,PARTIAL,,,7.512,REJECTED,UNAVAILABLE,,181.0,PIXEL_CLOUD_OR_SHADOW_FILTERING,46.0,22.0,22.0,22.0,2026-08-31,5.061335500081403,0.0,0.0,0.0,5.822139158844948,JAXA GSMaP V8 operational / Google Earth Engine,2026-08-31T14:00:00+00:00,FRESH,COMPLETE,16.934,1.0,1.0,1.0,NOAA GFS 0.25 degree / Google Earth Engine,2026-09-01T00:00:00+00:00,FRESH,COMPLETE,6.934,15.4375,5.061335500081403,4.096177897733823,12.0,136.0,NASA POWER,AVAILABLE,2026-08-30,10.0,3.735714285714285,1.1572499999999994,16.19,-9.717526881720428,REAL,2026-09-01T06:56:03.130303+00:00,7.09,Low,Transparent environmental conditions index (0-100); not a validated GLOF probability or official warning,Medium,Satellite area unavailable: PIXEL_CLOUD_OR_SHADOW_FILTERING,1,0,1,1,,,,True,,False
4,PKGL-02691,2691,35.23827707,77.10534881,4235.0,0.000616181,SOUTH,EAST,MEDIUM,SMALL,SOUTH|EAST|MEDIUM|SMALL,47,1,47.0,20260901,PKGL-02691,PARTIAL,,,1.963,REJECTED,UNAVAILABLE,,181.0,PIXEL_CLOUD_OR_SHADOW_FILTERING,44.0,20.0,20.0,20.0,2026-08-31,4.43216985066734,0.0,0.0,0.0,4.29617977142334,JAXA GSMaP V8 operational / Google Earth Engine,2026-08-31T14:00:00+00:00,FRESH,COMPLETE,16.942,1.0,1.0,1.0,NOAA GFS 0.25 degree / Google Earth Engine,2026-09-01T00:00:00+00:00,FRESH,COMPLETE,6.942,5.5625,4.43216985066734,4.566765235452114,12.0,136.0,NASA POWER,AVAILABLE,2026-08-30,10.0,7.571428571428571,1.064,11.46,-18.52279569892473,REAL,2026-09-01T06:56:32.626401+00:00,3.98,Low,Transparent environmental conditions index (0-100); not a validated GLOF probability or official warning,Medium,Satellite area unavailable: PIXEL_CLOUD_OR_SHADOW_FILTERING,1,0,1,1,,,,True,,False
5,PKGL-08230,8232,35.15043168,73.76458893,3166.0,0.000487575,SOUTH,WEST,LOW,SMALL,SOUTH|WEST|LOW|SMALL,38,1,38.0,20260901,PKGL-08230,PARTIAL,,,50.449,REJECTED,UNAVAILABLE,,181.0,PIXEL_CLOUD_OR_SHADOW_FILTERING,92.0,30.0,30.0,30.0,2026-08-31,7.982166544596377,4.259985081851482,7.4582694247365,4.259985081851482,31.37144493311644,JAXA GSMaP V8 operational / Google Earth Engine,2026-08-31T14:00:00+00:00,FRESH,COMPLETE,16.95,1.0,1.0,1.0,NOAA GFS 0.25 degree / Google Earth Engine,2026-09-01T00:00:00+00:00,FRESH,COMPLETE,6.95,10.5625,7.982166544596377,6.726325046314935,12.0,136.0,NASA POWER,AVAILABLE,2026-08-30,10.0,14.81,3.396071428571428,81.53,-40.58505376344085,REAL,2026-09-01T06:56:58.770316+00:00,14.27,Low,Transparent environmental conditions index (0-100); not a validated GLOF probability or official warning,Medium,Satellite area unavailable: PIXEL_CLOUD_OR_SHADOW_FILTERING,1,0,1,1,,,,True,,False
6,PKGL-05516,5516,35.86544519,75.96212799,3866.0,0.000719812,CENTRAL,EAST,LOW,SMALL,CENTRAL|EAST|LOW|SMALL,330,2,165.0,20260901,PKGL-05516,AVAILABLE,2026-05-06T05:49:10.218000+00:00,0.0004001971763624,1.818,REJECTED_USING_LAST_RELIABLE,STALE,118.048,181.0,USABLE_RECOVERED_FROM_EXTENDED_WINDOW,46.0,22.0,22.0,15.0,2026-08-31,5.061335500081403,0.0,0.0,0.0,4.950674906373024,JAXA GSMaP V8 operational / Google Earth Engine,2026-08-31T14:00:00+00:00,FRESH,COMPLETE,16.961,1.0,1.0,1.0,NOAA GFS 0.25 degree / Google Earth Engine,2026-09-01T00:00:00+00:00,FRESH,COMPLETE,6.961,15.4375,5.061335500081403,4.096177897733823,12.0,136.0,NASA POWER,AVAILABLE,2026-08-30,10.0,1.4328571428571428,1.1894285714285715,18.39,-3.357311827956988,REAL,2026-09-01T06:57:38.108138+00:00,7.16,Low,Transparent environmental conditions index (0-100); not a validated GLOF probability or official warning,Medium,Satellite area is 118.0 days old and stale,1,0,1,1,,,,True,,True
7,PKGL-02156,2156,35.38854587,76.64322319,3511.0,0.002773487,SOUTH,EAST,LOW,MEDIUM,SOUTH|EAST|LOW|MEDIUM,54,1,54.0,20260901,PKGL-02156,PARTIAL,,,1.963,REJECTED,UNAVAILABLE,,181.0,PIXEL_CLOUD_OR_SHADOW_FILTERING,44.0,20.0,20.0,20.0,2026-08-31,7.223831431070987,0.0,0.0,0.0,5.739771410822868,JAXA GSMaP V8 operational / Google Earth Engine,2026-08-31T14:00:00+00:00,FRESH,COMPLETE,16.967,1.0,1.0,1.0,NOAA GFS 0.25 degree / Google Earth Engine,2026-09-01T00:00:00+00:00,FRESH,COMPLETE,6.967,9.25,7.223831431070987,6.166764382755078,12.0,136.0,NASA POWER,AVAILABLE,2026-08-30,10.0,1.4285714285714286,1.1873571428571428,13.33,-12.783978494623655,REAL,2026-09-01T06:58:00.775327+00:00,5.34,Low,Transparent environmental conditions index (0-100); not a validated GLOF probability or official warning,Medium,Satellite area unavailable: PIXEL_CLOUD_OR_SHADOW_FILTERING,1,0,1,1,,,,True,,False
8,PKGL-06056,6056,36.8735406,73.72134794,4338.0,0.001451548,NORTH,WEST,MEDIUM,MEDIUM,NORTH|WEST|MEDIUM|MEDIUM,62,1,62.0,20260901,PKGL-06056,AVAILABLE,2026-08-22T05:58:54.831000+00:00,0.0016002135385142,14.875,RELIABLE,FRESH,10.041,181.0,USABLE_IN_RECENT_WINDOW,46.0,20.0,20.0,3.0,2026-08-31,0.973835245768252,0.0,0.0,0.0,1.870458737015724,JAXA GSMaP V8 operational / Google Earth Engine,2026-08-31T14:00:00+00:00,FRESH,COMPLETE,16.976,1.0,1.0,1.0,NOAA GFS 0.25 degree / Google Earth Engine,2026-09-01T00:00:00+00:00,FRESH,COMPLETE,6.976,2.6875,0.973835245768252,-0.6530874364516087,12.0,136.0,NASA POWER,AVAILABLE,2026-08-30,10.0,6.738571428571428,0.6768214285714285,22.0,14.740860215053765,REAL,2026-09-01T06:58:32.979285+00:00,2.28,Low,Transparent environmental conditions index (0-100); not a validated GLOF probability or official warning,High,,1,0,1,1,,,,True,,True
9,PKGL-04361,4361,35.70263427,75.90803724,3173.0,0.001175971,CENTRAL,EAST,LOW,MEDIUM,CENTRAL|EAST|LOW|MEDIUM,300,2,150.0,20260901,PKGL-04361,PARTIAL,,,16.007,REJECTED,UNAVAILABLE,,181.0,PIXEL_CLOUD_OR_SHADOW_FILTERING,46.0,22.0,22.0,22.0,2026-08-31,7.686331685384137,0.1668523699045181,0.1668523699045181,0.1668523699045181,5.743445850908756,JAXA GSMaP V8 operational / Google Earth Engine,2026-08-31T14:00:00+00:00,FRESH,COMPLETE,16.978,1.0,1.0,1.0,NOAA GFS 0.25 degree / Google Earth Engine,2026-09-01T00:00:00+00:00,FRESH,COMPLETE,6.978,17.0625,7.686331685384137,6.049117997113419,12.0,136.0,NASA POWER,AVAILABLE,2026-08-30,10.0,10.781428571428572,-1.4929642857142849,12.87,-19.21064516129033,REAL,2026-09-01T06:58:40.604141+00:00,5.14,Low,Transparent environmental conditions index (0-100); not a validated GLOF probability or official warning,Medium,Satellite area unavailable: PIXEL_CLOUD_OR_SHADOW_FILTERING,1,0,1,1,,,,True,,False
10,PKGL-07012,7014,36.6098519,73.03969422,3902.0,0.000224981,NORTH,WEST,LOW,SMALL,NORTH|WEST|LOW|SMALL,116,1,116.0,20260901,PKGL-07012,PARTIAL,,,6.02,REJECTED,UNAVAILABLE,,181.0,PIXEL_CLOUD_OR_SHADOW_FILTERING,90.0,37.0,37.0,37.0,2026-08-31,13.544666544596376,0.0,0.0,0.0,0.7174870446324348,JAXA GSMaP V8 operational / Google Earth Engine,2026-08-31T14:00:00+00:00,FRESH,COMPLETE,16.986,1.0,1.0,1.0,NOAA GFS 0.25 degree / Google Earth Engine,2026-09-01T00:00:00+00:00,FRESH,COMPLETE,6.986,1.0625,13.544666544596376,11.500587642894049,12.0,136.0,NASA POWER,AVAILABLE,2026-08-30,10.0,10.667142857142858,1.0655,11.51,-0.579247311827956,REAL,2026-09-01T06:59:08.788483+00:00,2.66,Low,Transparent environmental conditions index (0-100); not a validated GLOF probability or official warning,Medium,Satellite area unavailable: PIXEL_CLOUD_OR_SHADOW_FILTERING,1,0,1,1,,,,True,,False
11,PKGL-04753,4753,36.00928562,75.0655141,4204.0,0.000740918,CENTRAL,CENTRAL,MEDIUM,SMALL,CENTRAL|CENTRAL|MEDIUM|SMALL,47,1,47.0,20260901,PKGL-04753,PARTIAL,,,9.098,REJECTED,UNAVAILABLE,,181.0,PIXEL_CLOUD_OR_SHADOW_FILTERING,182.0,73.0,73.0,60.0,2026-08-31,6.578000640869163,0.3310612291097641,0.3310612291097641,0.3310612291097641,5.8040685802698135,JAXA GSMaP V8 operational / Google Earth Engine,2026-08-31T14:00:00+00:00,FRESH,COMPLETE,16.999,1.0,1.0,1.0,NOAA GFS 0.25 degree / Google Earth Engine,2026-09-01T00:00:00+00:00,FRESH,COMPLETE,6.999,19.375,6.578000640869163,4.438824777042187,12.0,136.0,NASA POWER,AVAILABLE,2026-08-30,10.0,8.82857142857143,0.3722142857142856,14.1,-12.746236559139788,REAL,2026-09-01T06:59:56.411213+00:00,6.77,Low,Transparent environmental conditions index (0-100); not a validated GLOF probability or official warning,Medium,Satellite area unavailable: PIXEL_CLOUD_OR_SHADOW_FILTERING,1,0,1,1,,,,True,,False
12,PKGL-04284,4284,35.77572687,76.12374717,4650.0,0.000743929,CENTRAL,EAST,HIGH,SMALL,CENTRAL|EAST|HIGH|SMALL,81,1,81.0,20260901,PKGL-04284,PARTIAL,,,9.203,REJECTED,UNAVAILABLE,,181.0,PIXEL_CLOUD_OR_SHADOW_FILTERING,92.0,42.0,42.0,42.0,2026-08-31,1.8738329569498928,0.1030955389142036,0.1030955389142036,0.1030955389142036,4.932742223143578,JAXA GSMaP V8 operational / Google Earth Engine,2026-08-31T14:00:00+00:00,FRESH,COMPLETE,17.019,1.0,1.0,1.0,NOAA GFS 0.25 degree / Google Earth Engine,2026-09-01T00:00:00+00:00,FRESH,COMPLETE,7.019,9.375,1.8738329569498928,1.650588719985087,12.0,136.0,NASA POWER,AVAILABLE,2026-08-30,10.0,1.4328571428571428,1.1894285714285715,18.39,-3.357311827956988,REAL,2026-09-01T07:01:08.085346+00:00,5.46,Low,Transparent environmental conditions index (0-100); not a validated GLOF probability or official warning,Medium,Satellite area unavailable: PIXEL_CLOUD_OR_SHADOW_FILTERING,1,0,1,1,,,,True,,False
13,PKGL-00443,443,35.97514121,71.35609947,4429.0,0.002518604,CENTRAL,WEST,HIGH,MEDIUM,CENTRAL|WEST|HIGH|MEDIUM,122,1,122.0,20260901,PKGL-00443,AVAILABLE,2026-07-16T06:09:14.523000+00:00,0.0007996338263032,16.699,REJECTED_USING_LAST_RELIABLE,STALE,47.037,181.0,USABLE_RECOVERED_FROM_EXTENDED_WINDOW,45.0,22.0,22.0,6.0,2026-08-31,11.065496063232445,0.0,0.0,0.0,7.933198846876621,JAXA GSMaP V8 operational / Google Earth Engine,2026-08-31T14:00:00+00:00,FRESH,COMPLETE,17.033,1.0,1.0,1.0,NOAA GFS 0.25 degree / Google Earth Engine,2026-09-01T00:00:00+00:00,FRESH,COMPLETE,7.033,4.1875,11.065496063232445,10.090293839398544,12.0,136.0,NASA POWER,AVAILABLE,2026-08-30,10.0,10.402857142857142,2.417,12.44,-12.75247311827957,REAL,2026-09-01T07:01:59.187021+00:00,6.56,Low,Transparent environmental conditions index (0-100); not a validated GLOF probability or official warning,Medium,Satellite area is 47.0 days old and stale,1,0,1,1,,,,True,,True
14,PKGL-02404,2404,34.70407212,77.07198862,5164.0,0.00098403,SOUTH,EAST,HIGH,MEDIUM,SOUTH|EAST|HIGH|MEDIUM,272,2,136.0,20260901,PKGL-02404,PARTIAL,,,97.201,REJECTED,UNAVAILABLE,,181.0,PIXEL_CLOUD_OR_SHADOW_FILTERING,89.0,29.0,29.0,29.0,2026-08-31,5.86966730753583,0.0,0.0,0.0,10.371880941092968,JAXA GSMaP V8 operational / Google Earth Engine,2026-08-31T14:00:00+00:00,FRESH,COMPLETE,17.037,1.0,1.0,1.0,NOAA GFS 0.25 degree / Google Earth Engine,2026-09-01T00:00:00+00:00,FRESH,COMPLETE,7.037,8.0,5.86966730753583,4.435882747874564,12.0,136.0,NASA POWER,AVAILABLE,2026-08-30,10.0,10.817142857142857,1.900035714285714,14.93,-18.84204301075269,REAL,2026-09-01T07:02:14.938581+00:00,6.54,Low,Transparent environmental conditions index (0-100); not a validated GLOF probability or official warning,Medium,Satellite area unavailable: PIXEL_CLOUD_OR_SHADOW_FILTERING,1,0,1,1,,,,True,,False
15,PKGL-06302,6302,36.26761147,75.82110789,4049.0,0.008846983,NORTH,EAST,MEDIUM,LARGE,NORTH|EAST|MEDIUM|LARGE,7,1,7.0,20260901,PKGL-06302,PARTIAL,,,12.612,REJECTED,UNAVAILABLE,,181.0,PIXEL_CLOUD_OR_SHADOW_FILTERING,46.0,22.0,22.0,22.0,2026-08-31,-1.1886657714843525,0.0,0.0,0.0,5.72267933934927,JAXA GSMaP V8 operational / Google Earth Engine,2026-08-31T14:00:00+00:00,FRESH,COMPLETE,17.047,1.0,1.0,1.0,NOAA GFS 0.25 degree / Google Earth Engine,2026-09-01T00:00:00+00:00,FRESH,COMPLETE,7.047,12.5625,-1.1886657714843525,-2.9641169828526888,12.0,136.0,NASA POWER,AVAILABLE,2026-08-30,10.0,3.407142857142857,0.1075714285714291,24.79,6.601827956989247,REAL,2026-09-01T07:02:49.119645+00:00,3.93,Low,Transparent environmental conditions index (0-100); not a validated GLOF probability or official warning,Medium,Satellite area unavailable: PIXEL_CLOUD_OR_SHADOW_FILTERING,1,0,1,1,,,,True,,False
16,PKGL-07455,7457,34.75365742,76.03755873,4289.0,0.024032757,SOUTH,EAST,MEDIUM,LARGE,SOUTH|EAST|MEDIUM|LARGE,7,1,7.0,20260901,PKGL-07455,AVAILABLE,2026-08-29T05:49:21.340000+00:00,0.0064044966748119,5.047,RELIABLE,FRESH,3.051,181.0,USABLE_IN_RECENT_WINDOW,44.0,18.0,18.0,1.0,2026-08-31,15.61966730753583,0.3290564119815826,0.3290564119815826,0.3290564119815826,10.93291476368904,JAXA GSMaP V8 operational / Google Earth Engine,2026-08-31T14:00:00+00:00,FRESH,COMPLETE,17.055,1.0,1.0,1.0,NOAA GFS 0.25 degree / Google Earth Engine,2026-09-01T00:00:00+00:00,FRESH,COMPLETE,7.055,3.375,15.61966730753583,13.785883017147254,12.0,136.0,NASA POWER,AVAILABLE,2026-08-30,10.0,11.592857142857143,-0.613428571428571,13.8,-17.275268817204303,REAL,2026-09-01T07:03:16.469770+00:00,1.24,Low,Transparent environmental conditions index (0-100); not a validated GLOF probability or official warning,High,,1,0,1,1,,,,True,,True
17,PKGL-07877,7879,35.36607316,73.42282204,4410.0,0.040503525,SOUTH,WEST,HIGH,LARGE,SOUTH|WEST|HIGH|LARGE,49,1,49.0,20260901,PKGL-07877,PARTIAL,,,93.209,REJECTED,UNAVAILABLE,,181.0,PIXEL_CLOUD_OR_SHADOW_FILTERING,45.0,16.0,16.0,16.0,2026-08-31,8.853000895182314,4.825307309627533,5.791720181703568,4.825307309627533,41.397542364895344,JAXA GSMaP V8 operational / Google Earth Engine,2026-08-31T14:00:00+00:00,FRESH,COMPLETE,17.057,1.0,1.0,1.0,NOAA GFS 0.25 degree / Google Earth Engine,2026-09-01T00:00:00+00:00,FRESH,COMPLETE,7.057,12.375,8.853000895182314,8.236617099537582,12.0,136.0,NASA POWER,AVAILABLE,2026-08-30,10.0,14.138571428571428,-1.0041785714285734,52.35,-17.575806451612912,REAL,2026-09-01T07:03:24.444914+00:00,7.39,Low,Transparent environmental conditions index (0-100); not a validated GLOF probability or official warning,Medium,Satellite area unavailable: PIXEL_CLOUD_OR_SHADOW_FILTERING,1,0,1,1,,,,True,,False
18,PKGL-05715,5715,36.33348574,75.47989493,3594.0,0.000862333,NORTH,CENTRAL,LOW,SMALL,NORTH|CENTRAL|LOW|SMALL,567,5,113.4,20260901,PKGL-05715,AVAILABLE,2026-08-29T05:48:52.285000+00:00,0.0052027495756564,12.612,RELIABLE,FRESH,3.052,181.0,USABLE_IN_RECENT_WINDOW,91.0,34.0,34.0,2.0,2026-08-31,-0.030332946777321,0.0,0.0,0.0,6.47759123146534,JAXA GSMaP V8 operational / Google Earth Engine,2026-08-31T14:00:00+00:00,FRESH,COMPLETE,17.063,1.0,1.0,1.0,NOAA GFS 0.25 degree / Google Earth Engine,2026-09-01T00:00:00+00:00,FRESH,COMPLETE,7.063,29.625,-0.030332946777321,-1.8633829453412,12.0,136.0,NASA POWER,AVAILABLE,2026-08-30,10.0,3.407142857142857,0.1075714285714291,24.79,6.601827956989247,REAL,2026-09-01T07:03:47.496184+00:00,8.95,Low,Transparent environmental conditions index (0-100); not a validated GLOF probability or official warning,High,,1,0,1,1,,,,True,,True
19,PKGL-07437,7439,34.87493002,75.94732644,4677.0,0.016928789,SOUTH,EAST,HIGH,LARGE,SOUTH|EAST|HIGH|LARGE,414,3,138.0,20260901,PKGL-07437,AVAILABLE,2026-08-29T05:49:21.340000+00:00,0.0188134115955672,5.047,RELIABLE,FRESH,3.052,181.0,USABLE_IN_RECENT_WINDOW,44.0,18.0,18.0,1.0,2026-08-31,12.627998606363954,0.5823527574539185,0.8736300766468048,0.5823527574539185,9.78218886256218,JAXA GSMaP V8 operational / Google Earth Engine,2026-08-31T14:00:00+00:00,FRESH,COMPLETE,17.065,1.0,1.0,1.0,NOAA GFS 0.25 degree / Google Earth Engine,2026-09-01T00:00:00+00:00,FRESH,COMPLETE,7.065,2.4375,12.627998606363954,10.905735868566156,12.0,136.0,NASA POWER,AVAILABLE,2026-08-30,10.0,11.592857142857143,-0.613428571428571,13.8,-17.275268817204303,REAL,2026-09-01T07:03:55.621269+00:00,1.2,Low,Transparent environmental conditions index (0-100); not a validated GLOF probability or official warning,High,,1,0,1,1,,,,True,,True
20,PKGL-04611,4611,35.84402496,75.73200321,4041.0,0.000507044,CENTRAL,EAST,MEDIUM,SMALL,CENTRAL|EAST|MEDIUM|SMALL,282,2,141.0,20260901,PKGL-04611,PARTIAL,,,1.417,REJECTED,UNAVAILABLE,,181.0,PIXEL_CLOUD_OR_SHADOW_FILTERING,46.0,22.0,22.0,22.0,2026-08-31,8.082167561848982,0.0,0.0,0.0,5.822139158844948,JAXA GSMaP V8 operational / Google Earth Engine,2026-08-31T14:00:00+00:00,FRESH,COMPLETE,17.067,1.0,1.0,1.0,NOAA GFS 0.25 degree / Google Earth Engine,2026-09-01T00:00:00+00:00,FRESH,COMPLETE,7.067,17.3125,8.082167561848982,6.798383106904894,12.0,136.0,NASA POWER,AVAILABLE,2026-08-30,10.0,3.735714285714285,1.1572499999999994,16.19,-9.717526881720428,REAL,2026-09-01T07:04:00.997698+00:00,7.64,Low,Transparent environmental conditions index (0-100); not a validated GLOF probability or official warning,Medium,Satellite area unavailable: PIXEL_CLOUD_OR_SHADOW_FILTERING,1,0,1,1,,,,True,,False
21,PKGL-06300,6300,36.27289823,75.81161804,4010.0,0.061531577,NORTH,EAST,LOW,LARGE,NORTH|EAST|LOW|LARGE,1,1,1.0,20260901,PKGL-06300,AVAILABLE,2026-08-29T05:48:52.285000+00:00,0.0364166220114794,12.612,RELIABLE,FRESH,3.053,181.0,USABLE_IN_RECENT_WINDOW,46.0,22.0,22.0,1.0,2026-08-31,-1.1886657714843525,0.0,0.0,0.0,5.72267933934927,JAXA GSMaP V8 operational / Google Earth Engine,2026-08-31T14:00:00+00:00,FRESH,COMPLETE,17.077,1.0,1.0,1.0,NOAA GFS 0.25 degree / Google Earth Engine,2026-09-01T00:00:00+00:00,FRESH,COMPLETE,7.077,12.5625,-1.1886657714843525,-2.9641169828526888,12.0,136.0,NASA POWER,AVAILABLE,2026-08-30,10.0,3.407142857142857,0.1075714285714291,24.79,6.601827956989247,REAL,2026-09-01T07:04:36.449000+00:00,3.93,Low,Transparent environmental conditions index (0-100); not a validated GLOF probability or official warning,High,"Source polygon is invalid, but Earth Engine receives the validated processed centroid and buffer rather than that polygon geometry",1,0,1,1,,,,False,Ring Self-intersection[572861.5127 4014620.1699],True
22,PKGL-00950,950,35.56163654,73.06693782,4357.0,0.026094937,SOUTH,WEST,MEDIUM,LARGE,SOUTH|WEST|MEDIUM|LARGE,327,2,163.5,20260901,PKGL-00950,AVAILABLE,2026-08-27T05:59:10.698000+00:00,0.0227997677029669,10.54,RELIABLE,FRESH,5.045,181.0,USABLE_IN_RECENT_WINDOW,45.0,16.0,16.0,1.0,2026-08-31,16.248831685384136,3.54545895755291,3.54545895755291,3.54545895755291,30.58984869718552,JAXA GSMaP V8 operational / Google Earth Engine,2026-08-31T14:00:00+00:00,FRESH,COMPLETE,17.078,1.0,1.0,1.0,NOAA GFS 0.25 degree / Google Earth Engine,2026-09-01T00:00:00+00:00,FRESH,COMPLETE,7.078,18.875,16.248831685384136,16.250588091681944,12.0,136.0,NASA POWER,AVAILABLE,2026-08-30,10.0,14.138571428571428,-1.0041785714285734,52.35,-17.575806451612912,REAL,2026-09-01T07:04:41.456066+00:00,8.19,Low,Transparent environmental conditions index (0-100); not a validated GLOF probability or official warning,High,,1,0,1,1,,,,True,,True
23,PKGL-07615,7617,34.94533233,75.76947126,4857.0,0.000387124,SOUTH,EAST,HIGH,SMALL,SOUTH|EAST|HIGH|SMALL,208,1,208.0,20260901,PKGL-07615,PARTIAL,,,5.047,REJECTED,UNAVAILABLE,,181.0,PIXEL_CLOUD_OR_SHADOW_FILTERING,44.0,18.0,18.0,18.0,2026-08-31,12.627998606363954,1.9139387160539627,3.393988758325577,1.9139387160539627,10.938616044819357,JAXA GSMaP V8 operational / Google Earth Engine,2026-08-31T14:00:00+00:00,FRESH,COMPLETE,17.08,1.0,1.0,1.0,NOAA GFS 0.25 degree / Google Earth Engine,2026-09-01T00:00:00+00:00,FRESH,COMPLETE,7.08,2.4375,12.627998606363954,10.905735868566156,12.0,136.0,NASA POWER,AVAILABLE,2026-08-30,10.0,11.551428571428572,1.6894285714285715,22.88,-16.920000000000005,REAL,2026-09-01T07:04:47.237237+00:00,6.1,Low,Transparent environmental conditions index (0-100); not a validated GLOF probability or official warning,Medium,Satellite area unavailable: PIXEL_CLOUD_OR_SHADOW_FILTERING,1,0,1,1,,,,True,,False
24,PKGL-00113,113,34.93488782,74.70231031,4342.0,0.000720789,SOUTH,CENTRAL,MEDIUM,SMALL,SOUTH|CENTRAL|MEDIUM|SMALL,14,1,14.0,20260901,PKGL-00113,PARTIAL,,,100.0,REJECTED,UNAVAILABLE,,181.0,PIXEL_CLOUD_OR_SHADOW_FILTERING,90.0,36.0,36.0,36.0,2026-08-31,11.103000895182314,0.0,0.0,0.0,23.797303691506382,JAXA GSMaP V8 operational / Google Earth Engine,2026-08-31T14:00:00+00:00,FRESH,COMPLETE,17.086,1.0,1.0,1.0,NOAA GFS 0.25 degree / Google Earth Engine,2026-09-01T00:00:00+00:00,FRESH,COMPLETE,7.086,14.5,11.103000895182314,10.564560116038589,12.0,136.0,NASA POWER,AVAILABLE,2026-08-30,10.0,11.820000000000002,2.1309642857142883,28.09,-27.1594623655914,REAL,2026-09-01T07:05:10.743081+00:00,8.97,Low,Transparent environmental conditions index (0-100); not a validated GLOF probability or official warning,Medium,Satellite area unavailable: PIXEL_CLOUD_OR_SHADOW_FILTERING,1,0,1,1,,,,True,,False
25,PKGL-04976,4976,36.07971846,75.33535133,4236.0,0.001185238,NORTH,CENTRAL,MEDIUM,MEDIUM,NORTH|CENTRAL|MEDIUM|MEDIUM,197,1,197.0,20260901,PKGL-04976,PARTIAL,,,10.196,REJECTED,UNAVAILABLE,,181.0,PIXEL_CLOUD_OR_SHADOW_FILTERING,188.0,74.0,74.0,60.0,2026-08-31,2.873834228515648,0.1532207131385803,0.1532207131385803,0.1532207131385803,6.19346859306097,JAXA GSMaP V8 operational / Google Earth Engine,2026-08-31T14:00:00+00:00,FRESH,COMPLETE,17.099,1.0,1.0,1.0,NOAA GFS 0.25 degree / Google Earth Engine,2026-09-01T00:00:00+00:00,FRESH,COMPLETE,7.099,18.0,2.873834228515648,0.3697073992561119,12.0,136.0,NASA POWER,AVAILABLE,2026-08-30,10.0,3.735714285714285,1.1572499999999994,16.19,-9.717526881720428,REAL,2026-09-01T07:05:54.856959+00:00,7.96,Low,Transparent environmental conditions index (0-100); not a validated GLOF probability or official warning,Medium,Satellite area unavailable: PIXEL_CLOUD_OR_SHADOW_FILTERING,1,0,1,1,,,,True,,False
26,PKGL-08343,8345,35.25716295,75.16101116,4651.0,0.008803975,SOUTH,CENTRAL,HIGH,LARGE,SOUTH|CENTRAL|HIGH|LARGE,306,2,153.0,20260901,PKGL-08343,AVAILABLE,2026-08-29T05:49:06.714000+00:00,0.0016012941075028,1.417,RELIABLE,FRESH,3.054,181.0,USABLE_IN_RECENT_WINDOW,89.0,35.0,35.0,2.0,2026-08-31,7.373831685384137,0.4970288127660751,0.9528272449970244,0.4970288127660751,8.487403824925423,JAXA GSMaP V8 operational / Google Earth Engine,2026-08-31T14:00:00+00:00,FRESH,COMPLETE,17.118,1.0,1.0,1.0,NOAA GFS 0.25 degree / Google Earth Engine,2026-09-01T00:00:00+00:00,FRESH,COMPLETE,7.118,15.1875,7.373831685384137,5.579265325209697,12.0,136.0,NASA POWER,AVAILABLE,2026-08-30,10.0,13.65857142857143,-0.1787142857142853,14.5,-21.792473118279567,REAL,2026-09-01T07:07:04.579736+00:00,4.91,Low,Transparent environmental conditions index (0-100); not a validated GLOF probability or official warning,High,,1,0,1,1,,,,True,,True
27,PKGL-08051,8053,35.10379808,74.10417737,4009.0,0.045184034,SOUTH,WEST,LOW,LARGE,SOUTH|WEST|LOW|LARGE,206,1,206.0,20260901,PKGL-08051,AVAILABLE,2026-07-18T05:59:24.961000+00:00,0.0148101169897639,32.495,REJECTED_USING_LAST_RELIABLE,STALE,45.047,181.0,USABLE_RECOVERED_FROM_EXTENDED_WINDOW,46.0,15.0,15.0,3.0,2026-08-31,8.694665527343773,1.7753361389040947,4.346238039433956,1.7753361389040947,18.497688956558704,JAXA GSMaP V8 operational / Google Earth Engine,2026-08-31T14:00:00+00:00,FRESH,COMPLETE,17.12,1.0,1.0,1.0,NOAA GFS 0.25 degree / Google Earth Engine,2026-09-01T00:00:00+00:00,FRESH,COMPLETE,7.12,11.25,8.694665527343773,7.264558186250597,12.0,136.0,NASA POWER,AVAILABLE,2026-08-30,10.0,12.702857142857145,1.709821428571427,43.63,-32.78935483870968,REAL,2026-09-01T07:07:10.732672+00:00,8.81,Low,Transparent environmental conditions index (0-100); not a validated GLOF probability or official warning,Medium,Satellite area is 45.0 days old and stale,1,0,1,1,,,,True,,True
28,PKGL-00202,202,35.01355005,74.60714406,4562.0,0.000886358,SOUTH,CENTRAL,HIGH,SMALL,SOUTH|CENTRAL|HIGH|SMALL,53,1,53.0,20260901,PKGL-00202,PARTIAL,,,97.05,REJECTED,UNAVAILABLE,,181.0,PIXEL_CLOUD_OR_SHADOW_FILTERING,90.0,36.0,36.0,36.0,2026-08-31,8.990499114990257,0.0,0.1072516068816185,0.0,17.68621465563774,JAXA GSMaP V8 operational / Google Earth Engine,2026-08-31T14:00:00+00:00,FRESH,COMPLETE,17.122,1.0,1.0,1.0,NOAA GFS 0.25 degree / Google Earth Engine,2026-09-01T00:00:00+00:00,FRESH,COMPLETE,7.122,10.25,8.990499114990257,7.469706546559076,12.0,136.0,NASA POWER,AVAILABLE,2026-08-30,10.0,12.702857142857145,1.709821428571427,43.63,-32.78935483870968,REAL,2026-09-01T07:07:18.331985+00:00,6.8,Low,Transparent environmental conditions index (0-100); not a validated GLOF probability or official warning,Medium,Satellite area unavailable: PIXEL_CLOUD_OR_SHADOW_FILTERING,1,0,1,1,,,,True,,False
29,PKGL-03152,3152,35.73423212,76.26818577,3966.0,0.001242637,CENTRAL,EAST,LOW,MEDIUM,CENTRAL|EAST|LOW|MEDIUM,300,2,150.0,20260901,PKGL-03152,AVAILABLE,2026-05-31T05:49:01.695000+00:00,0.0008003071929335,4.984,REJECTED_USING_LAST_RELIABLE,STALE,93.055,181.0,USABLE_RECOVERED_FROM_EXTENDED_WINDOW,46.0,20.0,20.0,8.0,2026-08-31,4.81549987792971,0.0,0.0,0.0,4.904253579676151,JAXA GSMaP V8 operational / Google Earth Engine,2026-08-31T14:00:00+00:00,FRESH,COMPLETE,17.134,1.0,1.0,1.0,NOAA GFS 0.25 degree / Google Earth Engine,2026-09-01T00:00:00+00:00,FRESH,COMPLETE,7.134,14.125,4.81549987792971,3.636618625416498,12.0,136.0,NASA POWER,AVAILABLE,2026-08-30,10.0,6.409999999999999,0.3501785714285708,15.27,-13.6816129032258,REAL,2026-09-01T07:08:01.616919+00:00,4.93,Low,Transparent environmental conditions index (0-100); not a validated GLOF probability or official warning,Medium,Satellite area is 93.1 days old and stale,1,0,1,1,,,,True,,True
30,PKGL-01281,1281,36.05169416,73.71282665,4308.0,0.03526807,NORTH,WEST,MEDIUM,LARGE,NORTH|WEST|MEDIUM|LARGE,52,1,52.0,20260901,PKGL-01281,AVAILABLE,2026-08-17T05:58:56.348000+00:00,0.0072022053804013,7.382,RELIABLE,FRESH,15.048,181.0,USABLE_IN_RECENT_WINDOW,92.0,38.0,38.0,6.0,2026-08-31,10.598835245768251,1.1338102370500565,1.1338102370500565,1.1338102370500565,6.054873012006283,JAXA GSMaP V8 operational / Google Earth Engine,2026-08-31T14:00:00+00:00,FRESH,COMPLETE,17.138,1.0,1.0,1.0,NOAA GFS 0.25 degree / Google Earth Engine,2026-09-01T00:00:00+00:00,FRESH,COMPLETE,7.138,21.0,10.598835245768251,9.642501112994022,12.0,136.0,NASA POWER,AVAILABLE,2026-08-30,10.0,13.81857142857143,0.3252142857142868,25.38,0.3832258064516125,REAL,2026-09-01T07:08:15.207653+00:00,7.74,Low,Transparent environmental conditions index (0-100); not a validated GLOF probability or official warning,High,,1,0,1,1,,,,True,,True
31,PKGL-02102,2102,35.42354985,76.65099733,3728.0,0.005842485,SOUTH,EAST,LOW,LARGE,SOUTH|EAST|LOW|LARGE,16,1,16.0,20260901,PKGL-02102,AVAILABLE,2026-04-26T05:49:07.071000+00:00,0.0008001786181593,1.963,REJECTED_USING_LAST_RELIABLE,STALE,128.055,181.0,USABLE_RECOVERED_FROM_EXTENDED_WINDOW,44.0,20.0,20.0,13.0,2026-08-31,7.223831431070987,0.0,0.0,0.0,5.396459423005581,JAXA GSMaP V8 operational / Google Earth Engine,2026-08-31T14:00:00+00:00,FRESH,COMPLETE,17.141,1.0,1.0,1.0,NOAA GFS 0.25 degree / Google Earth Engine,2026-09-01T00:00:00+00:00,FRESH,COMPLETE,7.141,9.25,7.223831431070987,6.166764382755078,12.0,136.0,NASA POWER,AVAILABLE,2026-08-30,10.0,1.4285714285714286,1.1873571428571428,13.33,-12.783978494623655,REAL,2026-09-01T07:08:27.031730+00:00,5.34,Low,Transparent environmental conditions index (0-100); not a validated GLOF probability or official warning,Medium,Satellite area is 128.1 days old and stale,1,0,1,1,,,,True,,True
32,PKGL-05740,5740,36.58123193,75.19608937,4869.0,0.000587504,NORTH,CENTRAL,HIGH,SMALL,NORTH|CENTRAL|HIGH|SMALL,56,1,56.0,20260901,PKGL-05740,PARTIAL,,,51.512,REJECTED,UNAVAILABLE,,181.0,PIXEL_CLOUD_OR_SHADOW_FILTERING,90.0,34.0,34.0,34.0,2026-08-31,4.169666544596377,0.0,0.0,0.0,4.741536803543568,JAXA GSMaP V8 operational / Google Earth Engine,2026-08-31T14:00:00+00:00,FRESH,COMPLETE,17.146,1.0,1.0,1.0,NOAA GFS 0.25 degree / Google Earth Engine,2026-09-01T00:00:00+00:00,FRESH,COMPLETE,7.146,21.5625,4.169666544596377,3.366765370088488,12.0,136.0,NASA POWER,AVAILABLE,2026-08-30,10.0,5.7,-0.7757857142857141,26.44,9.202365591397854,REAL,2026-09-01T07:08:44.081504+00:00,6.34,Low,Transparent environmental conditions index (0-100); not a validated GLOF probability or official warning,Medium,Satellite area unavailable: PIXEL_CLOUD_OR_SHADOW_FILTERING,1,0,1,1,,,,True,,False
33,PKGL-00088,88,34.92999291,74.57868324,4287.0,0.029394611,SOUTH,CENTRAL,MEDIUM,LARGE,SOUTH|CENTRAL|MEDIUM|LARGE,183,1,183.0,20260901,PKGL-00088,AVAILABLE,2026-08-29T05:59:38.677000+00:00,0.0384326300939987,32.495,RELIABLE,FRESH,3.048,181.0,USABLE_IN_RECENT_WINDOW,90.0,36.0,36.0,1.0,2026-08-31,11.103000895182314,0.3020891547203064,0.5313480347394943,0.3020891547203064,25.871086090803143,JAXA GSMaP V8 operational / Google Earth Engine,2026-08-31T14:00:00+00:00,FRESH,COMPLETE,17.157,1.0,1.0,1.0,NOAA GFS 0.25 degree / Google Earth Engine,2026-09-01T00:00:00+00:00,FRESH,COMPLETE,7.157,14.5,11.103000895182314,10.564560116038589,12.0,136.0,NASA POWER,AVAILABLE,2026-08-30,10.0,12.702857142857145,1.709821428571427,43.63,-32.78935483870968,REAL,2026-09-01T07:09:24.271159+00:00,8.3,Low,Transparent environmental conditions index (0-100); not a validated GLOF probability or official warning,High,,1,0,1,1,,,,True,,True
34,PKGL-02332,2332,34.79650251,76.46125006,4876.0,0.003985782,SOUTH,EAST,HIGH,MEDIUM,SOUTH|EAST|HIGH|MEDIUM,272,2,136.0,20260901,PKGL-02332,AVAILABLE,2026-08-29T05:49:17.997000+00:00,0.0036017094152641,2.735,RELIABLE,FRESH,3.056,181.0,USABLE_IN_RECENT_WINDOW,44.0,19.0,19.0,1.0,2026-08-31,10.265503184000671,0.0,0.0,0.0,7.414229184389114,JAXA GSMaP V8 operational / Google Earth Engine,2026-08-31T14:00:00+00:00,FRESH,COMPLETE,17.158,1.0,1.0,1.0,NOAA GFS 0.25 degree / Google Earth Engine,2026-09-01T00:00:00+00:00,FRESH,COMPLETE,7.158,12.3125,10.265503184000671,8.581470669017124,12.0,136.0,NASA POWER,AVAILABLE,2026-08-30,10.0,11.592857142857143,-0.613428571428571,13.8,-17.275268817204303,REAL,2026-09-01T07:09:29.556370+00:00,3.62,Low,Transparent environmental conditions index (0-100); not a validated GLOF probability or official warning,High,,1,0,1,1,,,,True,,True
35,PKGL-08633,8635,35.21815453,75.20692142,4377.0,0.001249441,SOUTH,CENTRAL,HIGH,MEDIUM,SOUTH|CENTRAL|HIGH|MEDIUM,157,1,157.0,20260901,PKGL-08633,AVAILABLE,2026-08-27T05:59:16.484000+00:00,0.0004003255964476,29.422,RELIABLE,FRESH,5.049,181.0,USABLE_IN_RECENT_WINDOW,178.0,68.0,68.0,5.0,2026-08-31,9.22383270263674,0.3811438381671905,1.1418559849262238,0.3811438381671905,8.753872379660606,JAXA GSMaP V8 operational / Google Earth Engine,2026-08-31T14:00:00+00:00,FRESH,COMPLETE,17.16,1.0,1.0,1.0,NOAA GFS 0.25 degree / Google Earth Engine,2026-09-01T00:00:00+00:00,FRESH,COMPLETE,7.16,3.9375,9.22383270263674,7.535147678150873,12.0,136.0,NASA POWER,AVAILABLE,2026-08-30,10.0,11.820000000000002,2.1309642857142883,28.09,-27.1594623655914,REAL,2026-09-01T07:09:35.461209+00:00,6.26,Low,Transparent environmental conditions index (0-100); not a validated GLOF probability or official warning,High,,1,0,1,1,,,,True,,True
36,PKGL-00850,850,35.69385386,72.29253623,3993.0,0.000656676,CENTRAL,WEST,LOW,SMALL,CENTRAL|WEST|LOW|SMALL,22,1,22.0,20260901,PKGL-00850,PARTIAL,,,16.699,REJECTED,UNAVAILABLE,,181.0,PIXEL_CLOUD_OR_SHADOW_FILTERING,180.0,75.0,75.0,60.0,2026-08-31,11.89466501871747,1.152598798274994,3.925001591444016,1.152598798274994,28.703797839581966,JAXA GSMaP V8 operational / Google Earth Engine,2026-08-31T14:00:00+00:00,FRESH,COMPLETE,17.165,1.0,1.0,1.0,NOAA GFS 0.25 degree / Google Earth Engine,2026-09-01T00:00:00+00:00,FRESH,COMPLETE,7.165,9.0,11.89466501871747,10.70279464721678,12.0,136.0,NASA POWER,AVAILABLE,2026-08-30,10.0,14.2,2.72157142857143,57.28,-10.090967741935486,REAL,2026-09-01T07:09:53.118790+00:00,9.94,Low,Transparent environmental conditions index (0-100); not a validated GLOF probability or official warning,Medium,Satellite area unavailable: PIXEL_CLOUD_OR_SHADOW_FILTERING,1,0,1,1,,,,True,,False
37,PKGL-06317,6317,36.27429487,75.82046094,4032.0,0.000153023,NORTH,EAST,MEDIUM,SMALL,NORTH|EAST|MEDIUM|SMALL,112,1,112.0,20260901,PKGL-06317,AVAILABLE,2026-08-29T05:48:52.285000+00:00,0.0008003631397584,12.612,RELIABLE,FRESH,3.057,181.0,USABLE_IN_RECENT_WINDOW,46.0,22.0,22.0,1.0,2026-08-31,-1.1886657714843525,0.0,0.0,0.0,5.72267933934927,JAXA GSMaP V8 operational / Google Earth Engine,2026-08-31T14:00:00+00:00,FRESH,COMPLETE,17.185,1.0,1.0,1.0,NOAA GFS 0.25 degree / Google Earth Engine,2026-09-01T00:00:00+00:00,FRESH,COMPLETE,7.185,12.5625,-1.1886657714843525,-2.9641169828526888,12.0,136.0,NASA POWER,AVAILABLE,2026-08-30,10.0,3.407142857142857,0.1075714285714291,24.79,6.601827956989247,REAL,2026-09-01T07:11:07.110560+00:00,3.93,Low,Transparent environmental conditions index (0-100); not a validated GLOF probability or official warning,High,,1,0,1,1,,,,True,,True
38,PKGL-05948,5948,36.54833344,75.35305526,4945.0,0.002295093,NORTH,CENTRAL,HIGH,MEDIUM,NORTH|CENTRAL|HIGH|MEDIUM,51,1,51.0,20260901,PKGL-05948,AVAILABLE,2026-08-29T05:59:05.939000+00:00,0.0112056242219448,17.484,RELIABLE,FRESH,3.05,181.0,USABLE_IN_RECENT_WINDOW,90.0,34.0,34.0,1.0,2026-08-31,2.403002675374372,0.0,0.0,0.0,5.879063621163368,JAXA GSMaP V8 operational / Google Earth Engine,2026-08-31T14:00:00+00:00,FRESH,COMPLETE,17.187,1.0,1.0,1.0,NOAA GFS 0.25 degree / Google Earth Engine,2026-09-01T00:00:00+00:00,FRESH,COMPLETE,7.187,17.5625,2.403002675374372,1.5013234306784464,12.0,136.0,NASA POWER,AVAILABLE,2026-08-30,10.0,3.407142857142857,0.1075714285714291,24.79,6.601827956989247,REAL,2026-09-01T07:11:12.535412+00:00,5.4,Low,Transparent environmental conditions index (0-100); not a validated GLOF probability or official warning,High,,1,0,1,1,,,,True,,True
39,PKGL-03673,3673,36.09187999,75.25671513,4055.0,0.009132544,NORTH,CENTRAL,MEDIUM,LARGE,NORTH|CENTRAL|MEDIUM|LARGE,13,1,13.0,20260901,PKGL-03673,AVAILABLE,2026-08-29T05:59:20.583000+00:00,0.017610834904654,1.676,RELIABLE,FRESH,3.05,181.0,USABLE_IN_RECENT_WINDOW,188.0,74.0,74.0,1.0,2026-08-31,2.873834228515648,0.2665722146630287,0.2665722146630287,0.2665722146630287,6.095907427370548,JAXA GSMaP V8 operational / Google Earth Engine,2026-08-31T14:00:00+00:00,FRESH,COMPLETE,17.188,1.0,1.0,1.0,NOAA GFS 0.25 degree / Google Earth Engine,2026-09-01T00:00:00+00:00,FRESH,COMPLETE,7.188,18.0,2.873834228515648,0.3697073992561119,12.0,136.0,NASA POWER,AVAILABLE,2026-08-30,10.0,8.82857142857143,0.3722142857142856,14.1,-12.746236559139788,REAL,2026-09-01T07:11:17.698091+00:00,6.31,Low,Transparent environmental conditions index (0-100); not a validated GLOF probability or official warning,High,,1,0,1,1,,,,True,,True
40,PKGL-07949,7951,35.36782842,73.41464507,4560.0,0.000369688,SOUTH,WEST,HIGH,SMALL,SOUTH|WEST|HIGH|SMALL,14,1,14.0,20260901,PKGL-07949,AVAILABLE,2026-08-27T05:59:10.698000+00:00,0.0016004447940814,18.975,RELIABLE,FRESH,5.05,181.0,USABLE_IN_RECENT_WINDOW,45.0,16.0,16.0,1.0,2026-08-31,8.853000895182314,4.825307309627533,5.791720181703568,4.825307309627533,41.397542364895344,JAXA GSMaP V8 operational / Google Earth Engine,2026-08-31T14:00:00+00:00,FRESH,COMPLETE,17.19,1.0,1.0,1.0,NOAA GFS 0.25 degree / Google Earth Engine,2026-09-01T00:00:00+00:00,FRESH,COMPLETE,7.19,12.375,8.853000895182314,8.236617099537582,12.0,136.0,NASA POWER,AVAILABLE,2026-08-30,10.0,14.138571428571428,-1.0041785714285734,52.35,-17.575806451612912,REAL,2026-09-01T07:11:22.951081+00:00,7.39,Low,Transparent environmental conditions index (0-100); not a validated GLOF probability or official warning,High,,1,0,1,1,,,,True,,True
41,PKGL-08763,8765,35.01409962,74.9155961,4064.0,0.000987486,SOUTH,CENTRAL,MEDIUM,MEDIUM,SOUTH|CENTRAL|MEDIUM|MEDIUM,68,1,68.0,20260901,PKGL-08763,AVAILABLE,2026-08-24T05:49:24.454000+00:00,0.0008006930404428,34.99,RELIABLE,FRESH,8.057,181.0,USABLE_IN_RECENT_WINDOW,90.0,36.0,36.0,4.0,2026-08-31,9.382168070475284,0.0,0.495853453874588,0.0,16.748726949095726,JAXA GSMaP V8 operational / Google Earth Engine,2026-08-31T14:00:00+00:00,FRESH,COMPLETE,17.191,1.0,1.0,1.0,NOAA GFS 0.25 degree / Google Earth Engine,2026-09-01T00:00:00+00:00,FRESH,COMPLETE,7.191,7.875,9.382168070475284,7.946176820642827,12.0,136.0,NASA POWER,AVAILABLE,2026-08-30,10.0,11.820000000000002,2.1309642857142883,28.09,-27.1594623655914,REAL,2026-09-01T07:11:28.293420+00:00,7.09,Low,Transparent environmental conditions index (0-100); not a validated GLOF probability or official warning,High,,1,0,1,1,,,,True,,True
42,PKGL-04917,4917,35.98321445,75.14877209,4151.0,0.001613756,CENTRAL,CENTRAL,MEDIUM,MEDIUM,CENTRAL|CENTRAL|MEDIUM|MEDIUM,63,1,63.0,20260901,PKGL-04917,AVAILABLE,2026-06-30T05:49:07.085000+00:00,0.0032020753489935,1.676,REJECTED_USING_LAST_RELIABLE,STALE,63.057,181.0,USABLE_RECOVERED_FROM_EXTENDED_WINDOW,91.0,35.0,35.0,11.0,2026-08-31,11.644666290283226,0.3114628046751022,0.3114628046751022,0.3114628046751022,6.638320825994015,JAXA GSMaP V8 operational / Google Earth Engine,2026-08-31T14:00:00+00:00,FRESH,COMPLETE,17.193,1.0,1.0,1.0,NOAA GFS 0.25 degree / Google Earth Engine,2026-09-01T00:00:00+00:00,FRESH,COMPLETE,7.193,20.0625,11.644666290283226,9.932941616282733,12.0,136.0,NASA POWER,AVAILABLE,2026-08-30,10.0,8.82857142857143,0.3722142857142856,14.1,-12.746236559139788,REAL,2026-09-01T07:11:35.978527+00:00,6.95,Low,Transparent environmental conditions index (0-100); not a validated GLOF probability or official warning,Medium,Satellite area is 63.1 days old and stale,1,0,1,1,,,,True,,True
43,PKGL-04454,4454,35.74927931,75.85714703,3528.0,0.009616001,CENTRAL,EAST,LOW,LARGE,CENTRAL|EAST|LOW|LARGE,51,1,51.0,20260901,PKGL-04454,PARTIAL,,,6.442,REJECTED,UNAVAILABLE,,181.0,PIXEL_CLOUD_OR_SHADOW_FILTERING,46.0,22.0,22.0,22.0,2026-08-31,7.686331685384137,0.0,1.1724833250045776,0.0,7.711753733456135,JAXA GSMaP V8 operational / Google Earth Engine,2026-08-31T14:00:00+00:00,FRESH,COMPLETE,17.198,1.0,1.0,1.0,NOAA GFS 0.25 degree / Google Earth Engine,2026-09-01T00:00:00+00:00,FRESH,COMPLETE,7.198,17.0625,7.686331685384137,6.049117997113419,12.0,136.0,NASA POWER,AVAILABLE,2026-08-30,10.0,10.781428571428572,-1.4929642857142849,12.87,-19.21064516129033,REAL,2026-09-01T07:11:51.213994+00:00,5.2,Low,Transparent environmental conditions index (0-100); not a validated GLOF probability or official warning,Medium,Satellite area unavailable: PIXEL_CLOUD_OR_SHADOW_FILTERING,1,0,1,1,,,,True,,False
44,PKGL-05131,5131,35.89813193,75.57681144,4375.0,0.000298241,CENTRAL,CENTRAL,HIGH,SMALL,CENTRAL|CENTRAL|HIGH|SMALL,3,1,3.0,20260901,PKGL-05131,AVAILABLE,2026-07-30T05:49:10.081000+00:00,0.0168101700552656,1.676,REJECTED_USING_LAST_RELIABLE,STALE,33.058,181.0,USABLE_RECOVERED_FROM_EXTENDED_WINDOW,91.0,35.0,35.0,7.0,2026-08-31,8.082167561848982,0.2358825951814651,0.2358825951814651,0.2358825951814651,6.583428256213665,JAXA GSMaP V8 operational / Google Earth Engine,2026-08-31T14:00:00+00:00,FRESH,COMPLETE,17.205,1.0,1.0,1.0,NOAA GFS 0.25 degree / Google Earth Engine,2026-09-01T00:00:00+00:00,FRESH,COMPLETE,7.205,17.3125,8.082167561848982,6.798383106904894,12.0,136.0,NASA POWER,AVAILABLE,2026-08-30,10.0,3.735714285714285,1.1572499999999994,16.19,-9.717526881720428,REAL,2026-09-01T07:12:16.921034+00:00,7.82,Low,Transparent environmental conditions index (0-100); not a validated GLOF probability or official warning,Medium,Satellite area is 33.1 days old and stale,1,0,1,1,,,,True,,True
45,PKGL-00639,639,36.08738674,71.19428919,3944.0,0.067357407,NORTH,WEST,LOW,LARGE,NORTH|WEST|LOW|LARGE,81,1,81.0,20260901,PKGL-00639,AVAILABLE,2026-08-30T06:09:15.501000+00:00,0.1727427377139814,8.259,RELIABLE,FRESH,2.044,181.0,USABLE_IN_RECENT_WINDOW,90.0,53.0,53.0,1.0,2026-08-31,6.927999114990257,0.0,0.0,0.0,5.839086160063744,JAXA GSMaP V8 operational / Google Earth Engine,2026-08-31T14:00:00+00:00,FRESH,COMPLETE,17.208,1.0,1.0,1.0,NOAA GFS 0.25 degree / Google Earth Engine,2026-09-01T00:00:00+00:00,FRESH,COMPLETE,7.208,0.0625,6.927999114990257,6.626324103860317,12.0,136.0,NASA POWER,AVAILABLE,2026-08-30,10.0,10.402857142857142,2.417,12.44,-12.75247311827957,REAL,2026-09-01T07:12:27.430447+00:00,5.35,Low,Transparent environmental conditions index (0-100); not a validated GLOF probability or official warning,High,,1,1,1,1,,,,True,,True
46,PKGL-02710,2710,35.24791277,77.15930398,3961.0,0.000128808,SOUTH,EAST,LOW,SMALL,SOUTH|EAST|LOW|SMALL,45,1,45.0,20260901,PKGL-02710,AVAILABLE,2026-04-26T05:49:07.071000+00:00,0.0039994568403567,90.444,REJECTED_USING_LAST_RELIABLE,STALE,128.058,181.0,USABLE_RECOVERED_FROM_EXTENDED_WINDOW,89.0,34.0,34.0,22.0,2026-08-31,4.43216985066734,0.0,0.0,0.0,4.29617977142334,JAXA GSMaP V8 operational / Google Earth Engine,2026-08-31T14:00:00+00:00,FRESH,COMPLETE,17.211,1.0,1.0,1.0,NOAA GFS 0.25 degree / Google Earth Engine,2026-09-01T00:00:00+00:00,FRESH,COMPLETE,7.211,5.5625,4.43216985066734,4.566765235452114,12.0,136.0,NASA POWER,AVAILABLE,2026-08-30,10.0,7.571428571428571,1.064,11.46,-18.52279569892473,REAL,2026-09-01T07:12:37.957954+00:00,3.98,Low,Transparent environmental conditions index (0-100); not a validated GLOF probability or official warning,Medium,Satellite area is 128.1 days old and stale,1,1,1,1,,,,True,,True
47,PKGL-07272,7274,35.03153087,75.51712176,3987.0,0.001381345,SOUTH,CENTRAL,LOW,MEDIUM,SOUTH|CENTRAL|LOW|MEDIUM,40,1,40.0,20260901,PKGL-07272,AVAILABLE,2026-07-10T05:49:23.123000+00:00,0.0012009708031266,5.047,REJECTED_USING_LAST_RELIABLE,STALE,53.058,181.0,USABLE_RECOVERED_FROM_EXTENDED_WINDOW,44.0,18.0,18.0,2.0,2026-08-31,8.928001658121767,0.2341066300868988,1.0176359117031095,0.2341066300868988,8.849796652793884,JAXA GSMaP V8 operational / Google Earth Engine,2026-08-31T14:00:00+00:00,FRESH,COMPLETE,17.221,1.0,1.0,1.0,NOAA GFS 0.25 degree / Google Earth Engine,2026-09-01T00:00:00+00:00,FRESH,COMPLETE,7.221,1.9375,8.928001658121767,7.224854817109972,12.0,136.0,NASA POWER,AVAILABLE,2026-08-30,10.0,11.551428571428572,1.6894285714285715,22.88,-16.920000000000005,REAL,2026-09-01T07:13:17.156629+00:00,4.59,Low,Transparent environmental conditions index (0-100); not a validated GLOF probability or official warning,Medium,Satellite area is 53.1 days old and stale,1,1,1,1,,,,True,,True
48,PKGL-07782,7784,34.91007973,73.4956396,4365.0,0.001257962,SOUTH,WEST,HIGH,MEDIUM,SOUTH|WEST|HIGH|MEDIUM,28,1,28.0,20260901,PKGL-07782,PARTIAL,,,90.892,REJECTED,UNAVAILABLE,,181.0,PIXEL_CLOUD_OR_SHADOW_FILTERING,45.0,14.0,14.0,14.0,2026-08-31,12.403002675374372,0.9824490994215012,2.704866610467434,0.9824490994215012,92.5847939401865,JAXA GSMaP V8 operational / Google Earth Engine,2026-08-31T14:00:00+00:00,FRESH,COMPLETE,17.224,1.0,1.0,1.0,NOAA GFS 0.25 degree / Google Earth Engine,2026-09-01T00:00:00+00:00,FRESH,COMPLETE,7.224,13.0,12.403002675374372,11.87853012084959,12.0,136.0,NASA POWER,AVAILABLE,2026-08-30,10.0,14.81,3.396071428571428,81.53,-40.58505376344085,REAL,2026-09-01T07:13:25.175559+00:00,12.32,Low,Transparent environmental conditions index (0-100); not a validated GLOF probability or official warning,Medium,Satellite area unavailable: PIXEL_CLOUD_OR_SHADOW_FILTERING,1,1,1,1,,,,True,,False
49,PKGL-07035,7037,36.63155342,73.1273708,3617.0,0.001303389,NORTH,WEST,LOW,MEDIUM,NORTH|WEST|LOW|MEDIUM,70,1,70.0,20260901,PKGL-07035,PARTIAL,,,13.414,REJECTED,UNAVAILABLE,,181.0,PIXEL_CLOUD_OR_SHADOW_FILTERING,90.0,37.0,37.0,37.0,2026-08-31,13.544666544596376,0.0,0.0,0.0,0.5579719915986061,JAXA GSMaP V8 operational / Google Earth Engine,2026-08-31T14:00:00+00:00,FRESH,COMPLETE,17.233,1.0,1.0,1.0,NOAA GFS 0.25 degree / Google Earth Engine,2026-09-01T00:00:00+00:00,FRESH,COMPLETE,7.233,1.0625,13.544666544596376,11.500587642894049,12.0,136.0,NASA POWER,AVAILABLE,2026-08-30,10.0,10.667142857142858,1.0655,11.51,-0.579247311827956,REAL,2026-09-01T07:14:00.004612+00:00,2.66,Low,Transparent environmental conditions index (0-100); not a validated GLOF probability or official warning,Medium,Satellite area unavailable: PIXEL_CLOUD_OR_SHADOW_FILTERING,1,1,1,1,,,,True,,False
50,PKGL-01330,1330,35.89657622,73.63476765,4313.0,0.009418116,CENTRAL,WEST,MEDIUM,LARGE,CENTRAL|WEST|MEDIUM|LARGE,368,3,122.66666666666669,20260901,PKGL-01330,AVAILABLE,2026-08-17T05:59:10.933000+00:00,0.0052015493837605,5.786,RELIABLE,FRESH,15.053,181.0,USABLE_IN_RECENT_WINDOW,45.0,16.0,16.0,2.0,2026-08-31,14.086335754394554,1.7152485102415085,1.7152485102415085,1.7152485102415085,7.780974172055721,JAXA GSMaP V8 operational / Google Earth Engine,2026-08-31T14:00:00+00:00,FRESH,COMPLETE,17.247,1.0,1.0,1.0,NOAA GFS 0.25 degree / Google Earth Engine,2026-09-01T00:00:00+00:00,FRESH,COMPLETE,7.247,30.875,14.086335754394554,13.291765504724813,12.0,136.0,NASA POWER,AVAILABLE,2026-08-30,10.0,13.81857142857143,0.3252142857142868,25.38,0.3832258064516125,REAL,2026-09-01T07:14:50.529214+00:00,11.08,Low,Transparent environmental conditions index (0-100); not a validated GLOF probability or official warning,High,,1,1,1,1,,,,True,,True
51,PKGL-01405,1405,35.789075,74.22429381,4383.0,0.069859288,CENTRAL,CENTRAL,HIGH,LARGE,CENTRAL|CENTRAL|HIGH|LARGE,5,1,5.0,20260901,PKGL-01405,PARTIAL,,,9.098,REJECTED,UNAVAILABLE,,181.0,PIXEL_CLOUD_OR_SHADOW_FILTERING,45.0,19.0,19.0,19.0,2026-08-31,12.11966985066734,1.6755332052707672,4.142649129033089,1.6755332052707672,9.729873560369017,JAXA GSMaP V8 operational / Google Earth Engine,2026-08-31T14:00:00+00:00,FRESH,COMPLETE,17.25,1.0,1.0,1.0,NOAA GFS 0.25 degree / Google Earth Engine,2026-09-01T00:00:00+00:00,FRESH,COMPLETE,7.25,28.125,12.11966985066734,10.898383376177602,12.0,136.0,NASA POWER,AVAILABLE,2026-08-30,10.0,13.607142857142858,-0.3897142857142857,21.81,-3.800752688172043,REAL,2026-09-01T07:14:59.919148+00:00,9.91,Low,Transparent environmental conditions index (0-100); not a validated GLOF probability or official warning,Medium,Satellite area unavailable: PIXEL_CLOUD_OR_SHADOW_FILTERING,1,1,1,1,,,,True,,False
52,PKGL-02203,2203,35.27009781,77.20818697,4141.0,0.001839729,SOUTH,EAST,MEDIUM,MEDIUM,SOUTH|EAST|MEDIUM|MEDIUM,35,1,35.0,20260901,PKGL-02203,AVAILABLE,2026-07-10T05:49:05.267000+00:00,0.0071986804361278,69.883,REJECTED_USING_LAST_RELIABLE,STALE,53.06,181.0,USABLE_RECOVERED_FROM_EXTENDED_WINDOW,178.0,71.0,71.0,13.0,2026-08-31,2.840497589111351,0.0,0.0,0.0,4.59712203592062,JAXA GSMaP V8 operational / Google Earth Engine,2026-08-31T14:00:00+00:00,FRESH,COMPLETE,17.257,1.0,1.0,1.0,NOAA GFS 0.25 degree / Google Earth Engine,2026-09-01T00:00:00+00:00,FRESH,COMPLETE,7.257,8.625,2.840497589111351,2.355734836353998,12.0,136.0,NASA POWER,AVAILABLE,2026-08-30,10.0,0.1671428571428571,0.5844642857142857,15.5,-5.674193548387095,REAL,2026-09-01T07:15:25.566742+00:00,3.83,Low,Transparent environmental conditions index (0-100); not a validated GLOF probability or official warning,Medium,Satellite area is 53.1 days old and stale,1,1,1,1,,,,True,,True
53,PKGL-05664,5664,36.44135196,75.70608247,4827.0,0.000450487,NORTH,EAST,HIGH,SMALL,NORTH|EAST|HIGH|SMALL,82,1,82.0,20260901,PKGL-05664,PARTIAL,,,14.763,REJECTED,UNAVAILABLE,,181.0,PIXEL_CLOUD_OR_SHADOW_FILTERING,89.0,34.0,34.0,34.0,2026-08-31,0.7154988606771061,0.0,0.1527622938156128,0.0,5.973769687116146,JAXA GSMaP V8 operational / Google Earth Engine,2026-08-31T14:00:00+00:00,FRESH,COMPLETE,17.263,1.0,1.0,1.0,NOAA GFS 0.25 degree / Google Earth Engine,2026-09-01T00:00:00+00:00,FRESH,COMPLETE,7.263,20.5625,0.7154988606771061,-1.6214703279382814,12.0,136.0,NASA POWER,AVAILABLE,2026-08-30,10.0,3.407142857142857,0.1075714285714291,24.79,6.601827956989247,REAL,2026-09-01T07:15:46.950014+00:00,6.31,Low,Transparent environmental conditions index (0-100); not a validated GLOF probability or official warning,Medium,Satellite area unavailable: PIXEL_CLOUD_OR_SHADOW_FILTERING,1,1,1,1,,,,True,,False
54,PKGL-06316,6316,36.2746146,75.82097833,4039.0,0.001706214,NORTH,EAST,MEDIUM,MEDIUM,NORTH|EAST|MEDIUM|MEDIUM,27,1,27.0,20260901,PKGL-06316,AVAILABLE,2026-08-29T05:48:52.285000+00:00,0.0008003631397883,12.612,RELIABLE,FRESH,3.061,181.0,USABLE_IN_RECENT_WINDOW,46.0,22.0,22.0,1.0,2026-08-31,-1.1886657714843525,0.0,0.0,0.0,5.72267933934927,JAXA GSMaP V8 operational / Google Earth Engine,2026-08-31T14:00:00+00:00,FRESH,COMPLETE,17.278,1.0,1.0,1.0,NOAA GFS 0.25 degree / Google Earth Engine,2026-09-01T00:00:00+00:00,FRESH,COMPLETE,7.278,12.5625,-1.1886657714843525,-2.9641169828526888,12.0,136.0,NASA POWER,AVAILABLE,2026-08-30,10.0,3.407142857142857,0.1075714285714291,24.79,6.601827956989247,REAL,2026-09-01T07:16:40.970887+00:00,3.93,Low,Transparent environmental conditions index (0-100); not a validated GLOF probability or official warning,High,,1,1,1,1,,,,True,,True
55,PKGL-06130,6130,36.28583978,75.81294697,3993.0,0.003764956,NORTH,EAST,LOW,MEDIUM,NORTH|EAST|LOW|MEDIUM,8,1,8.0,20260901,PKGL-06130,AVAILABLE,2026-06-15T05:48:54.946000+00:00,0.0004001815668177,12.612,REJECTED_USING_LAST_RELIABLE,STALE,78.061,181.0,USABLE_RECOVERED_FROM_EXTENDED_WINDOW,46.0,22.0,22.0,8.0,2026-08-31,-1.1886657714843525,0.0,0.0,0.0,5.72267933934927,JAXA GSMaP V8 operational / Google Earth Engine,2026-08-31T14:00:00+00:00,FRESH,COMPLETE,17.28,1.0,1.0,1.0,NOAA GFS 0.25 degree / Google Earth Engine,2026-09-01T00:00:00+00:00,FRESH,COMPLETE,7.28,12.5625,-1.1886657714843525,-2.9641169828526888,12.0,136.0,NASA POWER,AVAILABLE,2026-08-30,10.0,3.407142857142857,0.1075714285714291,24.79,6.601827956989247,REAL,2026-09-01T07:16:48.710846+00:00,3.93,Low,Transparent environmental conditions index (0-100); not a validated GLOF probability or official warning,Medium,Satellite area is 78.1 days old and stale,1,1,1,1,,,,True,,True
56,PKGL-01656,1656,36.06878656,73.54862716,4365.0,0.047687063,NORTH,WEST,HIGH,LARGE,NORTH|WEST|HIGH|LARGE,146,1,146.0,20260901,PKGL-01656,AVAILABLE,2026-08-27T05:58:56.109000+00:00,0.0292062109284977,5.932,RELIABLE,FRESH,5.054,181.0,USABLE_IN_RECENT_WINDOW,92.0,38.0,38.0,3.0,2026-08-31,10.598835245768251,0.8670676350593567,0.8670676350593567,0.8670676350593567,4.463064819574356,JAXA GSMaP V8 operational / Google Earth Engine,2026-08-31T14:00:00+00:00,FRESH,COMPLETE,17.285,1.0,1.0,1.0,NOAA GFS 0.25 degree / Google Earth Engine,2026-09-01T00:00:00+00:00,FRESH,COMPLETE,7.285,21.0,10.598835245768251,9.642501112994022,12.0,136.0,NASA POWER,AVAILABLE,2026-08-30,10.0,13.81857142857143,0.3252142857142868,25.38,0.3832258064516125,REAL,2026-09-01T07:17:04.426946+00:00,7.54,Low,Transparent environmental conditions index (0-100); not a validated GLOF probability or official warning,High,"Source polygon is invalid, but Earth Engine receives the validated processed centroid and buffer rather than that polygon geometry",1,1,1,1,,,,False,Self-intersection[369116.472244359 3992671.60053689],True
57,PKGL-05614,5614,36.48047837,75.61786552,5185.0,0.001085334,NORTH,EAST,HIGH,MEDIUM,NORTH|EAST|HIGH|MEDIUM,88,1,88.0,20260901,PKGL-05614,PARTIAL,,,14.763,REJECTED,UNAVAILABLE,,181.0,PIXEL_CLOUD_OR_SHADOW_FILTERING,90.0,34.0,34.0,34.0,2026-08-31,0.7154988606771061,0.0,0.0,0.0,5.571922689676285,JAXA GSMaP V8 operational / Google Earth Engine,2026-08-31T14:00:00+00:00,FRESH,COMPLETE,17.287,1.0,1.0,1.0,NOAA GFS 0.25 degree / Google Earth Engine,2026-09-01T00:00:00+00:00,FRESH,COMPLETE,7.287,20.5625,0.7154988606771061,-1.6214703279382814,12.0,136.0,NASA POWER,AVAILABLE,2026-08-30,10.0,3.407142857142857,0.1075714285714291,24.79,6.601827956989247,REAL,2026-09-01T07:17:13.273282+00:00,6.29,Low,Transparent environmental conditions index (0-100); not a validated GLOF probability or official warning,Medium,Satellite area unavailable: PIXEL_CLOUD_OR_SHADOW_FILTERING,1,1,1,1,,,,True,,False
58,PKGL-01345,1345,35.94876137,73.7574571,4402.0,0.018374929,CENTRAL,WEST,HIGH,LARGE,CENTRAL|WEST|HIGH|LARGE,355,3,118.33333333333331,20260901,PKGL-01345,PARTIAL,,,100.0,REJECTED,UNAVAILABLE,,181.0,PIXEL_CLOUD_OR_SHADOW_FILTERING,45.0,16.0,16.0,16.0,2026-08-31,12.65716705322268,1.850650176405907,1.850650176405907,1.850650176405907,7.047572337090969,JAXA GSMaP V8 operational / Google Earth Engine,2026-08-31T14:00:00+00:00,FRESH,COMPLETE,17.3,1.0,1.0,1.0,NOAA GFS 0.25 degree / Google Earth Engine,2026-09-01T00:00:00+00:00,FRESH,COMPLETE,7.3,33.6875,12.65716705322268,11.580736900778357,12.0,136.0,NASA POWER,AVAILABLE,2026-08-30,10.0,13.81857142857143,0.3252142857142868,25.38,0.3832258064516125,REAL,2026-09-01T07:17:59.010013+00:00,12.0,Low,Transparent environmental conditions index (0-100); not a validated GLOF probability or official warning,Medium,Satellite area unavailable: PIXEL_CLOUD_OR_SHADOW_FILTERING,1,1,1,1,,,,True,,False
59,PKGL-06176,6176,36.26877318,75.81286567,4019.0,0.000314443,NORTH,EAST,LOW,SMALL,NORTH|EAST|LOW|SMALL,47,1,47.0,20260901,PKGL-06176,PARTIAL,,,12.612,REJECTED,UNAVAILABLE,,181.0,PIXEL_CLOUD_OR_SHADOW_FILTERING,46.0,22.0,22.0,22.0,2026-08-31,-1.1886657714843525,0.0,0.0,0.0,5.72267933934927,JAXA GSMaP V8 operational / Google Earth Engine,2026-08-31T14:00:00+00:00,FRESH,COMPLETE,17.307,1.0,1.0,1.0,NOAA GFS 0.25 degree / Google Earth Engine,2026-09-01T00:00:00+00:00,FRESH,COMPLETE,7.307,12.5625,-1.1886657714843525,-2.9641169828526888,12.0,136.0,NASA POWER,AVAILABLE,2026-08-30,10.0,3.407142857142857,0.1075714285714291,24.79,6.601827956989247,REAL,2026-09-01T07:18:25.569935+00:00,3.93,Low,Transparent environmental conditions index (0-100); not a validated GLOF probability or official warning,Medium,Satellite area unavailable: PIXEL_CLOUD_OR_SHADOW_FILTERING,1,1,1,1,,,,True,,False
60,PKGL-07440,7442,34.85781982,75.99796658,4705.0,0.018527984,SOUTH,EAST,HIGH,LARGE,SOUTH|EAST|HIGH|LARGE,414,3,138.0,20260901,PKGL-07440,AVAILABLE,2026-08-29T05:49:21.340000+00:00,0.0148103103903091,5.047,RELIABLE,FRESH,3.062,181.0,USABLE_IN_RECENT_WINDOW,44.0,18.0,18.0,1.0,2026-08-31,12.627998606363954,0.5823527574539185,0.8736300766468048,0.5823527574539185,9.78218886256218,JAXA GSMaP V8 operational / Google Earth Engine,2026-08-31T14:00:00+00:00,FRESH,COMPLETE,17.316,1.0,1.0,1.0,NOAA GFS 0.25 degree / Google Earth Engine,2026-09-01T00:00:00+00:00,FRESH,COMPLETE,7.316,2.4375,12.627998606363954,10.905735868566156,12.0,136.0,NASA POWER,AVAILABLE,2026-08-30,10.0,11.592857142857143,-0.613428571428571,13.8,-17.275268817204303,REAL,2026-09-01T07:18:56.328067+00:00,1.2,Low,Transparent environmental conditions index (0-100); not a validated GLOF probability or official warning,High,,1,1,1,1,,,,True,,True
61,PKGL-04221,4221,36.1389553,75.14690832,3760.0,0.000177911,NORTH,CENTRAL,LOW,SMALL,NORTH|CENTRAL|LOW|SMALL,567,5,113.4,20260901,PKGL-04221,AVAILABLE,2026-08-29T05:59:20.583000+00:00,0.0056034380991798,1.676,RELIABLE,FRESH,3.055,181.0,USABLE_IN_RECENT_WINDOW,188.0,74.0,74.0,1.0,2026-08-31,6.578000640869163,0.0,0.0,0.0,5.769794039428234,JAXA GSMaP V8 operational / Google Earth Engine,2026-08-31T14:00:00+00:00,FRESH,COMPLETE,17.318,1.0,1.0,1.0,NOAA GFS 0.25 degree / Google Earth Engine,2026-09-01T00:00:00+00:00,FRESH,COMPLETE,7.318,19.375,6.578000640869163,4.438824777042187,12.0,136.0,NASA POWER,AVAILABLE,2026-08-30,10.0,8.82857142857143,0.3722142857142856,14.1,-12.746236559139788,REAL,2026-09-01T07:19:04.497158+00:00,6.52,Low,Transparent environmental conditions index (0-100); not a validated GLOF probability or official warning,High,,1,1,1,1,,,,True,,True
62,PKGL-03396,3396,36.08391323,75.3013356,4185.0,0.000366096,NORTH,CENTRAL,MEDIUM,SMALL,NORTH|CENTRAL|MEDIUM|SMALL,279,2,139.5,20260901,PKGL-03396,AVAILABLE,2026-07-10T05:49:08.490000+00:00,0.0008004898970725,7.456,REJECTED_USING_LAST_RELIABLE,STALE,53.063,181.0,USABLE_RECOVERED_FROM_EXTENDED_WINDOW,188.0,74.0,74.0,18.0,2026-08-31,2.873834228515648,0.1532207131385803,0.1532207131385803,0.1532207131385803,6.19346859306097,JAXA GSMaP V8 operational / Google Earth Engine,2026-08-31T14:00:00+00:00,FRESH,COMPLETE,17.32,1.0,1.0,1.0,NOAA GFS 0.25 degree / Google Earth Engine,2026-09-01T00:00:00+00:00,FRESH,COMPLETE,7.32,18.0,2.873834228515648,0.3697073992561119,12.0,136.0,NASA POWER,AVAILABLE,2026-08-30,10.0,8.82857142857143,0.3722142857142856,14.1,-12.746236559139788,REAL,2026-09-01T07:19:13.410313+00:00,6.23,Low,Transparent environmental conditions index (0-100); not a validated GLOF probability or official warning,Medium,Satellite area is 53.1 days old and stale,1,1,1,1,,,,True,,True
63,PKGL-00464,464,36.11160851,71.46899785,4644.0,0.000139539,NORTH,WEST,HIGH,SMALL,NORTH|WEST|HIGH|SMALL,155,1,155.0,20260901,PKGL-00464,PARTIAL,,,16.699,REJECTED,UNAVAILABLE,,181.0,PIXEL_CLOUD_OR_SHADOW_FILTERING,90.0,47.0,47.0,47.0,2026-08-31,11.17383219401044,0.0,0.0,0.0,2.7225688695907597,JAXA GSMaP V8 operational / Google Earth Engine,2026-08-31T14:00:00+00:00,FRESH,COMPLETE,17.33,1.0,1.0,1.0,NOAA GFS 0.25 degree / Google Earth Engine,2026-09-01T00:00:00+00:00,FRESH,COMPLETE,7.33,0.4375,11.17383219401044,10.482206411922668,12.0,136.0,NASA POWER,AVAILABLE,2026-08-30,10.0,10.402857142857142,2.417,12.44,-12.75247311827957,REAL,2026-09-01T07:19:46.673543+00:00,5.46,Low,Transparent environmental conditions index (0-100); not a validated GLOF probability or official warning,Medium,Satellite area unavailable: PIXEL_CLOUD_OR_SHADOW_FILTERING,1,1,1,1,,,,True,,False
64,PKGL-07184,7186,34.74217346,75.37471714,3515.0,0.000515585,SOUTH,CENTRAL,LOW,SMALL,SOUTH|CENTRAL|LOW|SMALL,14,1,14.0,20260901,PKGL-07184,PARTIAL,,,5.047,REJECTED,UNAVAILABLE,,181.0,PIXEL_CLOUD_OR_SHADOW_FILTERING,44.0,18.0,18.0,18.0,2026-08-31,8.907169596354189,0.0,0.0,0.0,19.781055122613907,JAXA GSMaP V8 operational / Google Earth Engine,2026-08-31T14:00:00+00:00,FRESH,COMPLETE,17.35,1.0,1.0,1.0,NOAA GFS 0.25 degree / Google Earth Engine,2026-09-01T00:00:00+00:00,FRESH,COMPLETE,7.35,3.625,8.907169596354189,7.287354143928102,12.0,136.0,NASA POWER,AVAILABLE,2026-08-30,10.0,11.167142857142858,1.165642857142858,42.11,-7.827634408602151,REAL,2026-09-01T07:20:59.145935+00:00,3.64,Low,Transparent environmental conditions index (0-100); not a validated GLOF probability or official warning,Medium,Satellite area unavailable: PIXEL_CLOUD_OR_SHADOW_FILTERING,1,1,1,1,,,,True,,False
65,PKGL-01643,1643,36.01069482,73.55734988,4232.0,0.247829314,CENTRAL,WEST,MEDIUM,LARGE,CENTRAL|WEST|MEDIUM|LARGE,368,3,122.66666666666669,20260901,PKGL-01643,PARTIAL,,,74.783,REJECTED,UNAVAILABLE,,181.0,PIXEL_CLOUD_OR_SHADOW_FILTERING,46.0,17.0,17.0,17.0,2026-08-31,10.598835245768251,0.8670676350593567,0.8670676350593567,0.8670676350593567,4.463064819574356,JAXA GSMaP V8 operational / Google Earth Engine,2026-08-31T14:00:00+00:00,FRESH,COMPLETE,17.362,1.0,1.0,1.0,NOAA GFS 0.25 degree / Google Earth Engine,2026-09-01T00:00:00+00:00,FRESH,COMPLETE,7.362,21.0,10.598835245768251,9.642501112994022,12.0,136.0,NASA POWER,AVAILABLE,2026-08-30,10.0,13.81857142857143,0.3252142857142868,25.38,0.3832258064516125,REAL,2026-09-01T07:21:41.511958+00:00,7.54,Low,Transparent environmental conditions index (0-100); not a validated GLOF probability or official warning,Medium,Satellite area unavailable: PIXEL_CLOUD_OR_SHADOW_FILTERING,1,1,1,1,,,,True,,False
66,PKGL-01227,1227,35.85754199,72.67412078,4447.0,0.020666238,CENTRAL,WEST,HIGH,LARGE,CENTRAL|WEST|HIGH|LARGE,355,3,118.33333333333331,20260901,PKGL-01227,AVAILABLE,2026-08-30T06:09:10.601000+00:00,0.0251897567062255,20.039,RELIABLE,FRESH,2.051,181.0,USABLE_IN_RECENT_WINDOW,90.0,35.0,35.0,1.0,2026-08-31,8.30716730753583,0.1751939505338668,0.3229458928108215,0.1751939505338668,16.277826011180878,JAXA GSMaP V8 operational / Google Earth Engine,2026-08-31T14:00:00+00:00,FRESH,COMPLETE,17.369,1.0,1.0,1.0,NOAA GFS 0.25 degree / Google Earth Engine,2026-09-01T00:00:00+00:00,FRESH,COMPLETE,7.369,10.75,8.30716730753583,7.08955894919005,12.0,136.0,NASA POWER,AVAILABLE,2026-08-30,10.0,11.431428571428572,2.2558928571428574,13.83,-16.17,REAL,2026-09-01T07:22:08.270069+00:00,8.29,Low,Transparent environmental conditions index (0-100); not a validated GLOF probability or official warning,High,,1,1,1,1,,,,True,,True
67,PKGL-05874,5874,36.49685731,74.8334817,2867.0,0.003790452,NORTH,CENTRAL,LOW,MEDIUM,NORTH|CENTRAL|LOW|MEDIUM,432,3,144.0,20260901,PKGL-05874,PARTIAL,,,5.671,REJECTED,UNAVAILABLE,,181.0,PIXEL_CLOUD_OR_SHADOW_FILTERING,45.0,17.0,17.0,17.0,2026-08-31,4.003001149495465,0.0,0.0,0.0,4.293235279619694,JAXA GSMaP V8 operational / Google Earth Engine,2026-08-31T14:00:00+00:00,FRESH,COMPLETE,17.371,1.0,1.0,1.0,NOAA GFS 0.25 degree / Google Earth Engine,2026-09-01T00:00:00+00:00,FRESH,COMPLETE,7.371,22.1875,4.003001149495465,3.5947060977711622,12.0,136.0,NASA POWER,AVAILABLE,2026-08-30,10.0,5.7,-0.7757857142857141,26.44,9.202365591397854,REAL,2026-09-01T07:22:15.628386+00:00,6.53,Low,Transparent environmental conditions index (0-100); not a validated GLOF probability or official warning,Medium,Satellite area unavailable: PIXEL_CLOUD_OR_SHADOW_FILTERING,1,1,1,1,,,,True,,False
68,PKGL-05539,5539,35.78427746,76.39338411,4787.0,0.047852837,CENTRAL,EAST,HIGH,LARGE,CENTRAL|EAST|HIGH|LARGE,8,1,8.0,20260901,PKGL-05539,AVAILABLE,2026-08-29T05:49:03.488000+00:00,0.0008002449099084,21.914,RELIABLE,FRESH,3.065,181.0,USABLE_IN_RECENT_WINDOW,46.0,20.0,20.0,1.0,2026-08-31,-0.7428319295247169,0.0,0.0,0.0,4.937859803438187,JAXA GSMaP V8 operational / Google Earth Engine,2026-08-31T14:00:00+00:00,FRESH,COMPLETE,17.379,1.0,1.0,1.0,NOAA GFS 0.25 degree / Google Earth Engine,2026-09-01T00:00:00+00:00,FRESH,COMPLETE,7.379,8.9375,-0.7428319295247169,-1.7067626953124773,12.0,136.0,NASA POWER,AVAILABLE,2026-08-30,10.0,1.4328571428571428,1.1894285714285715,18.39,-3.357311827956988,REAL,2026-09-01T07:22:44.111811+00:00,5.25,Low,Transparent environmental conditions index (0-100); not a validated GLOF probability or official warning,High,,1,1,1,1,,,,True,,True
69,PKGL-04353,4353,35.93454548,76.01309273,4207.0,0.003662974,CENTRAL,EAST,MEDIUM,MEDIUM,CENTRAL|EAST|MEDIUM|MEDIUM,265,1,265.0,20260901,PKGL-04353,AVAILABLE,2026-06-25T05:49:09.027000+00:00,0.0220100683019032,14.054,REJECTED_USING_LAST_RELIABLE,STALE,68.065,181.0,USABLE_RECOVERED_FROM_EXTENDED_WINDOW,49.0,25.0,25.0,10.0,2026-08-31,1.8738329569498928,0.0,0.0,0.0,4.425565212965012,JAXA GSMaP V8 operational / Google Earth Engine,2026-08-31T14:00:00+00:00,FRESH,COMPLETE,17.381,1.0,1.0,1.0,NOAA GFS 0.25 degree / Google Earth Engine,2026-09-01T00:00:00+00:00,FRESH,COMPLETE,7.381,9.375,1.8738329569498928,1.650588719985087,12.0,136.0,NASA POWER,AVAILABLE,2026-08-30,10.0,1.4328571428571428,1.1894285714285715,18.39,-3.357311827956988,REAL,2026-09-01T07:22:52.779140+00:00,5.38,Low,Transparent environmental conditions index (0-100); not a validated GLOF probability or official warning,Medium,Satellite area is 68.1 days old and stale,1,1,1,1,,,,True,,True
70,PKGL-07980,7982,35.07680814,73.69623591,4243.0,0.004896388,SOUTH,WEST,MEDIUM,LARGE,SOUTH|WEST|MEDIUM|LARGE,327,2,163.5,20260901,PKGL-07980,AVAILABLE,2026-08-27T05:59:25.089000+00:00,0.0024012128711064,21.485,RELIABLE,FRESH,5.058,181.0,USABLE_IN_RECENT_WINDOW,45.0,14.0,14.0,1.0,2026-08-31,8.09049758911135,2.9938113689422607,5.530928939580917,2.9938113689422607,46.00113145262003,JAXA GSMaP V8 operational / Google Earth Engine,2026-08-31T14:00:00+00:00,FRESH,COMPLETE,17.386,1.0,1.0,1.0,NOAA GFS 0.25 degree / Google Earth Engine,2026-09-01T00:00:00+00:00,FRESH,COMPLETE,7.386,8.375,8.09049758911135,7.076323296042072,12.0,136.0,NASA POWER,AVAILABLE,2026-08-30,10.0,14.81,3.396071428571428,81.53,-40.58505376344085,REAL,2026-09-01T07:23:11.068105+00:00,12.58,Low,Transparent environmental conditions index (0-100); not a validated GLOF probability or official warning,High,,1,1,1,1,,,,True,,True
71,PKGL-03854,3854,36.10974645,75.20657315,3916.0,0.005889754,NORTH,CENTRAL,LOW,LARGE,NORTH|CENTRAL|LOW|LARGE,75,1,75.0,20260901,PKGL-03854,AVAILABLE,2026-06-28T05:59:04.438000+00:00,0.0032019721963861,1.676,REJECTED_USING_LAST_RELIABLE,STALE,65.058,181.0,USABLE_RECOVERED_FROM_EXTENDED_WINDOW,188.0,74.0,74.0,25.0,2026-08-31,6.578000640869163,0.0,0.0,0.0,5.490611873567104,JAXA GSMaP V8 operational / Google Earth Engine,2026-08-31T14:00:00+00:00,FRESH,COMPLETE,17.388,1.0,1.0,1.0,NOAA GFS 0.25 degree / Google Earth Engine,2026-09-01T00:00:00+00:00,FRESH,COMPLETE,7.388,19.375,6.578000640869163,4.438824777042187,12.0,136.0,NASA POWER,AVAILABLE,2026-08-30,10.0,8.82857142857143,0.3722142857142856,14.1,-12.746236559139788,REAL,2026-09-01T07:23:18.066824+00:00,6.52,Low,Transparent environmental conditions index (0-100); not a validated GLOF probability or official warning,Medium,Satellite area is 65.1 days old and stale,1,1,1,1,,,,True,,True
72,PKGL-06543,6543,35.80254827,74.17854671,3828.0,0.001029387,CENTRAL,WEST,LOW,MEDIUM,CENTRAL|WEST|LOW|MEDIUM,20,1,20.0,20260901,PKGL-06543,AVAILABLE,2026-05-29T05:59:06.192000+00:00,0.0004002229601399,9.098,REJECTED_USING_LAST_RELIABLE,STALE,95.059,181.0,USABLE_RECOVERED_FROM_EXTENDED_WINDOW,45.0,19.0,19.0,13.0,2026-08-31,12.11966985066734,1.3959845155477524,1.7268982380628586,1.3959845155477524,6.671266816556454,JAXA GSMaP V8 operational / Google Earth Engine,2026-08-31T14:00:00+00:00,FRESH,COMPLETE,17.399,1.0,1.0,1.0,NOAA GFS 0.25 degree / Google Earth Engine,2026-09-01T00:00:00+00:00,FRESH,COMPLETE,7.399,28.125,12.11966985066734,10.898383376177602,12.0,136.0,NASA POWER,AVAILABLE,2026-08-30,10.0,13.607142857142858,-0.3897142857142857,21.81,-3.800752688172043,REAL,2026-09-01T07:23:56.665119+00:00,9.36,Low,Transparent environmental conditions index (0-100); not a validated GLOF probability or official warning,Medium,Satellite area is 95.1 days old and stale,1,1,1,1,,,,True,,True
73,PKGL-03940,3940,36.12248218,75.17955844,3807.0,0.000293029,NORTH,CENTRAL,LOW,SMALL,NORTH|CENTRAL|LOW|SMALL,567,5,113.4,20260901,PKGL-03940,PARTIAL,,,1.676,REJECTED,UNAVAILABLE,,181.0,PIXEL_CLOUD_OR_SHADOW_FILTERING,188.0,74.0,74.0,60.0,2026-08-31,6.578000640869163,0.0,0.0,0.0,5.769794039428234,JAXA GSMaP V8 operational / Google Earth Engine,2026-08-31T14:00:00+00:00,FRESH,COMPLETE,17.408,1.0,1.0,1.0,NOAA GFS 0.25 degree / Google Earth Engine,2026-09-01T00:00:00+00:00,FRESH,COMPLETE,7.408,19.375,6.578000640869163,4.438824777042187,12.0,136.0,NASA POWER,AVAILABLE,2026-08-30,10.0,8.82857142857143,0.3722142857142856,14.1,-12.746236559139788,REAL,2026-09-01T07:24:28.470810+00:00,6.52,Low,Transparent environmental conditions index (0-100); not a validated GLOF probability or official warning,Medium,Satellite area unavailable: PIXEL_CLOUD_OR_SHADOW_FILTERING,1,1,1,1,,,,True,,False
74,PKGL-04704,4704,35.93248408,75.12418959,3712.0,0.005355905,CENTRAL,CENTRAL,LOW,LARGE,CENTRAL|CENTRAL|LOW|LARGE,19,1,19.0,20260901,PKGL-04704,AVAILABLE,2026-08-29T05:59:20.583000+00:00,0.0044029091103701,12.488,RELIABLE,FRESH,3.06,181.0,USABLE_IN_RECENT_WINDOW,91.0,35.0,35.0,1.0,2026-08-31,11.644666290283226,0.3114628046751022,0.3114628046751022,0.3114628046751022,6.638320825994015,JAXA GSMaP V8 operational / Google Earth Engine,2026-08-31T14:00:00+00:00,FRESH,COMPLETE,17.441,1.0,1.0,1.0,NOAA GFS 0.25 degree / Google Earth Engine,2026-09-01T00:00:00+00:00,FRESH,COMPLETE,7.441,20.0625,11.644666290283226,9.932941616282733,12.0,136.0,NASA POWER,AVAILABLE,2026-08-30,10.0,8.82857142857143,0.3722142857142856,14.1,-12.746236559139788,REAL,2026-09-01T07:26:26.146488+00:00,6.95,Low,Transparent environmental conditions index (0-100); not a validated GLOF probability or official warning,High,,1,1,1,1,,,,True,,True
75,PKGL-04227,4227,36.14074468,75.15155672,3813.0,0.000433581,NORTH,CENTRAL,LOW,SMALL,NORTH|CENTRAL|LOW|SMALL,567,5,113.4,20260901,PKGL-04227,PARTIAL,,,1.676,REJECTED,UNAVAILABLE,,181.0,PIXEL_CLOUD_OR_SHADOW_FILTERING,188.0,74.0,74.0,60.0,2026-08-31,6.578000640869163,0.0,0.0,0.0,5.769794039428234,JAXA GSMaP V8 operational / Google Earth Engine,2026-08-31T14:00:00+00:00,FRESH,COMPLETE,17.444,1.0,1.0,1.0,NOAA GFS 0.25 degree / Google Earth Engine,2026-09-01T00:00:00+00:00,FRESH,COMPLETE,7.444,19.375,6.578000640869163,4.438824777042187,12.0,136.0,NASA POWER,AVAILABLE,2026-08-30,10.0,8.82857142857143,0.3722142857142856,14.1,-12.746236559139788,REAL,2026-09-01T07:26:37.731387+00:00,6.52,Low,Transparent environmental conditions index (0-100); not a validated GLOF probability or official warning,Medium,Satellite area unavailable: PIXEL_CLOUD_OR_SHADOW_FILTERING,1,1,1,1,,,,True,,False
76,PKGL-03880,3880,36.11099599,75.20216701,3890.0,0.000682449,NORTH,CENTRAL,LOW,SMALL,NORTH|CENTRAL|LOW|SMALL,567,5,113.4,20260901,PKGL-03880,AVAILABLE,2026-05-09T05:59:05.894000+00:00,0.0028017256284401,1.676,REJECTED_USING_LAST_RELIABLE,STALE,115.062,181.0,USABLE_RECOVERED_FROM_EXTENDED_WINDOW,188.0,74.0,74.0,48.0,2026-08-31,6.578000640869163,0.0,0.0,0.0,5.490611873567104,JAXA GSMaP V8 operational / Google Earth Engine,2026-08-31T14:00:00+00:00,FRESH,COMPLETE,17.466,1.0,1.0,1.0,NOAA GFS 0.25 degree / Google Earth Engine,2026-09-01T00:00:00+00:00,FRESH,COMPLETE,7.466,19.375,6.578000640869163,4.438824777042187,12.0,136.0,NASA POWER,AVAILABLE,2026-08-30,10.0,8.82857142857143,0.3722142857142856,14.1,-12.746236559139788,REAL,2026-09-01T07:27:56.996438+00:00,6.52,Low,Transparent environmental conditions index (0-100); not a validated GLOF probability or official warning,Medium,Satellite area is 115.1 days old and stale,1,1,1,1,,,,True,,True
77,PKGL-05585,5585,36.43723358,75.8266913,4741.0,0.005059893,NORTH,EAST,HIGH,LARGE,NORTH|EAST|HIGH|LARGE,21,1,21.0,20260901,PKGL-05585,AVAILABLE,2026-08-29T05:48:52.285000+00:00,0.0004001664615149,12.612,RELIABLE,FRESH,3.07,181.0,USABLE_IN_RECENT_WINDOW,82.0,32.0,32.0,2.0,2026-08-31,-1.1886657714843525,0.0,0.5018158257007599,0.0,6.166897505521774,JAXA GSMaP V8 operational / Google Earth Engine,2026-08-31T14:00:00+00:00,FRESH,COMPLETE,17.486,1.0,1.0,1.0,NOAA GFS 0.25 degree / Google Earth Engine,2026-09-01T00:00:00+00:00,FRESH,COMPLETE,7.486,12.5625,-1.1886657714843525,-2.9641169828526888,12.0,136.0,NASA POWER,AVAILABLE,2026-08-30,10.0,3.407142857142857,0.1075714285714291,24.79,6.601827956989247,REAL,2026-09-01T07:29:09.296541+00:00,4.01,Low,Transparent environmental conditions index (0-100); not a validated GLOF probability or official warning,High,,1,1,1,1,,,,True,,True
78,PKGL-01828,1828,36.23581753,73.18241085,4415.0,0.004123334,NORTH,WEST,HIGH,MEDIUM,NORTH|WEST|HIGH|MEDIUM,119,1,119.0,20260901,PKGL-01828,AVAILABLE,2026-08-29T05:59:13.551000+00:00,0.0003999755586151,12.27,RELIABLE,FRESH,3.063,181.0,USABLE_IN_RECENT_WINDOW,91.0,38.0,38.0,2.0,2026-08-31,10.128001149495466,0.0,0.0,0.0,3.1446245536208157,JAXA GSMaP V8 operational / Google Earth Engine,2026-08-31T14:00:00+00:00,FRESH,COMPLETE,17.489,1.0,1.0,1.0,NOAA GFS 0.25 degree / Google Earth Engine,2026-09-01T00:00:00+00:00,FRESH,COMPLETE,7.489,10.375,10.128001149495466,8.24985342586743,12.0,136.0,NASA POWER,AVAILABLE,2026-08-30,10.0,11.868571428571428,1.802321428571428,19.96,-8.651827956989244,REAL,2026-09-01T07:29:19.237402+00:00,7.03,Low,Transparent environmental conditions index (0-100); not a validated GLOF probability or official warning,High,,1,1,1,1,,,,True,,True
79,PKGL-06467,6467,35.71546636,74.25847539,4368.0,0.002776523,CENTRAL,CENTRAL,HIGH,MEDIUM,CENTRAL|CENTRAL|HIGH|MEDIUM,6,1,6.0,20260901,PKGL-06467,PARTIAL,,,9.098,REJECTED,UNAVAILABLE,,181.0,PIXEL_CLOUD_OR_SHADOW_FILTERING,45.0,19.0,19.0,19.0,2026-08-31,18.344663238525413,1.6755332052707672,4.142649129033089,1.6755332052707672,9.729873560369017,JAXA GSMaP V8 operational / Google Earth Engine,2026-08-31T14:00:00+00:00,FRESH,COMPLETE,17.491,1.0,1.0,1.0,NOAA GFS 0.25 degree / Google Earth Engine,2026-09-01T00:00:00+00:00,FRESH,COMPLETE,7.491,17.375,18.344663238525413,17.216764517391386,12.0,136.0,NASA POWER,AVAILABLE,2026-08-30,10.0,16.217142857142857,-1.510464285714285,21.28,-18.42215053763441,REAL,2026-09-01T07:29:27.442246+00:00,6.75,Low,Transparent environmental conditions index (0-100); not a validated GLOF probability or official warning,Medium,Satellite area unavailable: PIXEL_CLOUD_OR_SHADOW_FILTERING,1,1,1,1,,,,True,,False
80,PKGL-08006,8008,34.87185926,73.42193231,4180.0,0.000251524,SOUTH,WEST,MEDIUM,SMALL,SOUTH|WEST|MEDIUM|SMALL,58,1,58.0,20260901,PKGL-08006,PARTIAL,,,99.896,REJECTED,UNAVAILABLE,,181.0,PIXEL_CLOUD_OR_SHADOW_FILTERING,45.0,14.0,14.0,14.0,2026-08-31,12.403002675374372,0.7963012605905533,3.679975003004074,0.7963012605905533,111.57885952293871,JAXA GSMaP V8 operational / Google Earth Engine,2026-08-31T14:00:00+00:00,FRESH,COMPLETE,17.499,1.0,1.0,1.0,NOAA GFS 0.25 degree / Google Earth Engine,2026-09-01T00:00:00+00:00,FRESH,COMPLETE,7.499,13.0,12.403002675374372,11.87853012084959,12.0,136.0,NASA POWER,AVAILABLE,2026-08-30,10.0,17.63,0.1518214285714272,122.38,-11.780215053763442,REAL,2026-09-01T07:29:56.082822+00:00,5.2,Low,Transparent environmental conditions index (0-100); not a validated GLOF probability or official warning,Medium,Satellite area unavailable: PIXEL_CLOUD_OR_SHADOW_FILTERING,1,1,1,1,,,,True,,False
81,PKGL-07022,7024,36.61642462,73.06421775,4067.0,0.000436014,NORTH,WEST,MEDIUM,SMALL,NORTH|WEST|MEDIUM|SMALL,63,1,63.0,20260901,PKGL-07022,AVAILABLE,2026-08-30T06:08:52.283000+00:00,0.0019995459816802,6.02,RELIABLE,FRESH,2.057,181.0,USABLE_IN_RECENT_WINDOW,90.0,37.0,37.0,1.0,2026-08-31,13.544666544596376,0.0,0.0,0.0,0.7174870446324348,JAXA GSMaP V8 operational / Google Earth Engine,2026-08-31T14:00:00+00:00,FRESH,COMPLETE,17.505,1.0,1.0,1.0,NOAA GFS 0.25 degree / Google Earth Engine,2026-09-01T00:00:00+00:00,FRESH,COMPLETE,7.505,1.0625,13.544666544596376,11.500587642894049,12.0,136.0,NASA POWER,AVAILABLE,2026-08-30,10.0,10.667142857142858,1.0655,11.51,-0.579247311827956,REAL,2026-09-01T07:30:19.556363+00:00,2.66,Low,Transparent environmental conditions index (0-100); not a validated GLOF probability or official warning,High,,1,1,1,1,,,,True,,True
82,PKGL-02804,2804,35.74236441,76.44657641,4395.0,0.002494322,CENTRAL,EAST,HIGH,MEDIUM,CENTRAL|EAST|HIGH|MEDIUM,79,1,79.0,20260901,PKGL-02804,PARTIAL,,,6.883,REJECTED,UNAVAILABLE,,181.0,PIXEL_CLOUD_OR_SHADOW_FILTERING,46.0,20.0,20.0,20.0,2026-08-31,4.81549987792971,0.0,0.0,0.0,4.654148936271668,JAXA GSMaP V8 operational / Google Earth Engine,2026-08-31T14:00:00+00:00,FRESH,COMPLETE,17.508,1.0,1.0,1.0,NOAA GFS 0.25 degree / Google Earth Engine,2026-09-01T00:00:00+00:00,FRESH,COMPLETE,7.508,14.125,4.81549987792971,3.636618625416498,12.0,136.0,NASA POWER,AVAILABLE,2026-08-30,10.0,6.409999999999999,0.3501785714285708,15.27,-13.6816129032258,REAL,2026-09-01T07:30:27.983241+00:00,4.93,Low,Transparent environmental conditions index (0-100); not a validated GLOF probability or official warning,Medium,Satellite area unavailable: PIXEL_CLOUD_OR_SHADOW_FILTERING,1,1,1,1,,,,True,,False
83,PKGL-06406,6406,35.728663,74.10231176,4044.0,0.000516758,CENTRAL,WEST,MEDIUM,SMALL,CENTRAL|WEST|MEDIUM|SMALL,47,1,47.0,20260901,PKGL-06406,PARTIAL,,,26.703,REJECTED,UNAVAILABLE,,181.0,PIXEL_CLOUD_OR_SHADOW_FILTERING,45.0,19.0,19.0,19.0,2026-08-31,19.73633473714195,1.704798623919487,2.9846911877393723,1.704798623919487,8.384981833398342,JAXA GSMaP V8 operational / Google Earth Engine,2026-08-31T14:00:00+00:00,FRESH,COMPLETE,17.516,1.0,1.0,1.0,NOAA GFS 0.25 degree / Google Earth Engine,2026-09-01T00:00:00+00:00,FRESH,COMPLETE,7.516,21.0,19.73633473714195,19.01014749863564,12.0,136.0,NASA POWER,AVAILABLE,2026-08-30,10.0,16.217142857142857,-1.510464285714285,21.28,-18.42215053763441,REAL,2026-09-01T07:30:57.142030+00:00,7.65,Low,Transparent environmental conditions index (0-100); not a validated GLOF probability or official warning,Medium,Satellite area unavailable: PIXEL_CLOUD_OR_SHADOW_FILTERING,1,1,1,1,,,,True,,False
84,PKGL-05213,5213,35.86887043,75.68363994,4170.0,0.005214822,CENTRAL,EAST,MEDIUM,LARGE,CENTRAL|EAST|MEDIUM|LARGE,49,1,49.0,20260901,PKGL-05213,AVAILABLE,2026-07-10T05:49:08.490000+00:00,0.0016009351094282,1.417,REJECTED_USING_LAST_RELIABLE,STALE,53.071,181.0,USABLE_RECOVERED_FROM_EXTENDED_WINDOW,46.0,22.0,22.0,5.0,2026-08-31,8.082167561848982,0.0,0.0,0.0,5.977635309100151,JAXA GSMaP V8 operational / Google Earth Engine,2026-08-31T14:00:00+00:00,FRESH,COMPLETE,17.525,1.0,1.0,1.0,NOAA GFS 0.25 degree / Google Earth Engine,2026-09-01T00:00:00+00:00,FRESH,COMPLETE,7.525,17.3125,8.082167561848982,6.798383106904894,12.0,136.0,NASA POWER,AVAILABLE,2026-08-30,10.0,3.735714285714285,1.1572499999999994,16.19,-9.717526881720428,REAL,2026-09-01T07:31:28.478790+00:00,7.64,Low,Transparent environmental conditions index (0-100); not a validated GLOF probability or official warning,Medium,Satellite area is 53.1 days old and stale,1,1,1,1,,,,True,,True
85,PKGL-06448,6448,35.6862745,74.22977957,4337.0,0.137828738,CENTRAL,CENTRAL,MEDIUM,LARGE,CENTRAL|CENTRAL|MEDIUM|LARGE,45,1,45.0,20260901,PKGL-06448,PARTIAL,,,32.091,REJECTED,UNAVAILABLE,,181.0,PIXEL_CLOUD_OR_SHADOW_FILTERING,45.0,19.0,19.0,19.0,2026-08-31,19.73633473714195,1.721226990222931,2.4339896887540817,1.721226990222931,7.948210939764976,JAXA GSMaP V8 operational / Google Earth Engine,2026-08-31T14:00:00+00:00,FRESH,COMPLETE,17.529,1.0,1.0,1.0,NOAA GFS 0.25 degree / Google Earth Engine,2026-09-01T00:00:00+00:00,FRESH,COMPLETE,7.529,21.0,19.73633473714195,19.01014749863564,12.0,136.0,NASA POWER,AVAILABLE,2026-08-30,10.0,16.217142857142857,-1.510464285714285,21.28,-18.42215053763441,REAL,2026-09-01T07:31:42.728369+00:00,7.57,Low,Transparent environmental conditions index (0-100); not a validated GLOF probability or official warning,Medium,Satellite area unavailable: PIXEL_CLOUD_OR_SHADOW_FILTERING,1,1,1,1,,,,True,,False
86,PKGL-06544,6544,35.7294508,74.21316728,3712.0,0.001339234,CENTRAL,CENTRAL,LOW,MEDIUM,CENTRAL|CENTRAL|LOW|MEDIUM,70,1,70.0,20260901,PKGL-06544,PARTIAL,,,9.098,REJECTED,UNAVAILABLE,,181.0,PIXEL_CLOUD_OR_SHADOW_FILTERING,45.0,19.0,19.0,19.0,2026-08-31,19.73633473714195,1.6755332052707672,4.142649129033089,1.6755332052707672,9.729873560369017,JAXA GSMaP V8 operational / Google Earth Engine,2026-08-31T14:00:00+00:00,FRESH,COMPLETE,17.537,1.0,1.0,1.0,NOAA GFS 0.25 degree / Google Earth Engine,2026-09-01T00:00:00+00:00,FRESH,COMPLETE,7.537,21.0,19.73633473714195,19.01014749863564,12.0,136.0,NASA POWER,AVAILABLE,2026-08-30,10.0,16.217142857142857,-1.510464285714285,21.28,-18.42215053763441,REAL,2026-09-01T07:32:14.975936+00:00,7.81,Low,Transparent environmental conditions index (0-100); not a validated GLOF probability or official warning,Medium,Satellite area unavailable: PIXEL_CLOUD_OR_SHADOW_FILTERING,1,1,1,1,,,,True,,False
87,PKGL-07981,7983,35.06783327,73.70015918,4195.0,0.002583739,SOUTH,WEST,MEDIUM,MEDIUM,SOUTH|WEST|MEDIUM|MEDIUM,137,1,137.0,20260901,PKGL-07981,PARTIAL,,,50.449,REJECTED,UNAVAILABLE,,181.0,PIXEL_CLOUD_OR_SHADOW_FILTERING,45.0,14.0,14.0,14.0,2026-08-31,8.09049758911135,2.9938113689422607,5.530928939580917,2.9938113689422607,46.00113145262003,JAXA GSMaP V8 operational / Google Earth Engine,2026-08-31T14:00:00+00:00,FRESH,COMPLETE,17.545,1.0,1.0,1.0,NOAA GFS 0.25 degree / Google Earth Engine,2026-09-01T00:00:00+00:00,FRESH,COMPLETE,7.545,8.375,8.09049758911135,7.076323296042072,12.0,136.0,NASA POWER,AVAILABLE,2026-08-30,10.0,14.81,3.396071428571428,81.53,-40.58505376344085,REAL,2026-09-01T07:32:42.860600+00:00,12.58,Low,Transparent environmental conditions index (0-100); not a validated GLOF probability or official warning,Medium,Satellite area unavailable: PIXEL_CLOUD_OR_SHADOW_FILTERING,1,1,1,1,,,,True,,False
88,PKGL-08355,8357,35.23048577,75.18247191,4547.0,0.114757755,SOUTH,CENTRAL,HIGH,LARGE,SOUTH|CENTRAL|HIGH|LARGE,306,2,153.0,20260901,PKGL-08355,AVAILABLE,2026-08-29T05:59:33.922000+00:00,0.0084068307004179,11.302,RELIABLE,FRESH,3.065,181.0,USABLE_IN_RECENT_WINDOW,178.0,68.0,68.0,1.0,2026-08-31,9.22383270263674,0.4970288127660751,0.9528272449970244,0.4970288127660751,8.487403824925423,JAXA GSMaP V8 operational / Google Earth Engine,2026-08-31T14:00:00+00:00,FRESH,COMPLETE,17.552,1.0,1.0,1.0,NOAA GFS 0.25 degree / Google Earth Engine,2026-09-01T00:00:00+00:00,FRESH,COMPLETE,7.552,3.9375,9.22383270263674,7.535147678150873,12.0,136.0,NASA POWER,AVAILABLE,2026-08-30,10.0,11.820000000000002,2.1309642857142883,28.09,-27.1594623655914,REAL,2026-09-01T07:33:08.170737+00:00,6.3,Low,Transparent environmental conditions index (0-100); not a validated GLOF probability or official warning,High,,1,1,1,1,,,,True,,True
89,PKGL-01408,1408,35.77414368,74.14588624,4303.0,0.011172591,CENTRAL,WEST,MEDIUM,LARGE,CENTRAL|WEST|MEDIUM|LARGE,368,3,122.66666666666669,20260901,PKGL-01408,AVAILABLE,2026-08-29T05:59:24.419000+00:00,0.002001104996851,9.098,RELIABLE,FRESH,3.065,181.0,USABLE_IN_RECENT_WINDOW,45.0,19.0,19.0,1.0,2026-08-31,12.11966985066734,1.704798623919487,2.9846911877393723,1.704798623919487,8.384981833398342,JAXA GSMaP V8 operational / Google Earth Engine,2026-08-31T14:00:00+00:00,FRESH,COMPLETE,17.554,1.0,1.0,1.0,NOAA GFS 0.25 degree / Google Earth Engine,2026-09-01T00:00:00+00:00,FRESH,COMPLETE,7.554,28.125,12.11966985066734,10.898383376177602,12.0,136.0,NASA POWER,AVAILABLE,2026-08-30,10.0,13.607142857142858,-0.3897142857142857,21.81,-3.800752688172043,REAL,2026-09-01T07:33:15.209947+00:00,9.74,Low,Transparent environmental conditions index (0-100); not a validated GLOF probability or official warning,High,,1,1,1,1,,,,True,,True
90,PKGL-01632,1632,35.76936473,73.47923539,4340.0,0.003800109,CENTRAL,WEST,MEDIUM,MEDIUM,CENTRAL|WEST|MEDIUM|MEDIUM,80,1,80.0,20260901,PKGL-01632,PARTIAL,,,74.531,REJECTED,UNAVAILABLE,,181.0,PIXEL_CLOUD_OR_SHADOW_FILTERING,45.0,16.0,16.0,16.0,2026-08-31,13.169666544596376,2.0142919421195984,2.1411319077014923,2.0142919421195984,10.09774899482727,JAXA GSMaP V8 operational / Google Earth Engine,2026-08-31T14:00:00+00:00,FRESH,COMPLETE,17.556,1.0,1.0,1.0,NOAA GFS 0.25 degree / Google Earth Engine,2026-09-01T00:00:00+00:00,FRESH,COMPLETE,7.556,31.6875,13.169666544596376,12.66382347555719,12.0,136.0,NASA POWER,AVAILABLE,2026-08-30,10.0,13.81857142857143,0.3252142857142868,25.38,0.3832258064516125,REAL,2026-09-01T07:33:22.884594+00:00,11.56,Low,Transparent environmental conditions index (0-100); not a validated GLOF probability or official warning,Medium,Satellite area unavailable: PIXEL_CLOUD_OR_SHADOW_FILTERING,1,1,1,1,,,,True,,False
91,PKGL-00131,131,35.06650357,74.44605283,3754.0,0.00712462,SOUTH,CENTRAL,LOW,LARGE,SOUTH|CENTRAL|LOW|LARGE,60,1,60.0,20260901,PKGL-00131,PARTIAL,,,55.952,REJECTED,UNAVAILABLE,,181.0,PIXEL_CLOUD_OR_SHADOW_FILTERING,46.0,15.0,15.0,15.0,2026-08-31,7.790494537353538,0.5169541537761688,2.68107720464468,0.5169541537761688,19.871395878493782,JAXA GSMaP V8 operational / Google Earth Engine,2026-08-31T14:00:00+00:00,FRESH,COMPLETE,17.567,1.0,1.0,1.0,NOAA GFS 0.25 degree / Google Earth Engine,2026-09-01T00:00:00+00:00,FRESH,COMPLETE,7.567,11.5,7.790494537353538,6.218235195384329,12.0,136.0,NASA POWER,AVAILABLE,2026-08-30,10.0,12.702857142857145,1.709821428571427,43.63,-32.78935483870968,REAL,2026-09-01T07:34:01.521974+00:00,7.88,Low,Transparent environmental conditions index (0-100); not a validated GLOF probability or official warning,Medium,Satellite area unavailable: PIXEL_CLOUD_OR_SHADOW_FILTERING,1,1,1,1,,,,True,,False
92,PKGL-03428,3428,36.08637353,75.29249889,4151.0,0.000687337,NORTH,CENTRAL,MEDIUM,SMALL,NORTH|CENTRAL|MEDIUM|SMALL,279,2,139.5,20260901,PKGL-03428,AVAILABLE,2026-06-15T05:49:09.374000+00:00,0.0012007354501576,14.935,REJECTED_USING_LAST_RELIABLE,STALE,78.073,181.0,USABLE_RECOVERED_FROM_EXTENDED_WINDOW,188.0,74.0,74.0,31.0,2026-08-31,2.873834228515648,0.2665722146630287,0.2665722146630287,0.2665722146630287,6.095907427370548,JAXA GSMaP V8 operational / Google Earth Engine,2026-08-31T14:00:00+00:00,FRESH,COMPLETE,17.574,1.0,1.0,1.0,NOAA GFS 0.25 degree / Google Earth Engine,2026-09-01T00:00:00+00:00,FRESH,COMPLETE,7.574,18.0,2.873834228515648,0.3697073992561119,12.0,136.0,NASA POWER,AVAILABLE,2026-08-30,10.0,8.82857142857143,0.3722142857142856,14.1,-12.746236559139788,REAL,2026-09-01T07:34:24.874693+00:00,6.31,Low,Transparent environmental conditions index (0-100); not a validated GLOF probability or official warning,Medium,Satellite area is 78.1 days old and stale,1,1,1,1,,,,True,,True
93,PKGL-00979,979,35.68655126,73.09001672,4552.0,0.008327343,CENTRAL,WEST,HIGH,LARGE,CENTRAL|WEST|HIGH|LARGE,355,3,118.33333333333331,20260901,PKGL-00979,PARTIAL,,,37.826,REJECTED,UNAVAILABLE,,181.0,PIXEL_CLOUD_OR_SHADOW_FILTERING,46.0,16.0,16.0,16.0,2026-08-31,16.248831685384136,2.978920564055443,2.978920564055443,2.978920564055443,19.110861487686638,JAXA GSMaP V8 operational / Google Earth Engine,2026-08-31T14:00:00+00:00,FRESH,COMPLETE,17.587,1.0,1.0,1.0,NOAA GFS 0.25 degree / Google Earth Engine,2026-09-01T00:00:00+00:00,FRESH,COMPLETE,7.587,18.875,16.248831685384136,16.250588091681944,12.0,136.0,NASA POWER,AVAILABLE,2026-08-30,10.0,14.138571428571428,-1.0041785714285734,52.35,-17.575806451612912,REAL,2026-09-01T07:35:13.435889+00:00,7.77,Low,Transparent environmental conditions index (0-100); not a validated GLOF probability or official warning,Medium,Satellite area unavailable: PIXEL_CLOUD_OR_SHADOW_FILTERING,1,1,1,1,,,,True,,False
94,PKGL-04671,4671,35.81529464,75.08279751,3873.0,0.000509622,CENTRAL,CENTRAL,LOW,SMALL,CENTRAL|CENTRAL|LOW|SMALL,103,1,103.0,20260901,PKGL-04671,PARTIAL,,,9.098,REJECTED,UNAVAILABLE,,181.0,PIXEL_CLOUD_OR_SHADOW_FILTERING,182.0,75.0,75.0,60.0,2026-08-31,11.644666290283226,0.4581199139356613,0.4581199139356613,0.4581199139356613,6.433499291539192,JAXA GSMaP V8 operational / Google Earth Engine,2026-08-31T14:00:00+00:00,FRESH,COMPLETE,17.595,1.0,1.0,1.0,NOAA GFS 0.25 degree / Google Earth Engine,2026-09-01T00:00:00+00:00,FRESH,COMPLETE,7.595,20.0625,11.644666290283226,9.932941616282733,12.0,136.0,NASA POWER,AVAILABLE,2026-08-30,10.0,8.82857142857143,0.3722142857142856,14.1,-12.746236559139788,REAL,2026-09-01T07:35:41.860005+00:00,7.06,Low,Transparent environmental conditions index (0-100); not a validated GLOF probability or official warning,Medium,Satellite area unavailable: PIXEL_CLOUD_OR_SHADOW_FILTERING,1,1,1,1,,,,True,,False
95,PKGL-02296,2296,34.783863,76.48029342,5049.0,0.01892339,SOUTH,EAST,HIGH,LARGE,SOUTH|EAST|HIGH|LARGE,414,3,138.0,20260901,PKGL-02296,AVAILABLE,2026-08-29T05:49:17.997000+00:00,0.0020009315868383,2.432,RELIABLE,FRESH,3.075,181.0,USABLE_IN_RECENT_WINDOW,44.0,19.0,19.0,1.0,2026-08-31,10.265503184000671,0.0,0.0,0.0,7.414229184389114,JAXA GSMaP V8 operational / Google Earth Engine,2026-08-31T14:00:00+00:00,FRESH,COMPLETE,17.617,1.0,1.0,1.0,NOAA GFS 0.25 degree / Google Earth Engine,2026-09-01T00:00:00+00:00,FRESH,COMPLETE,7.617,12.3125,10.265503184000671,8.581470669017124,12.0,136.0,NASA POWER,AVAILABLE,2026-08-30,10.0,11.592857142857143,-0.613428571428571,13.8,-17.275268817204303,REAL,2026-09-01T07:37:02.517505+00:00,3.62,Low,Transparent environmental conditions index (0-100); not a validated GLOF probability or official warning,High,,1,1,1,1,,,,True,,True
96,PKGL-06738,6738,36.77776213,74.389911,3832.0,0.001084889,NORTH,CENTRAL,LOW,MEDIUM,NORTH|CENTRAL|LOW|MEDIUM,432,3,144.0,20260901,PKGL-06738,PARTIAL,,,5.671,REJECTED,UNAVAILABLE,,181.0,PIXEL_CLOUD_OR_SHADOW_FILTERING,46.0,17.0,17.0,17.0,2026-08-31,2.640498097737653,0.0,0.0,0.0,2.5658731758594517,JAXA GSMaP V8 operational / Google Earth Engine,2026-08-31T14:00:00+00:00,FRESH,COMPLETE,17.62,1.0,1.0,1.0,NOAA GFS 0.25 degree / Google Earth Engine,2026-09-01T00:00:00+00:00,FRESH,COMPLETE,7.62,20.0,2.640498097737653,2.6322054694680834,12.0,136.0,NASA POWER,AVAILABLE,2026-08-30,10.0,5.007142857142857,-0.3126071428571428,42.48,33.78645161290323,REAL,2026-09-01T07:37:10.251420+00:00,5.88,Low,Transparent environmental conditions index (0-100); not a validated GLOF probability or official warning,Medium,Satellite area unavailable: PIXEL_CLOUD_OR_SHADOW_FILTERING,1,1,1,1,,,,True,,False
97,PKGL-05727,5727,36.54723703,75.34472983,4973.0,0.048717345,NORTH,CENTRAL,HIGH,LARGE,NORTH|CENTRAL|HIGH|LARGE,9,1,9.0,20260901,PKGL-05727,AVAILABLE,2026-08-29T05:59:05.939000+00:00,0.2545283379676278,14.763,RELIABLE,FRESH,3.068,181.0,USABLE_IN_RECENT_WINDOW,90.0,34.0,34.0,1.0,2026-08-31,2.403002675374372,0.0,0.0,0.0,5.879063621163368,JAXA GSMaP V8 operational / Google Earth Engine,2026-08-31T14:00:00+00:00,FRESH,COMPLETE,17.627,1.0,1.0,1.0,NOAA GFS 0.25 degree / Google Earth Engine,2026-09-01T00:00:00+00:00,FRESH,COMPLETE,7.627,17.5625,2.403002675374372,1.5013234306784464,12.0,136.0,NASA POWER,AVAILABLE,2026-08-30,10.0,3.407142857142857,0.1075714285714291,24.79,6.601827956989247,REAL,2026-09-01T07:37:37.109809+00:00,5.4,Low,Transparent environmental conditions index (0-100); not a validated GLOF probability or official warning,High,,1,1,1,1,,,,True,,True
98,PKGL-00015,15,34.95673787,74.07401803,3961.0,0.002289994,SOUTH,WEST,LOW,MEDIUM,SOUTH|WEST|LOW|MEDIUM,85,1,85.0,20260901,PKGL-00015,AVAILABLE,2026-07-18T05:59:24.961000+00:00,0.0004002816201783,60.176,REJECTED_USING_LAST_RELIABLE,STALE,45.068,181.0,USABLE_RECOVERED_FROM_EXTENDED_WINDOW,45.0,15.0,15.0,3.0,2026-08-31,13.136333719889343,0.2945495843887329,0.7223843634128571,0.2945495843887329,36.775071650743484,JAXA GSMaP V8 operational / Google Earth Engine,2026-08-31T14:00:00+00:00,FRESH,COMPLETE,17.629,1.0,1.0,1.0,NOAA GFS 0.25 degree / Google Earth Engine,2026-09-01T00:00:00+00:00,FRESH,COMPLETE,7.629,14.5,13.136333719889343,12.893235778808569,12.0,136.0,NASA POWER,AVAILABLE,2026-08-30,10.0,12.702857142857145,1.709821428571427,43.63,-32.78935483870968,REAL,2026-09-01T07:37:45.482874+00:00,8.32,Low,Transparent environmental conditions index (0-100); not a validated GLOF probability or official warning,Medium,Satellite area is 45.1 days old and stale,1,1,1,1,,,,True,,True
99,PKGL-05335,5335,35.92955734,75.91867907,4254.0,0.000531327,CENTRAL,EAST,MEDIUM,SMALL,CENTRAL|EAST|MEDIUM|SMALL,282,2,141.0,20260901,PKGL-05335,PARTIAL,,,32.74,REJECTED,UNAVAILABLE,,181.0,PIXEL_CLOUD_OR_SHADOW_FILTERING,48.0,25.0,25.0,25.0,2026-08-31,5.061335500081403,0.0,0.0,0.0,4.473758265376091,JAXA GSMaP V8 operational / Google Earth Engine,2026-08-31T14:00:00+00:00,FRESH,COMPLETE,17.632,1.0,1.0,1.0,NOAA GFS 0.25 degree / Google Earth Engine,2026-09-01T00:00:00+00:00,FRESH,COMPLETE,7.632,15.4375,5.061335500081403,4.096177897733823,12.0,136.0,NASA POWER,AVAILABLE,2026-08-30,10.0,3.735714285714285,1.1572499999999994,16.19,-9.717526881720428,REAL,2026-09-01T07:37:55.675299+00:00,7.09,Low,Transparent environmental conditions index (0-100); not a validated GLOF probability or official warning,Medium,Satellite area unavailable: PIXEL_CLOUD_OR_SHADOW_FILTERING,1,1,1,1,,,,True,,False
100,PKGL-01026,1026,35.8323859,73.02514796,4539.0,0.00083325,CENTRAL,WEST,HIGH,SMALL,CENTRAL|WEST|HIGH|SMALL,52,1,52.0,20260901,PKGL-01026,PARTIAL,,,63.992,REJECTED,UNAVAILABLE,,181.0,PIXEL_CLOUD_OR_SHADOW_FILTERING,90.0,33.0,33.0,33.0,2026-08-31,10.03216705322268,1.1908819675445557,1.1908819675445557,1.1908819675445557,12.126213051378729,JAXA GSMaP V8 operational / Google Earth Engine,2026-08-31T14:00:00+00:00,FRESH,COMPLETE,17.642,1.0,1.0,1.0,NOAA GFS 0.25 degree / Google Earth Engine,2026-09-01T00:00:00+00:00,FRESH,COMPLETE,7.642,29.0,10.03216705322268,9.037352573170384,12.0,136.0,NASA POWER,AVAILABLE,2026-08-30,10.0,11.868571428571428,1.802321428571428,19.96,-8.651827956989244,REAL,2026-09-01T07:38:30.132097+00:00,13.39,Low,Transparent environmental conditions index (0-100); not a validated GLOF probability or official warning,Medium,Satellite area unavailable: PIXEL_CLOUD_OR_SHADOW_FILTERING,1,1,1,1,,,,True,,False
