lake_id,observed_at,area_km2,cloud_percentage,clear_fraction,quality_status,source_image_id,water_index,source,is_mock,rejection_reason,ingested_at
PKGL-00001,2026-08-29T05:59:38.677000+00:00,,97.75,0.0225,REJECTED,20260829T055251_20260829T055252_T43SDU,MNDWI,Sentinel-2 SR Harmonized / Google Earth Engine,0,insufficient clear pixels; cloud percentage above configured limit,2026-08-31T16:20:08.985291+00:00
PKGL-00002,2026-08-29T05:59:38.677000+00:00,,90.972,0.0903,REJECTED,20260829T055251_20260829T055252_T43SDU,MNDWI,Sentinel-2 SR Harmonized / Google Earth Engine,0,insufficient clear pixels; cloud percentage above configured limit,2026-08-31T16:22:30.666302+00:00
PKGL-00003,2026-08-29T05:59:38.677000+00:00,,89.461,0.1054,REJECTED,20260829T055251_20260829T055252_T43SDU,MNDWI,Sentinel-2 SR Harmonized / Google Earth Engine,0,insufficient clear pixels; cloud percentage above configured limit; no reliable water pixels,2026-08-31T16:22:35.122845+00:00
PKGL-00002,2026-08-27T05:59:21.230000+00:00,0.034425392689896285,21.862,0.7814,RELIABLE,20260827T054631_20260827T055705_T43SDU,MNDWI,Sentinel-2 SR Harmonized / Google Earth Engine,0,,2026-08-31T16:25:45.676876+00:00
PKGL-00003,2026-08-27T05:59:21.230000+00:00,0.19374211153607512,33.906,0.6609,RELIABLE,20260827T054631_20260827T055705_T43SDU,MNDWI,Sentinel-2 SR Harmonized / Google Earth Engine,0,,2026-08-31T16:25:49.610334+00:00
PKGL-03738,2026-08-29T05:59:20.583000+00:00,,3.714,0.9629,REJECTED,20260829T055251_20260829T055252_T43SEV,MNDWI,Sentinel-2 SR Harmonized / Google Earth Engine,0,no reliable water pixels,2026-09-01T05:46:39.753405+00:00
PKGL-00995,2026-08-27T05:59:10.698000+00:00,0.03200116333111312,10.54,1.0,RELIABLE,20260827T054631_20260827T055705_T43SCV,MNDWI,Sentinel-2 SR Harmonized / Google Earth Engine,0,,2026-09-01T05:46:45.264633+00:00
PKGL-04422,2026-08-29T05:49:06.714000+00:00,,7.512,0.9249,REJECTED,20260829T053639_20260829T054427_T43SEV,MNDWI,Sentinel-2 SR Harmonized / Google Earth Engine,0,no reliable water pixels,2026-09-01T05:46:53.472650+00:00
PKGL-02691,2026-08-29T05:49:03.488000+00:00,,1.963,0.9993,REJECTED,20260829T053639_20260829T054427_T43SFV,MNDWI,Sentinel-2 SR Harmonized / Google Earth Engine,0,no reliable water pixels,2026-09-01T05:47:02.772857+00:00
PKGL-08230,2026-08-29T05:59:42.535000+00:00,,50.449,0.9987,REJECTED,20260829T055251_20260829T055252_T43SCU,MNDWI,Sentinel-2 SR Harmonized / Google Earth Engine,0,cloud percentage above configured limit; no reliable water pixels,2026-09-01T05:47:19.202903+00:00
PKGL-05516,2026-08-29T05:49:06.714000+00:00,,1.818,0.9818,REJECTED,20260829T053639_20260829T054427_T43SEV,MNDWI,Sentinel-2 SR Harmonized / Google Earth Engine,0,no reliable water pixels,2026-09-01T05:47:27.342300+00:00
PKGL-02156,2026-08-29T05:49:03.488000+00:00,,1.963,1.0,REJECTED,20260829T053639_20260829T054427_T43SFV,MNDWI,Sentinel-2 SR Harmonized / Google Earth Engine,0,no reliable water pixels,2026-09-01T05:47:36.842252+00:00
PKGL-06056,2026-08-22T05:58:54.831000+00:00,0.0016002135385142678,14.875,1.0,RELIABLE,20260822T054629_20260822T055602_T43SCA,MNDWI,Sentinel-2 SR Harmonized / Google Earth Engine,0,,2026-09-01T05:47:42.355957+00:00
PKGL-04361,2026-08-29T05:49:06.714000+00:00,,16.007,0.8399,REJECTED,20260829T053639_20260829T054427_T43SEV,MNDWI,Sentinel-2 SR Harmonized / Google Earth Engine,0,no reliable water pixels,2026-09-01T05:47:50.199162+00:00
PKGL-07012,2026-08-30T06:08:52.283000+00:00,,6.02,0.9701,REJECTED,20260830T055631_20260830T055743_T43SCA,MNDWI,Sentinel-2 SR Harmonized / Google Earth Engine,0,no reliable water pixels,2026-09-01T05:48:09.332764+00:00
PKGL-04753,2026-08-29T05:59:24.419000+00:00,,9.098,0.9656,REJECTED,20260829T055251_20260829T055252_T43SDV,MNDWI,Sentinel-2 SR Harmonized / Google Earth Engine,0,no reliable water pixels,2026-09-01T05:48:28.954731+00:00
PKGL-04284,2026-08-29T05:49:06.714000+00:00,,9.203,0.908,REJECTED,20260829T053639_20260829T054427_T43SEV,MNDWI,Sentinel-2 SR Harmonized / Google Earth Engine,0,no reliable water pixels,2026-09-01T05:48:48.244176+00:00
PKGL-00443,2026-08-30T06:09:12.376000+00:00,,16.699,1.0,REJECTED,20260830T055631_20260830T055743_T42SYE,MNDWI,Sentinel-2 SR Harmonized / Google Earth Engine,0,no reliable water pixels,2026-09-01T05:48:58.679166+00:00
PKGL-02404,2026-08-31T05:39:22.817000+00:00,,97.201,0.028,REJECTED,20260831T052641_20260831T053602_T43SFU,MNDWI,Sentinel-2 SR Harmonized / Google Earth Engine,0,insufficient clear pixels; cloud percentage above configured limit; no reliable water pixels,2026-09-01T05:49:16.218218+00:00
PKGL-06302,2026-08-29T05:48:52.285000+00:00,,12.612,1.0,REJECTED,20260829T053639_20260829T054427_T43SEA,MNDWI,Sentinel-2 SR Harmonized / Google Earth Engine,0,no reliable water pixels,2026-09-01T05:49:24.190456+00:00
PKGL-07455,2026-08-29T05:49:21.340000+00:00,0.006404496674811931,5.047,1.0,RELIABLE,20260829T053639_20260829T054427_T43SEU,MNDWI,Sentinel-2 SR Harmonized / Google Earth Engine,0,,2026-09-01T05:49:27.448586+00:00
PKGL-07877,2026-08-29T05:59:28.143000+00:00,,93.209,0.0679,REJECTED,20260829T055251_20260829T055252_T43SCV,MNDWI,Sentinel-2 SR Harmonized / Google Earth Engine,0,insufficient clear pixels; cloud percentage above configured limit; no reliable water pixels,2026-09-01T05:49:37.863772+00:00
PKGL-05715,2026-08-29T05:48:52.285000+00:00,0.005202749575656428,12.612,0.967,RELIABLE,20260829T053639_20260829T054427_T43SEA,MNDWI,Sentinel-2 SR Harmonized / Google Earth Engine,0,,2026-09-01T05:49:42.084972+00:00
PKGL-07437,2026-08-29T05:49:21.340000+00:00,0.018813411595567292,5.047,1.0,RELIABLE,20260829T053639_20260829T054427_T43SEU,MNDWI,Sentinel-2 SR Harmonized / Google Earth Engine,0,,2026-09-01T05:49:45.881026+00:00
PKGL-04611,2026-08-29T05:49:06.714000+00:00,,1.417,0.995,REJECTED,20260829T053639_20260829T054427_T43SEV,MNDWI,Sentinel-2 SR Harmonized / Google Earth Engine,0,no reliable water pixels,2026-09-01T05:49:53.941721+00:00
PKGL-06300,2026-08-29T05:48:52.285000+00:00,0.03641662201147949,12.612,1.0,RELIABLE,20260829T053639_20260829T054427_T43SEA,MNDWI,Sentinel-2 SR Harmonized / Google Earth Engine,0,,2026-09-01T05:49:57.683165+00:00
PKGL-00950,2026-08-27T05:59:10.698000+00:00,0.02279976770296695,10.54,0.8982,RELIABLE,20260827T054631_20260827T055705_T43SCV,MNDWI,Sentinel-2 SR Harmonized / Google Earth Engine,0,,2026-09-01T05:50:02.103805+00:00
PKGL-07615,2026-08-29T05:49:21.340000+00:00,,5.047,1.0,REJECTED,20260829T053639_20260829T054427_T43SEU,MNDWI,Sentinel-2 SR Harmonized / Google Earth Engine,0,no reliable water pixels,2026-09-01T05:50:10.544787+00:00
PKGL-00113,2026-08-29T05:59:38.677000+00:00,,100.0,0.0,REJECTED,20260829T055251_20260829T055252_T43SDU,MNDWI,Sentinel-2 SR Harmonized / Google Earth Engine,0,insufficient clear pixels; cloud percentage above configured limit; no reliable water pixels,2026-09-01T05:50:28.831114+00:00
PKGL-04976,2026-08-29T05:59:20.583000+00:00,,10.196,0.898,REJECTED,20260829T055251_20260829T055252_T43SEV,MNDWI,Sentinel-2 SR Harmonized / Google Earth Engine,0,no reliable water pixels,2026-09-01T05:50:51.461447+00:00
PKGL-08343,2026-08-29T05:49:06.714000+00:00,0.001601294107502882,1.417,1.0,RELIABLE,20260829T053639_20260829T054427_T43SEV,MNDWI,Sentinel-2 SR Harmonized / Google Earth Engine,0,,2026-09-01T05:50:57.066689+00:00
PKGL-08051,2026-08-29T05:59:38.677000+00:00,,32.495,0.9665,REJECTED,20260829T055251_20260829T055252_T43SDU,MNDWI,Sentinel-2 SR Harmonized / Google Earth Engine,0,no reliable water pixels,2026-09-01T05:51:08.681873+00:00
PKGL-00202,2026-08-29T05:59:38.677000+00:00,,97.05,0.0295,REJECTED,20260829T055251_20260829T055252_T43SDU,MNDWI,Sentinel-2 SR Harmonized / Google Earth Engine,0,insufficient clear pixels; cloud percentage above configured limit; no reliable water pixels,2026-09-01T05:51:29.261625+00:00
PKGL-03152,2026-08-29T05:49:03.488000+00:00,,4.984,0.9502,REJECTED,20260829T053639_20260829T054427_T43SFV,MNDWI,Sentinel-2 SR Harmonized / Google Earth Engine,0,no reliable water pixels,2026-09-01T05:51:37.286800+00:00
PKGL-01281,2026-08-17T05:58:56.348000+00:00,0.0072022053804013785,7.382,1.0,RELIABLE,20260817T054631_20260817T055709_T43SCA,MNDWI,Sentinel-2 SR Harmonized / Google Earth Engine,0,,2026-09-01T05:51:48.211833+00:00
PKGL-02102,2026-08-29T05:49:03.488000+00:00,,1.963,1.0,REJECTED,20260829T053639_20260829T054427_T43SFV,MNDWI,Sentinel-2 SR Harmonized / Google Earth Engine,0,no reliable water pixels,2026-09-01T05:51:56.067365+00:00
PKGL-05740,2026-08-29T05:59:05.939000+00:00,,51.512,0.4849,REJECTED,20260829T055251_20260829T055252_T43SEA,MNDWI,Sentinel-2 SR Harmonized / Google Earth Engine,0,insufficient clear pixels; cloud percentage above configured limit; no reliable water pixels,2026-09-01T05:52:12.154102+00:00
PKGL-00088,2026-08-29T05:59:38.677000+00:00,0.03843263009399879,32.495,0.8566,RELIABLE,20260829T055251_20260829T055252_T43SDU,MNDWI,Sentinel-2 SR Harmonized / Google Earth Engine,0,,2026-09-01T05:52:15.186751+00:00
PKGL-02332,2026-08-29T05:49:17.997000+00:00,0.003601709415264116,2.735,0.9727,RELIABLE,20260829T053639_20260829T054427_T43SFU,MNDWI,Sentinel-2 SR Harmonized / Google Earth Engine,0,,2026-09-01T05:52:18.157908+00:00
PKGL-08633,2026-08-27T05:59:16.484000+00:00,0.00040032559644760017,29.422,0.7058,RELIABLE,20260827T054631_20260827T055705_T43SEU,MNDWI,Sentinel-2 SR Harmonized / Google Earth Engine,0,,2026-09-01T05:52:26.917732+00:00
PKGL-00850,2026-08-30T06:09:12.376000+00:00,,16.699,0.9907,REJECTED,20260830T055631_20260830T055743_T42SYE,MNDWI,Sentinel-2 SR Harmonized / Google Earth Engine,0,no reliable water pixels,2026-09-01T05:52:41.373825+00:00
PKGL-06317,2026-08-29T05:48:52.285000+00:00,0.0008003631397584875,12.612,1.0,RELIABLE,20260829T053639_20260829T054427_T43SEA,MNDWI,Sentinel-2 SR Harmonized / Google Earth Engine,0,,2026-09-01T05:52:44.417587+00:00
PKGL-05948,2026-08-29T05:59:05.939000+00:00,0.011205624221944871,17.484,0.8252,RELIABLE,20260829T055251_20260829T055252_T43SEA,MNDWI,Sentinel-2 SR Harmonized / Google Earth Engine,0,,2026-09-01T05:52:48.123230+00:00
PKGL-03673,2026-08-29T05:59:20.583000+00:00,0.017610834904654094,1.676,1.0,RELIABLE,20260829T055251_20260829T055252_T43SEV,MNDWI,Sentinel-2 SR Harmonized / Google Earth Engine,0,,2026-09-01T05:52:51.347380+00:00
PKGL-07949,2026-08-27T05:59:10.698000+00:00,0.001600444794081452,18.975,0.8102,RELIABLE,20260827T054631_20260827T055705_T43SCV,MNDWI,Sentinel-2 SR Harmonized / Google Earth Engine,0,,2026-09-01T05:52:55.648869+00:00
PKGL-08763,2026-08-24T05:49:24.454000+00:00,0.0008006930404428798,34.99,0.6501,RELIABLE,20260824T053641_20260824T054735_T43SDU,MNDWI,Sentinel-2 SR Harmonized / Google Earth Engine,0,,2026-09-01T05:53:02.311610+00:00
PKGL-04917,2026-08-29T05:59:20.583000+00:00,,1.676,0.9975,REJECTED,20260829T055251_20260829T055252_T43SEV,MNDWI,Sentinel-2 SR Harmonized / Google Earth Engine,0,no reliable water pixels,2026-09-01T05:53:16.020149+00:00
PKGL-04454,2026-08-29T05:49:06.714000+00:00,,6.442,0.9356,REJECTED,20260829T053639_20260829T054427_T43SEV,MNDWI,Sentinel-2 SR Harmonized / Google Earth Engine,0,no reliable water pixels,2026-09-01T05:53:24.661386+00:00
PKGL-05131,2026-08-29T05:59:20.583000+00:00,,1.676,1.0,REJECTED,20260829T055251_20260829T055252_T43SEV,MNDWI,Sentinel-2 SR Harmonized / Google Earth Engine,0,no reliable water pixels,2026-09-01T05:53:40.925366+00:00
PKGL-00639,2026-08-30T06:09:15.501000+00:00,0.1727427377139814,8.259,1.0,RELIABLE,20260830T055631_20260830T055743_T42SXE,MNDWI,Sentinel-2 SR Harmonized / Google Earth Engine,0,,2026-09-01T05:53:43.822418+00:00
PKGL-02710,2026-08-31T05:39:10.946000+00:00,,90.444,0.0956,REJECTED,20260831T052641_20260831T053602_T43SFV,MNDWI,Sentinel-2 SR Harmonized / Google Earth Engine,0,insufficient clear pixels; cloud percentage above configured limit; no reliable water pixels,2026-09-01T05:53:58.801398+00:00
PKGL-07272,2026-08-29T05:49:21.340000+00:00,,5.047,1.0,REJECTED,20260829T053639_20260829T054427_T43SEU,MNDWI,Sentinel-2 SR Harmonized / Google Earth Engine,0,no reliable water pixels,2026-09-01T05:54:07.326463+00:00
PKGL-07782,2026-08-29T05:59:42.535000+00:00,,90.892,0.0911,REJECTED,20260829T055251_20260829T055252_T43SCU,MNDWI,Sentinel-2 SR Harmonized / Google Earth Engine,0,insufficient clear pixels; cloud percentage above configured limit; no reliable water pixels,2026-09-01T05:54:17.147569+00:00
PKGL-07035,2026-08-30T06:08:52.283000+00:00,,13.414,0.8659,REJECTED,20260830T055631_20260830T055743_T43SCA,MNDWI,Sentinel-2 SR Harmonized / Google Earth Engine,0,no reliable water pixels,2026-09-01T05:54:32.197001+00:00
PKGL-01330,2026-08-17T05:59:10.933000+00:00,0.005201549383760534,5.786,1.0,RELIABLE,20260817T054631_20260817T055709_T43SCV,MNDWI,Sentinel-2 SR Harmonized / Google Earth Engine,0,,2026-09-01T05:54:38.765944+00:00
PKGL-01405,2026-08-29T05:59:24.419000+00:00,,9.098,0.9502,REJECTED,20260829T055251_20260829T055252_T43SDV,MNDWI,Sentinel-2 SR Harmonized / Google Earth Engine,0,no reliable water pixels,2026-09-01T05:54:49.537413+00:00
PKGL-02203,2026-08-31T05:39:10.946000+00:00,,69.883,0.3101,REJECTED,20260831T052641_20260831T053602_T43SFV,MNDWI,Sentinel-2 SR Harmonized / Google Earth Engine,0,insufficient clear pixels; cloud percentage above configured limit; no reliable water pixels,2026-09-01T05:55:04.899414+00:00
PKGL-05664,2026-08-29T05:59:05.939000+00:00,,14.763,1.0,REJECTED,20260829T055251_20260829T055252_T43SEA,MNDWI,Sentinel-2 SR Harmonized / Google Earth Engine,0,no reliable water pixels,2026-09-01T05:55:20.251589+00:00
PKGL-06316,2026-08-29T05:48:52.285000+00:00,0.0008003631397883261,12.612,1.0,RELIABLE,20260829T053639_20260829T054427_T43SEA,MNDWI,Sentinel-2 SR Harmonized / Google Earth Engine,0,,2026-09-01T05:55:23.698622+00:00
PKGL-06130,2026-08-29T05:48:52.285000+00:00,,12.612,1.0,REJECTED,20260829T053639_20260829T054427_T43SEA,MNDWI,Sentinel-2 SR Harmonized / Google Earth Engine,0,no reliable water pixels,2026-09-01T05:55:31.314207+00:00
PKGL-01656,2026-08-27T05:58:56.109000+00:00,0.029206210928497737,5.932,0.9996,RELIABLE,20260827T054631_20260827T055705_T43SCA,MNDWI,Sentinel-2 SR Harmonized / Google Earth Engine,0,,2026-09-01T05:55:37.864853+00:00
PKGL-05614,2026-08-29T05:59:05.939000+00:00,,14.763,0.8829,REJECTED,20260829T055251_20260829T055252_T43SEA,MNDWI,Sentinel-2 SR Harmonized / Google Earth Engine,0,no reliable water pixels,2026-09-01T05:55:53.948059+00:00
PKGL-01345,2026-08-29T05:59:28.143000+00:00,,100.0,0.0,REJECTED,20260829T055251_20260829T055252_T43SCV,MNDWI,Sentinel-2 SR Harmonized / Google Earth Engine,0,insufficient clear pixels; cloud percentage above configured limit; no reliable water pixels,2026-09-01T05:56:05.089367+00:00
PKGL-06176,2026-08-29T05:48:52.285000+00:00,,12.612,1.0,REJECTED,20260829T053639_20260829T054427_T43SEA,MNDWI,Sentinel-2 SR Harmonized / Google Earth Engine,0,no reliable water pixels,2026-09-01T05:56:14.876437+00:00
PKGL-07440,2026-08-29T05:49:21.340000+00:00,0.014810310390309191,5.047,0.9999,RELIABLE,20260829T053639_20260829T054427_T43SEU,MNDWI,Sentinel-2 SR Harmonized / Google Earth Engine,0,,2026-09-01T05:56:17.836070+00:00
PKGL-04221,2026-08-29T05:59:20.583000+00:00,0.005603438099179896,1.676,1.0,RELIABLE,20260829T055251_20260829T055252_T43SEV,MNDWI,Sentinel-2 SR Harmonized / Google Earth Engine,0,,2026-09-01T05:56:21.164272+00:00
PKGL-03396,2026-08-29T05:59:20.583000+00:00,,7.456,0.9254,REJECTED,20260829T055251_20260829T055252_T43SEV,MNDWI,Sentinel-2 SR Harmonized / Google Earth Engine,0,no reliable water pixels,2026-09-01T05:56:37.606152+00:00
PKGL-00464,2026-08-30T06:09:12.376000+00:00,,16.699,0.8941,REJECTED,20260830T055631_20260830T055743_T42SYE,MNDWI,Sentinel-2 SR Harmonized / Google Earth Engine,0,no reliable water pixels,2026-09-01T05:56:53.007801+00:00
PKGL-07184,2026-08-29T05:49:21.340000+00:00,,5.047,1.0,REJECTED,20260829T053639_20260829T054427_T43SEU,MNDWI,Sentinel-2 SR Harmonized / Google Earth Engine,0,no reliable water pixels,2026-09-01T05:57:01.497248+00:00
PKGL-01643,2026-08-29T05:59:28.143000+00:00,,74.783,0.2522,REJECTED,20260829T055251_20260829T055252_T43SCV,MNDWI,Sentinel-2 SR Harmonized / Google Earth Engine,0,insufficient clear pixels; cloud percentage above configured limit; no reliable water pixels,2026-09-01T05:57:11.998119+00:00
PKGL-01227,2026-08-30T06:09:10.601000+00:00,0.025189756706225544,20.039,0.9241,RELIABLE,20260830T055631_20260830T055743_T43SBV,MNDWI,Sentinel-2 SR Harmonized / Google Earth Engine,0,,2026-09-01T05:57:15.129096+00:00
PKGL-05874,2026-08-29T05:59:09.961000+00:00,,5.671,1.0,REJECTED,20260829T055251_20260829T055252_T43SDA,MNDWI,Sentinel-2 SR Harmonized / Google Earth Engine,0,no reliable water pixels,2026-09-01T05:57:23.529381+00:00
PKGL-05539,2026-08-29T05:49:03.488000+00:00,0.0008002449099084901,21.914,0.7809,RELIABLE,20260829T053639_20260829T054427_T43SFV,MNDWI,Sentinel-2 SR Harmonized / Google Earth Engine,0,,2026-09-01T05:57:26.412769+00:00
PKGL-04353,2026-08-29T05:49:06.714000+00:00,,14.054,0.8595,REJECTED,20260829T053639_20260829T054427_T43SEV,MNDWI,Sentinel-2 SR Harmonized / Google Earth Engine,0,no reliable water pixels,2026-09-01T05:57:35.278175+00:00
PKGL-07980,2026-08-27T05:59:25.089000+00:00,0.0024012128711064728,21.485,0.7941,RELIABLE,20260827T054631_20260827T055705_T43SCU,MNDWI,Sentinel-2 SR Harmonized / Google Earth Engine,0,,2026-09-01T05:57:39.538267+00:00
PKGL-03854,2026-08-29T05:59:20.583000+00:00,,1.676,1.0,REJECTED,20260829T055251_20260829T055252_T43SEV,MNDWI,Sentinel-2 SR Harmonized / Google Earth Engine,0,no reliable water pixels,2026-09-01T05:57:55.430623+00:00
PKGL-06543,2026-08-29T05:59:24.419000+00:00,,9.098,1.0,REJECTED,20260829T055251_20260829T055252_T43SDV,MNDWI,Sentinel-2 SR Harmonized / Google Earth Engine,0,no reliable water pixels,2026-09-01T05:58:05.544742+00:00
PKGL-03940,2026-08-29T05:59:20.583000+00:00,,1.676,1.0,REJECTED,20260829T055251_20260829T055252_T43SEV,MNDWI,Sentinel-2 SR Harmonized / Google Earth Engine,0,no reliable water pixels,2026-09-01T05:58:22.235753+00:00
PKGL-04704,2026-08-29T05:59:20.583000+00:00,0.004402909110370114,12.488,0.8751,RELIABLE,20260829T055251_20260829T055252_T43SEV,MNDWI,Sentinel-2 SR Harmonized / Google Earth Engine,0,,2026-09-01T05:58:26.579263+00:00
PKGL-04227,2026-08-29T05:59:20.583000+00:00,,1.676,1.0,REJECTED,20260829T055251_20260829T055252_T43SEV,MNDWI,Sentinel-2 SR Harmonized / Google Earth Engine,0,no reliable water pixels,2026-09-01T05:58:40.960435+00:00
PKGL-03880,2026-08-29T05:59:20.583000+00:00,,1.676,1.0,REJECTED,20260829T055251_20260829T055252_T43SEV,MNDWI,Sentinel-2 SR Harmonized / Google Earth Engine,0,no reliable water pixels,2026-09-01T05:58:57.915003+00:00
PKGL-05585,2026-08-29T05:48:52.285000+00:00,0.00040016646151492933,12.612,1.0,RELIABLE,20260829T053639_20260829T054427_T43SEA,MNDWI,Sentinel-2 SR Harmonized / Google Earth Engine,0,,2026-09-01T05:59:02.469588+00:00
PKGL-01828,2026-08-29T05:59:13.551000+00:00,0.0003999755586151721,12.27,0.9945,RELIABLE,20260829T055251_20260829T055252_T43SCA,MNDWI,Sentinel-2 SR Harmonized / Google Earth Engine,0,,2026-09-01T05:59:06.822512+00:00
PKGL-06467,2026-08-29T05:59:24.419000+00:00,,9.098,1.0,REJECTED,20260829T055251_20260829T055252_T43SDV,MNDWI,Sentinel-2 SR Harmonized / Google Earth Engine,0,no reliable water pixels,2026-09-01T05:59:16.894657+00:00
PKGL-08006,2026-08-29T05:59:42.535000+00:00,,99.896,0.001,REJECTED,20260829T055251_20260829T055252_T43SCU,MNDWI,Sentinel-2 SR Harmonized / Google Earth Engine,0,insufficient clear pixels; cloud percentage above configured limit; no reliable water pixels,2026-09-01T05:59:27.435669+00:00
PKGL-07022,2026-08-30T06:08:52.283000+00:00,0.0019995459816802862,6.02,0.9994,RELIABLE,20260830T055631_20260830T055743_T43SCA,MNDWI,Sentinel-2 SR Harmonized / Google Earth Engine,0,,2026-09-01T05:59:30.750804+00:00
PKGL-02804,2026-08-29T05:49:03.488000+00:00,,6.883,0.9312,REJECTED,20260829T053639_20260829T054427_T43SFV,MNDWI,Sentinel-2 SR Harmonized / Google Earth Engine,0,no reliable water pixels,2026-09-01T05:59:39.532738+00:00
PKGL-06406,2026-08-29T05:59:24.419000+00:00,,26.703,0.733,REJECTED,20260829T055251_20260829T055252_T43SDV,MNDWI,Sentinel-2 SR Harmonized / Google Earth Engine,0,no reliable water pixels,2026-09-01T05:59:50.024288+00:00
PKGL-05213,2026-08-29T05:49:06.714000+00:00,,1.417,1.0,REJECTED,20260829T053639_20260829T054427_T43SEV,MNDWI,Sentinel-2 SR Harmonized / Google Earth Engine,0,no reliable water pixels,2026-09-01T05:59:57.699648+00:00
PKGL-06448,2026-08-29T05:59:24.419000+00:00,,32.091,0.6791,REJECTED,20260829T055251_20260829T055252_T43SDV,MNDWI,Sentinel-2 SR Harmonized / Google Earth Engine,0,no reliable water pixels,2026-09-01T06:00:06.519223+00:00
PKGL-06544,2026-08-29T05:59:24.419000+00:00,,9.098,1.0,REJECTED,20260829T055251_20260829T055252_T43SDV,MNDWI,Sentinel-2 SR Harmonized / Google Earth Engine,0,no reliable water pixels,2026-09-01T06:00:16.558799+00:00
PKGL-07981,2026-08-29T05:59:42.535000+00:00,,50.449,0.938,REJECTED,20260829T055251_20260829T055252_T43SCU,MNDWI,Sentinel-2 SR Harmonized / Google Earth Engine,0,cloud percentage above configured limit; no reliable water pixels,2026-09-01T06:00:26.092929+00:00
PKGL-08355,2026-08-29T05:59:33.922000+00:00,0.008406830700417924,11.302,0.9947,RELIABLE,20260829T055251_20260829T055252_T43SEU,MNDWI,Sentinel-2 SR Harmonized / Google Earth Engine,0,,2026-09-01T06:00:29.628496+00:00
PKGL-01408,2026-08-29T05:59:24.419000+00:00,0.0020011049968510987,9.098,1.0,RELIABLE,20260829T055251_20260829T055252_T43SDV,MNDWI,Sentinel-2 SR Harmonized / Google Earth Engine,0,,2026-09-01T06:00:32.951219+00:00
PKGL-01632,2026-08-29T05:59:28.143000+00:00,,74.531,0.2547,REJECTED,20260829T055251_20260829T055252_T43SCV,MNDWI,Sentinel-2 SR Harmonized / Google Earth Engine,0,insufficient clear pixels; cloud percentage above configured limit; no reliable water pixels,2026-09-01T06:00:42.919367+00:00
PKGL-00131,2026-08-29T05:59:38.677000+00:00,,55.952,0.4405,REJECTED,20260829T055251_20260829T055252_T43SDU,MNDWI,Sentinel-2 SR Harmonized / Google Earth Engine,0,insufficient clear pixels; cloud percentage above configured limit; no reliable water pixels,2026-09-01T06:00:52.956982+00:00
PKGL-03428,2026-08-29T05:59:20.583000+00:00,,14.935,0.8506,REJECTED,20260829T055251_20260829T055252_T43SEV,MNDWI,Sentinel-2 SR Harmonized / Google Earth Engine,0,no reliable water pixels,2026-09-01T06:01:09.834060+00:00
PKGL-00979,2026-08-29T05:59:28.143000+00:00,,37.826,0.987,REJECTED,20260829T055251_20260829T055252_T43SCV,MNDWI,Sentinel-2 SR Harmonized / Google Earth Engine,0,cloud percentage above configured limit; no reliable water pixels,2026-09-01T06:01:20.020157+00:00
PKGL-04671,2026-08-29T05:59:24.419000+00:00,,9.098,1.0,REJECTED,20260829T055251_20260829T055252_T43SDV,MNDWI,Sentinel-2 SR Harmonized / Google Earth Engine,0,no reliable water pixels,2026-09-01T06:01:35.104770+00:00
PKGL-02296,2026-08-29T05:49:17.997000+00:00,0.002000931586838357,2.432,0.9757,RELIABLE,20260829T053639_20260829T054427_T43SFU,MNDWI,Sentinel-2 SR Harmonized / Google Earth Engine,0,,2026-09-01T06:01:38.605630+00:00
PKGL-06738,2026-08-29T05:59:09.961000+00:00,,5.671,1.0,REJECTED,20260829T055251_20260829T055252_T43SDA,MNDWI,Sentinel-2 SR Harmonized / Google Earth Engine,0,no reliable water pixels,2026-09-01T06:01:47.742220+00:00
PKGL-05727,2026-08-29T05:59:05.939000+00:00,0.2545283379676278,14.763,0.866,RELIABLE,20260829T055251_20260829T055252_T43SEA,MNDWI,Sentinel-2 SR Harmonized / Google Earth Engine,0,,2026-09-01T06:01:50.579113+00:00
PKGL-00015,2026-08-29T05:59:38.677000+00:00,,60.176,0.3982,REJECTED,20260829T055251_20260829T055252_T43SDU,MNDWI,Sentinel-2 SR Harmonized / Google Earth Engine,0,insufficient clear pixels; cloud percentage above configured limit; no reliable water pixels,2026-09-01T06:01:59.940167+00:00
PKGL-05335,2026-08-29T05:49:06.714000+00:00,,32.74,0.6726,REJECTED,20260829T053639_20260829T054427_T43SEV,MNDWI,Sentinel-2 SR Harmonized / Google Earth Engine,0,no reliable water pixels,2026-09-01T06:02:06.970298+00:00
PKGL-01026,2026-08-30T06:09:05.295000+00:00,,63.992,0.3601,REJECTED,20260830T055631_20260830T055743_T43SCV,MNDWI,Sentinel-2 SR Harmonized / Google Earth Engine,0,insufficient clear pixels; cloud percentage above configured limit; no reliable water pixels,2026-09-01T06:02:23.053680+00:00
PKGL-08230,2026-08-27T05:59:25.089000+00:00,,46.313,0.5369,REJECTED,20260827T054631_20260827T055705_T43SCU,MNDWI,Sentinel-2 SR Harmonized / Google Earth Engine,0,insufficient clear pixels; cloud percentage above configured limit; no reliable water pixels,2026-09-01T06:29:02.553759+00:00
PKGL-05516,2026-05-06T05:49:10.218000+00:00,0.0004001971763624867,29.836,0.7016,RELIABLE,20260506T053641_20260506T054228_T43SEV,MNDWI,Sentinel-2 SR Harmonized / Google Earth Engine,0,,2026-09-01T06:29:27.251635+00:00
PKGL-00443,2026-07-16T06:09:14.523000+00:00,0.0007996338263032623,19.772,0.8023,RELIABLE,20260716T055639_20260716T055749_T42SYE,MNDWI,Sentinel-2 SR Harmonized / Google Earth Engine,0,,2026-09-01T06:34:13.039586+00:00
PKGL-02404,2026-08-29T05:49:17.997000+00:00,,5.184,0.9482,REJECTED,20260829T053639_20260829T054427_T43SFU,MNDWI,Sentinel-2 SR Harmonized / Google Earth Engine,0,no reliable water pixels,2026-09-01T06:34:56.111996+00:00
PKGL-07877,2026-08-27T05:59:10.698000+00:00,,10.54,0.944,REJECTED,20260827T054631_20260827T055705_T43SCV,MNDWI,Sentinel-2 SR Harmonized / Google Earth Engine,0,no reliable water pixels,2026-09-01T06:35:59.920696+00:00
PKGL-08051,2026-07-18T05:59:24.961000+00:00,0.014810116989763939,17.402,0.9669,RELIABLE,20260718T054641_20260718T055712_T43SDU,MNDWI,Sentinel-2 SR Harmonized / Google Earth Engine,0,,2026-09-01T06:40:18.687378+00:00
PKGL-03152,2026-05-31T05:49:01.695000+00:00,0.0008003071929335089,23.88,0.8186,RELIABLE,20260531T053639_20260531T054219_T43SFV,MNDWI,Sentinel-2 SR Harmonized / Google Earth Engine,0,,2026-09-01T06:41:32.041095+00:00
PKGL-02102,2026-04-26T05:49:07.071000+00:00,0.0008001786181593665,24.414,0.7559,RELIABLE,20260426T053641_20260426T054232_T43SFV,MNDWI,Sentinel-2 SR Harmonized / Google Earth Engine,0,,2026-09-01T06:42:06.605112+00:00
PKGL-04917,2026-06-30T05:49:07.085000+00:00,0.0032020753489935276,8.452,0.9155,RELIABLE,20260630T053639_20260630T054811_T43SEV,MNDWI,Sentinel-2 SR Harmonized / Google Earth Engine,0,,2026-09-01T06:50:44.063984+00:00
PKGL-05131,2026-07-30T05:49:10.081000+00:00,0.01681017005526564,8.046,0.9952,RELIABLE,20260730T053639_20260730T054730_T43SEV,MNDWI,Sentinel-2 SR Harmonized / Google Earth Engine,0,,2026-09-01T06:51:32.351134+00:00
PKGL-02710,2026-04-26T05:49:07.071000+00:00,0.003999456840356786,25.479,0.7452,RELIABLE,20260426T053641_20260426T054232_T43SFV,MNDWI,Sentinel-2 SR Harmonized / Google Earth Engine,0,,2026-09-01T07:13:12.364293+00:00
PKGL-07272,2026-07-10T05:49:23.123000+00:00,0.0012009708031266374,29.825,0.8392,RELIABLE,20260710T053639_20260710T054813_T43SEU,MNDWI,Sentinel-2 SR Harmonized / Google Earth Engine,0,,2026-09-01T07:13:20.430153+00:00
PKGL-07782,2026-08-27T05:59:25.089000+00:00,,21.485,0.7985,REJECTED,20260827T054631_20260827T055705_T43SCU,MNDWI,Sentinel-2 SR Harmonized / Google Earth Engine,0,no reliable water pixels,2026-09-01T07:13:40.513171+00:00
PKGL-02203,2026-07-10T05:49:05.267000+00:00,0.007198680436127832,23.416,0.8279,RELIABLE,20260710T053639_20260710T054813_T43SFV,MNDWI,Sentinel-2 SR Harmonized / Google Earth Engine,0,,2026-09-01T07:15:42.301806+00:00
PKGL-06130,2026-06-15T05:48:54.946000+00:00,0.0004001815668177322,21.389,0.7861,RELIABLE,20260615T053641_20260615T054814_T43SEA,MNDWI,Sentinel-2 SR Harmonized / Google Earth Engine,0,,2026-09-01T07:16:59.006044+00:00
PKGL-01345,2026-08-27T05:59:10.698000+00:00,,10.54,1.0,REJECTED,20260827T054631_20260827T055705_T43SCV,MNDWI,Sentinel-2 SR Harmonized / Google Earth Engine,0,no reliable water pixels,2026-09-01T07:18:19.971289+00:00
PKGL-03396,2026-07-10T05:49:08.490000+00:00,0.00080048989707251,34.834,0.6517,RELIABLE,20260710T053639_20260710T054813_T43SEV,MNDWI,Sentinel-2 SR Harmonized / Google Earth Engine,0,,2026-09-01T07:19:38.114793+00:00
PKGL-01643,2026-08-27T05:59:10.698000+00:00,,90.107,0.0989,REJECTED,20260827T054631_20260827T055705_T43SCV,MNDWI,Sentinel-2 SR Harmonized / Google Earth Engine,0,insufficient clear pixels; cloud percentage above configured limit; no reliable water pixels,2026-09-01T07:22:03.203365+00:00
PKGL-04353,2026-06-25T05:49:09.027000+00:00,0.02201006830190327,25.438,0.7456,RELIABLE,20260625T053641_20260625T054856_T43SEV,MNDWI,Sentinel-2 SR Harmonized / Google Earth Engine,0,,2026-09-01T07:23:06.023635+00:00
PKGL-03854,2026-06-28T05:59:04.438000+00:00,0.0032019721963861244,14.979,1.0,RELIABLE,20260628T054641_20260628T055641_T43SEV,MNDWI,Sentinel-2 SR Harmonized / Google Earth Engine,0,,2026-09-01T07:23:51.635862+00:00
PKGL-06543,2026-05-29T05:59:06.192000+00:00,0.0004002229601399459,31.452,0.6855,RELIABLE,20260529T054631_20260529T055704_T43SDV,MNDWI,Sentinel-2 SR Harmonized / Google Earth Engine,0,,2026-09-01T07:24:14.695052+00:00
PKGL-03880,2026-05-09T05:59:05.894000+00:00,0.002801725628440116,29.351,0.7065,RELIABLE,20260509T054641_20260509T055711_T43SEV,MNDWI,Sentinel-2 SR Harmonized / Google Earth Engine,0,,2026-09-01T07:28:59.639307+00:00
PKGL-08006,2026-08-27T05:59:25.089000+00:00,,58.87,0.4113,REJECTED,20260827T054631_20260827T055705_T43SCU,MNDWI,Sentinel-2 SR Harmonized / Google Earth Engine,0,insufficient clear pixels; cloud percentage above configured limit; no reliable water pixels,2026-09-01T07:30:11.643208+00:00
PKGL-05213,2026-07-10T05:49:08.490000+00:00,0.001600935109428264,31.473,0.9915,RELIABLE,20260710T053639_20260710T054813_T43SEV,MNDWI,Sentinel-2 SR Harmonized / Google Earth Engine,0,,2026-09-01T07:31:35.014172+00:00
PKGL-07981,2026-08-27T05:59:25.089000+00:00,,63.057,0.3694,REJECTED,20260827T054631_20260827T055705_T43SCU,MNDWI,Sentinel-2 SR Harmonized / Google Earth Engine,0,insufficient clear pixels; cloud percentage above configured limit; no reliable water pixels,2026-09-01T07:33:02.641521+00:00
PKGL-01632,2026-08-27T05:59:10.698000+00:00,,71.387,0.2861,REJECTED,20260827T054631_20260827T055705_T43SCV,MNDWI,Sentinel-2 SR Harmonized / Google Earth Engine,0,insufficient clear pixels; cloud percentage above configured limit; no reliable water pixels,2026-09-01T07:33:44.325994+00:00
PKGL-03428,2026-06-15T05:49:09.374000+00:00,0.0012007354501576474,34.011,0.6599,RELIABLE,20260615T053641_20260615T054814_T43SEV,MNDWI,Sentinel-2 SR Harmonized / Google Earth Engine,0,,2026-09-01T07:35:06.820574+00:00
PKGL-00979,2026-08-27T05:59:10.698000+00:00,,28.193,0.7181,REJECTED,20260827T054631_20260827T055705_T43SCV,MNDWI,Sentinel-2 SR Harmonized / Google Earth Engine,0,no reliable water pixels,2026-09-01T07:35:35.096934+00:00
PKGL-00015,2026-07-18T05:59:24.961000+00:00,0.0004002816201783923,17.402,0.9255,RELIABLE,20260718T054641_20260718T055712_T43SDU,MNDWI,Sentinel-2 SR Harmonized / Google Earth Engine,0,,2026-09-01T07:37:50.713930+00:00
PKGL-00995,2026-09-06T05:59:10.859000+00:00,0.03640132836312387,23.926,0.8276,RELIABLE,20260906T054631_20260906T055705_T43SCV,MNDWI,Sentinel-2 SR Harmonized / Google Earth Engine,0,,2026-09-08T18:58:30.830764+00:00
PKGL-00995,2026-09-11T05:59:10.209000+00:00,0.028401033717051313,25.097,0.8343,RELIABLE,20260911T054639_20260911T055820_T43SCV,MNDWI,Sentinel-2 SR Harmonized / Google Earth Engine,0,,2026-09-19T06:28:47.146337+00:00
PKGL-00001,2026-09-11T05:59:20.759000+00:00,,51.518,0.4848,REJECTED,20260911T054639_20260911T055820_T43SDU,MNDWI,Sentinel-2 SR Harmonized / Google Earth Engine,0,insufficient clear pixels; cloud percentage above configured limit; no reliable water pixels,2026-09-19T07:02:33.891475+00:00
PKGL-00002,2026-09-06T05:59:21.375000+00:00,0.03522598184864468,20.883,0.9025,RELIABLE,20260906T054631_20260906T055705_T43SDU,MNDWI,Sentinel-2 SR Harmonized / Google Earth Engine,0,,2026-09-19T07:02:43.894432+00:00
PKGL-00003,2026-09-06T05:59:21.375000+00:00,0.2533858413015863,26.64,0.7336,RELIABLE,20260906T054631_20260906T055705_T43SDU,MNDWI,Sentinel-2 SR Harmonized / Google Earth Engine,0,,2026-09-19T07:02:56.359608+00:00
