source_row_number,source_polygon_id,lake_id,canonical_lake_id,processed_sample_id,latitude,longitude,reference_area_km2,elevation_m,distance_to_nearest_settlement_km,source_centroid_latitude,source_centroid_longitude,source_area_km2,geometry_sha256,source_geometry_valid,source_validation_warning,reconciliation_status,reconciliation_reason,eligible_for_processing
525,525,PKGL-00525,PKGL-00525,525,35.71399166,71.53233098,0.148855459,4484.0,13.094491971358837,35.71399166672821,71.53233095204938,0.148855459324,57ed248150d9aaeaeb85d148ca4617d9cf3562622eb1c75202acb2f898d4aadf,False,Self-intersection[186180.511276683 3957602.96438005],INCLUDED,Unique source geometry mapped in source order after exact de-duplication,True
628,628,PKGL-00628,PKGL-00628,628,36.1515547,71.27460793,0.000627139,4570.0,8.317889191786543,36.15155470333001,71.27460793399555,0.000627138785201,45975c1a5a88fe852eb771bfcf08aa07814d9d949335c9953c07bae465ae1f90,False,Ring Self-intersection[164814.5264 4007184.2602],INCLUDED,Unique source geometry mapped in source order after exact de-duplication,True
852,852,PKGL-00852,PKGL-00852,852,35.28757224,72.26306702,0.161762818,3837.0,10.049426260209016,35.2875722302468,72.26306701053144,0.161762818359,1c667b5efa1ae979913c5dca1d16eea4f4f683cc208351a2396861d63b1be27d,False,Self-intersection[251220.658436932 3908220.5643],INCLUDED,Unique source geometry mapped in source order after exact de-duplication,True
885,885,PKGL-00885,PKGL-00885,885,35.33762704,72.40639206,0.011903903,3967.0,10.625841084446918,35.33762704002689,72.40639205603138,0.0119039032977,84545bb4e9ff896c7275ae224a8a9fb39e4c81e9ec2c8a5b235d90a13026b091,False,Self-intersection[264275.608729723 3913643.5266],INCLUDED,Unique source geometry mapped in source order after exact de-duplication,True
891,891,PKGL-00891,PKGL-00891,891,35.34586543,72.53603362,0.176054767,3830.0,6.269331712381584,35.34586537569153,72.53603368481758,0.17605476731699998,d435158b3d3d7ec8c98745387be7ef6ff7ea4c7169447c6e201935bb651be3b3,False,Self-intersection[276003.643511469 3914590.27715932],INCLUDED,Unique source geometry mapped in source order after exact de-duplication,True
892,892,PKGL-00892,PKGL-00892,892,35.34178536,72.46142057,0.061350331,3718.0,11.06070028058098,35.34178536876639,72.46142057566337,0.0613503312329,0c23f7155fbe83770d0f5b3822304311e56761ae62363ca6607d666c45e5d885,False,Self-intersection[269029.166658948 3914026.80085982],INCLUDED,Unique source geometry mapped in source order after exact de-duplication,True
900,900,PKGL-00900,PKGL-00900,900,35.34997347,72.28887037,0.091273106,3497.0,12.324533584201886,35.349973470374316,72.28887037994748,0.09127310562230001,34b9b890aa79f78e7c60ad579b90d1910a08a41fb134cefb56dd280ae929964d,False,Self-intersection[253435.851117007 3915351.91449581],INCLUDED,Unique source geometry mapped in source order after exact de-duplication,True
910,910,PKGL-00910,PKGL-00910,910,35.41899998,72.4330335,0.44928143,3018.0,8.010349280160437,35.418999898751615,72.4330335339705,0.449281429836,cc3d9c6dd0b29d93acb89db4fbb44dd547ca2ed38d78c3d10355f805de454693,False,Self-intersection[266646.295610042 3923052.8082],INCLUDED,Unique source geometry mapped in source order after exact de-duplication,True
921,921,PKGL-00921,PKGL-00921,921,35.64580522,72.51210897,0.299158122,3349.0,10.113158215117275,35.64580518424708,72.51210903259118,0.299158122125,5dd3dd94e175a1f43e8c8c26a2c6bfa780de79c2cf652041c395f29cc7944157,False,Self-intersection[274603.80769287 3948007.50240173],INCLUDED,Unique source geometry mapped in source order after exact de-duplication,True
929,929,PKGL-00929,PKGL-00929,929,35.83354126,72.64258863,0.233739627,4515.0,25.493027912344488,35.83354126980644,72.64258859326998,0.233739626863,e00786727c51b82fbab6d927e9be4d6a497db1a1e263a567f606a8e573e6eeff,False,Self-intersection[287178.589732885 3968063.67866711],INCLUDED,Unique source geometry mapped in source order after exact de-duplication,True
930,930,PKGL-00930,PKGL-00930,930,35.8281132,72.63540474,0.020401378,4564.0,25.018411491438822,35.82811320152616,72.63540473942852,0.0204013782201,bc8be59880037621b241432a51e89c2dd0486854f226aba833439ae393d78108,False,Self-intersection[286422.753042965 3967559.58971355],INCLUDED,Unique source geometry mapped in source order after exact de-duplication,True
958,958,PKGL-00958,PKGL-00958,958,36.08226534,72.55363069,0.018601087,3689.0,7.963449957032903,36.08226534004849,72.55363069232774,0.0186010866132,6089f664c9d1f7f425ecf88b2b92715db1700ae989572e5b17b0b1c3d0370d37,False,Self-intersection[279614.467 3995905.9381],INCLUDED,Unique source geometry mapped in source order after exact de-duplication,True
962,962,PKGL-00962,PKGL-00962,962,35.64856404,73.06172219,0.030727851,4200.0,21.175444462857257,35.64856404172479,73.06172219880396,0.0307278509536,1690ba8eb17350047b4c1012bdc314ad02b1fcb3ca865f0dae0f8a9df02dca3a,False,Self-intersection[324369.558571394 3946793.89142645],INCLUDED,Unique source geometry mapped in source order after exact de-duplication,True
965,965,PKGL-00965,PKGL-00965,965,35.63152573,73.10306227,0.049078472,4001.0,18.53481256218924,35.631525727484,73.10306227250112,0.0490784723391,bd330cbbc3488d93d4482b2479537945d6a4db2436033ba6c1f110961e7a85e5,False,Self-intersection[328150.951809634 3944897.75331957],INCLUDED,Unique source geometry mapped in source order after exact de-duplication,True
982,982,PKGL-00982,PKGL-00982,982,35.70835185,73.06452895,0.037656457,4526.0,27.43579722674716,35.708351845994436,73.06452895057613,0.037656456976100004,a397e916b00b33a0bf889238b34e6391f74c0df9559c58a902bdf45e5dbb8853,False,Self-intersection[324889.252853105 3953242.378617],INCLUDED,Unique source geometry mapped in source order after exact de-duplication,True
1009,1009,PKGL-01009,PKGL-01009,1009,35.80938741,72.97981434,0.030187615,4254.0,34.460328963289264,35.809387407441356,72.97981433584283,0.030187615155300003,714dd81f4ebdc16022fa0a38ea240f8789f849a50195c77355b2431f1416b3dd,False,Self-intersection[317349.032394862 3964587.07919076],INCLUDED,Unique source geometry mapped in source order after exact de-duplication,True
1014,1014,PKGL-01014,PKGL-01014,1014,35.8126494,72.99556359,0.147941032,4499.0,35.78112707653044,35.812649370305486,72.99556355741451,0.14794103178300003,87fa87a95b807b92a9057e13e5e8a3833f30b793e60fdba2f11f50045ad7ee12,False,Self-intersection[318837.388383062 3964837.47232622],INCLUDED,Unique source geometry mapped in source order after exact de-duplication,True
1016,1016,PKGL-01016,PKGL-01016,1016,35.82323675,72.97020551,0.006009575,4533.0,34.84643186615595,35.823236753603034,72.97020551159957,0.00600957515317,fd08f5afe5c886f60d53554941ec74712067dc968aea806123cfc52e93c97666,False,Self-intersection[316638.626516667 3966294.99217],INCLUDED,Unique source geometry mapped in source order after exact de-duplication,True
1031,1031,PKGL-01031,PKGL-01031,1031,35.83293805,73.04305162,0.038578048,4416.0,37.13837765370676,35.832938043875686,73.0430516241338,0.0385780479593,2dcf58217ac1fbc205ff9686dc42628804fcf0cbdbfb9689940a90049108e2c7,False,Self-intersection[323134.386629649 3967311.03928315],INCLUDED,Unique source geometry mapped in source order after exact de-duplication,True
1037,1037,PKGL-01037,PKGL-01037,1037,35.79198902,73.11294798,0.014237551,4520.0,35.198128435507044,35.79198901546193,73.11294798270094,0.0142375513678,c32cd47b54fad0ce26f7a41a8ce28e747a01c18928e0d1bbfbb5fea39ddb5afc,False,Self-intersection[329392.281616448 3962558.65627418],INCLUDED,Unique source geometry mapped in source order after exact de-duplication,True
1039,1039,PKGL-01039,PKGL-01039,1039,35.79260997,73.12017152,0.083973084,4515.0,34.66374451748482,35.792609962439606,73.1201715410167,0.08397308369090001,03703e4b60bb743c0400c25359ce63c528e8c4bd544494189929424234d7e0ce,False,Self-intersection[329968.086492957 3962627.32421299],INCLUDED,Unique source geometry mapped in source order after exact de-duplication,True
1048,1048,PKGL-01048,PKGL-01048,1048,35.81007122,73.09292381,0.043507673,4395.0,37.76244558834313,35.81007122223163,73.09292381375712,0.0435076726518,cade16d4320b59ddf6df0d73b16cad205353d283d525ffe909f1e707a8d70137,False,Self-intersection[327468.360970072 3964619.26053642],INCLUDED,Unique source geometry mapped in source order after exact de-duplication,True
1060,1060,PKGL-01060,PKGL-01060,1060,35.77560786,73.20958869,0.004362471,4488.0,26.82119383568354,35.77560785712814,73.20958869046885,0.00436247075648,2af8c276df5e6e3b24fcef5ec5b8a7b6c9728b4676e14bbf67ea377bf95a5101,False,Self-intersection[338159.765187604 3960572.7893],INCLUDED,Unique source geometry mapped in source order after exact de-duplication,True
1061,1061,PKGL-01061,PKGL-01061,1061,35.78542032,73.20543916,0.015670948,4495.0,27.75831258775481,35.78542031528314,73.20543915977052,0.0156709479512,96c0e6428e23dfe3552fd9e4ca634a21f0013c9c54cc5d5489d5428b115058c4,False,Self-intersection[337756.964995337 3961660.76115711],INCLUDED,Unique source geometry mapped in source order after exact de-duplication,True
1062,1062,PKGL-01062,PKGL-01062,1062,35.78882987,73.20854584,0.01949147,4393.0,27.75923766467177,35.78882986764043,73.20854584509239,0.0194914697392,6a886033b84ad568329a9c4fb06c8c6b145cc754ba0adb0406a1896d74018634,False,Self-intersection[337964.958110945 3962013.35278982],INCLUDED,Unique source geometry mapped in source order after exact de-duplication,True
1070,1070,PKGL-01070,PKGL-01070,1070,35.8174685,73.13197759,0.00187185,4448.0,35.226252539912124,35.81746849710417,73.13197759105445,0.00187185024685,00be029737a5ad6c4d813e530e554169ab642d232e30cf7b3a3fe5e2a0bc6b82,False,Self-intersection[331241.182046236 3965344.7104938],INCLUDED,Unique source geometry mapped in source order after exact de-duplication,True
1072,1072,PKGL-01072,PKGL-01072,1072,35.81918489,73.13757259,0.011842574,4497.0,34.92057706926016,35.81918489184819,73.13757258611354,0.011842574498,171a458fbb59d60c491c2b7f7bc091841e4bfec53d379627dc55defdc842c1e4,False,Self-intersection[331684.482853048 3965444.84388268],INCLUDED,Unique source geometry mapped in source order after exact de-duplication,True
1074,1074,PKGL-01074,PKGL-01074,1074,35.83052207,73.13150851,0.037868027,4487.0,34.346941258449284,35.83052207144876,73.13150850610519,0.0378680268883,d4f35b0a044ad24f17a92942a90e954f4837498ebce160bc7a91e9b7891b656e,False,Self-intersection[331183.739291444 3966860.90938156],INCLUDED,Unique source geometry mapped in source order after exact de-duplication,True
1089,1089,PKGL-01089,PKGL-01089,1089,35.83155662,73.22050931,0.033613265,4109.0,30.092044995573577,35.831556615561205,73.22050930995312,0.0336132649964,7cf646ee1bfbb8d150ef4f63e37ad7ed1d4b84c481efa5b21a71b20ae6e3895d,False,Self-intersection[339195.74220527 3966826.52895681],INCLUDED,Unique source geometry mapped in source order after exact de-duplication,True
1093,1093,PKGL-01093,PKGL-01093,1093,35.80055169,73.08423743,0.163425747,4218.0,37.26980850637405,35.800551700040664,73.08423739206607,0.16342574665399998,f6112e778930b5cdc2f4be000ec90a93823ee5ec43975887fded3c11014b5506,False,Self-intersection[326422.197836704 3963371.21713914],INCLUDED,Unique source geometry mapped in source order after exact de-duplication,True
1105,1105,PKGL-01105,PKGL-01105,1105,35.87785971,73.05110743,0.0254276,4701.0,32.09199000516422,35.877859705797455,73.0511074318892,0.025427600482,0ecfeeb3a486116fe7c112b1f59811b8137313753c74df40fdceb829162c74cf,False,Self-intersection[324015.870799996 3972226.0308],INCLUDED,Unique source geometry mapped in source order after exact de-duplication,True
1113,1113,PKGL-01113,PKGL-01113,1113,35.85339945,73.14866077,0.022668687,4705.0,31.37666461305345,35.853399445957244,73.14866076706042,0.0226686873501,a7f1a4eb0f738ad0815417b1c9b387e597df0ad565f9aa710006fd06a100c10f,False,Self-intersection[332816.286810668 3969385.57023223],INCLUDED,Unique source geometry mapped in source order after exact de-duplication,True
1134,1134,PKGL-01134,PKGL-01134,1134,35.93910053,73.24377011,0.017324543,4374.0,18.70763120617435,35.939100529032125,73.24377011637111,0.0173245432479,1962e59367917d70c9b263e6c132b802476775c74fc653ddd730e4483584d59c,False,Self-intersection[341479.66041486 3978693.64067811],INCLUDED,Unique source geometry mapped in source order after exact de-duplication,True
1144,1144,PKGL-01144,PKGL-01144,1144,35.86949586,73.23423194,0.009469088,4275.0,25.99743795654204,35.86949585785301,73.2342319434838,0.00946908836097,9ea1c87c5ade4ceff2a6e819dd4663e35ba35e17723eef0c49c6221048d837de,False,Self-intersection[340533.400415876 3971001.48374259],INCLUDED,Unique source geometry mapped in source order after exact de-duplication,True
1161,1161,PKGL-01161,PKGL-01161,1161,36.00864591,73.27032976,0.006248241,4550.0,11.006982933991823,36.00864591132157,73.27032976182599,0.0062482408643700004,57a8130efc66431249f20e601838f08242a15bf24249ee79c5db54b309638cef,False,Self-intersection[344083.6228 3986321.962361],INCLUDED,Unique source geometry mapped in source order after exact de-duplication,True
1178,1178,PKGL-01178,PKGL-01178,1178,36.12558949,73.23902778,0.004659941,4334.0,4.672773584530328,36.12558949509588,73.23902777943258,0.00465994126395,2630df443ec62da8bdd71c6e1329c8c67332c6ccabae69534d845b9f864b8d4b,False,Self-intersection[341426.717879364 3999325.77700695],INCLUDED,Unique source geometry mapped in source order after exact de-duplication,True
1179,1179,PKGL-01179,PKGL-01179,1179,36.13182568,73.24252231,0.005346479,4240.0,4.094471320992062,36.13182567710728,73.24252231489334,0.00534647921979,cc3c12862566c0218ce7e26d7fde1de3a48c644651679470361a9e70dd7beff7,False,Self-intersection[341846.38286369 4000041.96156403],INCLUDED,Unique source geometry mapped in source order after exact de-duplication,True
1180,1180,PKGL-01180,PKGL-01180,1180,36.13224222,73.21930476,0.019378949,4168.0,5.897216919191921,36.1322422227466,73.21930476576584,0.0193789489273,ca873374b1f66f811da7d125e852424ffd10ccd3f55ce38194133ecd304efd83,False,Self-intersection[339781.730746563 4000194.30778926],INCLUDED,Unique source geometry mapped in source order after exact de-duplication,True
1233,1233,PKGL-01233,PKGL-01233,1233,36.00757962,72.87999383,0.004398247,4885.0,16.377908444112933,36.00757961519422,72.87999382468323,0.0043982470902400005,fdb712b9a4f33bd98e77db4313f20d3d8cdc592bc10c5d584a22c314be488283,False,Self-intersection[308933.200785905 3986902.48674471],INCLUDED,Unique source geometry mapped in source order after exact de-duplication,True
1239,1239,PKGL-01239,PKGL-01239,1239,35.9232146,72.95068944,0.036779948,4651.0,26.101472930587445,35.923214602998165,72.95068944970043,0.0367799481738,50278745fb1bd0439f1088f416ce057779501f21b3213a1a52242c8e42b01ade,False,Self-intersection[314964.87867204 3977454.80051984],INCLUDED,Unique source geometry mapped in source order after exact de-duplication,True
1259,1259,PKGL-01259,PKGL-01259,1259,36.26237001,73.02976203,0.020690558,4826.0,8.251511962594966,36.262370006173796,73.02976202976829,0.0206905577867,1e5127e1cce8dcc8a100c48341cc672e79a1af4492772f2039e472e03b99d831,False,Self-intersection[322888.376472847 4014897.84877725],INCLUDED,Unique source geometry mapped in source order after exact de-duplication,True
1268,1268,PKGL-01268,PKGL-01268,1268,35.89383862,73.15817642,0.013317346,4470.0,27.276634737403946,35.89383861679214,73.15817642282076,0.0133173461271,525315436ea4efd8daee43f2623e8d1a87cc1d02908df191fe1025ec0dafd704,False,Self-intersection[333740.635203126 3973889.03798437],INCLUDED,Unique source geometry mapped in source order after exact de-duplication,True
1271,1271,PKGL-01271,PKGL-01271,1271,36.09651163,73.66769837,0.105680048,4426.0,12.910983836570509,36.09651162566687,73.66769836961953,0.105680047603,002b85907be96e4141cc3fdd7e64258d83ccacd359d485c8e6d25b547f30ee6d,False,Self-intersection[379886.399103695 3995511.15944832],INCLUDED,Unique source geometry mapped in source order after exact de-duplication,True
1294,1294,PKGL-01294,PKGL-01294,1294,36.05042096,73.74564271,0.00733481,4351.0,14.247137646422344,36.050420964664056,73.74564271390297,0.007334809958470001,b1cb1c87853a5643bd675db157ebfa3beaabeb707404b4f89302381b5138f738,False,Self-intersection[387010.338414863 3990317.961215],INCLUDED,Unique source geometry mapped in source order after exact de-duplication,True
1307,1307,PKGL-01307,PKGL-01307,1307,35.88713974,73.86757814,0.01756394,4196.0,19.92906363825598,35.887139740587045,73.867578139829,0.0175639398876,9237f3f5471024bf11315d20cc4e1edcec61e84cfc89f40a04b715ae61f55b8d,False,Self-intersection[397753.452692888 3972044.80439972],INCLUDED,Unique source geometry mapped in source order after exact de-duplication,True
1354,1354,PKGL-01354,PKGL-01354,1354,35.98819245,73.7131378,0.00919076,4554.0,21.10896222954521,35.98819245181915,73.71313780472184,0.00919075999228,9f302679c2503166a62aaac630e0c9b1c73e0700b1ac063b4934c0a47aba4895,False,Self-intersection[383931.9275 3983386.7777],INCLUDED,Unique source geometry mapped in source order after exact de-duplication,True
1370,1370,PKGL-01370,PKGL-01370,1370,36.02668004,73.71578242,0.022907633,4350.0,17.65907612264004,36.02668003967062,73.71578241312977,0.0229076334734,4859bdbf9e4762f9def2a99bcec135b6082c1bdde995b9c7d798ca3417c26b58,False,Self-intersection[384220.94222645 3987675.9958538],INCLUDED,Unique source geometry mapped in source order after exact de-duplication,True
1375,1375,PKGL-01375,PKGL-01375,1375,35.88243804,73.76280494,0.426740085,4102.0,27.783552742648887,35.88243793427167,73.76280492829477,0.426740085309,88cb9978c1de734fbc7e82174710b9dcfb9c0e36740188f362fd74e00f1b00b2,False,Self-intersection[388200.347845354 3972103.38720555],INCLUDED,Unique source geometry mapped in source order after exact de-duplication,True
1385,1385,PKGL-01385,PKGL-01385,1385,35.87630177,73.65800219,0.036528095,4101.0,24.09778966172916,35.87630177244425,73.6580021938655,0.036528094526799997,4045ad2cb71ee8c1eb52fd5d2d7eeeaf7449515ce5008e156d65464f2aad3851,False,Self-intersection[378845.717664691 3971229.64552477],INCLUDED,Unique source geometry mapped in source order after exact de-duplication,True
1386,1386,PKGL-01386,PKGL-01386,1386,36.07716327,73.75068972,0.011436482,4289.0,11.518369652099082,36.077163266040046,73.75068972368662,0.0114364824797,7f55a3b2decfa09e5b9713460d456bc173ba8eff0caa225278892f5838ab4e1d,False,Self-intersection[387445.456629527 3993216.16701401],INCLUDED,Unique source geometry mapped in source order after exact de-duplication,True
1387,1387,PKGL-01387,PKGL-01387,1387,36.09758999,73.67719644,0.01286778,4333.0,12.242190266286244,36.09758999197243,73.67719644007343,0.0128677798054,7c8e1fc0311525749efb2de175ecab63f1bd509bec3880314d58cc6b5ecdf355,False,Self-intersection[380839.759605602 3995573.72783483],INCLUDED,Unique source geometry mapped in source order after exact de-duplication,True
1401,1401,PKGL-01401,PKGL-01401,1401,35.76048958,74.17975857,0.095837077,4267.0,17.382989592250897,35.760489569100926,74.17975857558982,0.09583707691610001,9786656778281717f51b1b0eea3afb07a0af32c2b9661e480ad962619db35954,False,Self-intersection[425723.658002388 3957679.58735823],INCLUDED,Unique source geometry mapped in source order after exact de-duplication,True
1466,1466,PKGL-01466,PKGL-01466,1466,35.86536845,74.01339896,0.023688218,4195.0,9.822064717618955,35.86536844744145,74.01339896384752,0.0236882176096,586d5786955d0f06fed8eed7f0c8fa797fc8edfcf7dd2c25e2b823a26d4619a0,False,Self-intersection[410856.625616413 3969558.31720271],INCLUDED,Unique source geometry mapped in source order after exact de-duplication,True
1480,1480,PKGL-01480,PKGL-01480,1480,36.34344504,73.59749095,0.028191568,4152.0,4.628929035911338,36.343445038318166,73.59749095691463,0.0281915680916,e061069fe88796ec595da12d886b23c600dece6ca2bd502c3f187bf344359d25,False,Self-intersection[374051.077671899 4022969.02007506],INCLUDED,Unique source geometry mapped in source order after exact de-duplication,True
1486,1486,PKGL-01486,PKGL-01486,1486,36.34346489,73.555567,0.07003245,4467.0,8.188540971501348,36.343464888362746,73.55556699844357,0.0700324498002,d4129e5bfec2399109838aa5c1222f33d02f0e6a78b0ccf2af7a0368b466d07a,False,Self-intersection[370291.44548301 4023118.21704046],INCLUDED,Unique source geometry mapped in source order after exact de-duplication,True
1509,1509,PKGL-01509,PKGL-01509,1509,36.11643894,73.42283662,0.198116068,4452.0,7.470477704934981,36.116438907778004,73.42283661527271,0.198116068483,32bda5a8d23e3a04e85669b405ad96c015f26ce6968a23da41561d520c469266,False,Self-intersection[357966.662967635 3998165.49170749],INCLUDED,Unique source geometry mapped in source order after exact de-duplication,True
1537,1537,PKGL-01537,PKGL-01537,1537,36.02660076,73.57068754,0.032662379,4465.0,20.80118824458051,36.02660076317003,73.57068753978271,0.0326623790599,4c65064982fe3df34d108a6676eb5a90d35e070a0e89c00eeb480170b4abdebb,False,Self-intersection[371257.925844227 3987915.88736934],INCLUDED,Unique source geometry mapped in source order after exact de-duplication,True
1622,1622,PKGL-01622,PKGL-01622,1622,35.93396101,73.38432103,0.011674487,4291.0,16.918161986621115,35.93396100762743,73.38432102805442,0.0116744865459,4ebe92115dc23a3b7259787ecee645c62d6ce4c51bd3495f0f5de52b4411694a,False,Self-intersection[354316.962597817 3977807.57137319],INCLUDED,Unique source geometry mapped in source order after exact de-duplication,True
1656,1656,PKGL-01656,PKGL-01656,1656,36.06878656,73.54862716,0.047687063,4365.0,17.07298777916377,36.06878655267915,73.54862718197562,0.0476870626189,32c60221325de583ab68e4e24ba2a5fc6e2cbd714ee9bbf9699e06266668adcb,False,Self-intersection[369116.472244359 3992671.60053689],INCLUDED,Unique source geometry mapped in source order after exact de-duplication,True
1673,1673,PKGL-01673,PKGL-01673,1673,35.96226173,73.39702235,0.204127198,4342.0,14.13138122344791,35.96226170041457,73.39702232595958,0.204127198158,a725c08d847bc00502d4256d842fa6f4f2f428787c3ce3fb294009e8858f9bbe,False,Self-intersection[355479.527838832 3981191.0753209],INCLUDED,Unique source geometry mapped in source order after exact de-duplication,True
1784,1784,PKGL-01784,PKGL-01784,1784,35.94507597,73.36477585,0.671743611,4162.0,15.45808322401549,35.94507585255658,73.36477590891728,0.671743611246,fb2cb13e7823dade55632bf91f1b48ff6f32df11534c940d55042c4a94d3bd29,False,Self-intersection[352223.302964343 3979573.68700488],INCLUDED,Unique source geometry mapped in source order after exact de-duplication,True
2099,2099,PKGL-02099,PKGL-02099,2099,35.41370069,76.64736,0.007437046,3667.0,14.676249980144153,35.41370068839534,76.6473600005144,0.00743704600404,fbab7a4a9feae2a45bd05b2f42650c68e1330f1cc5fffdcef2695bad63d3582d,False,Self-intersection[649550.205275197 3920127.48118649],INCLUDED,Unique source geometry mapped in source order after exact de-duplication,True
2357,2357,PKGL-02357,PKGL-02357,2357,34.74828368,76.45193735,0.040913425,4831.0,7.747394351890378,34.74828368078269,76.45193735612517,0.040913425094699994,5c3e958b2a51c9dfc6d5f57ae7c22e32839040d6a01a50cbc22d9c018d837c47,False,Self-intersection[632795.766861176 3846123.51226235],INCLUDED,Unique source geometry mapped in source order after exact de-duplication,True
4597,4597,PKGL-04597,PKGL-04597,4597,35.84487612,75.78184332,0.035338029,3972.0,17.326961865227734,35.84487611701002,75.78184333483712,0.0353380286226,255724a45666478f09acb1c60d830b5117bbcb93cd57762f136767377810f776,False,Self-intersection[570808.617466391 3966932.29830484],INCLUDED,Unique source geometry mapped in source order after exact de-duplication,True
5929,5929,PKGL-05929,PKGL-05929,5929,36.50594798,74.77704888,0.027819266,3047.0,5.354699905206818,36.50594797689789,74.77704887916252,0.0278192663158,2c68a0d35cf717fe0f99bf71d56aa9324a6ba1c0c55ca4f0267c9f7a71174afd,False,Self-intersection[480092.948104976 4040119.36846231],INCLUDED,Unique source geometry mapped in source order after exact de-duplication,True
6300,6300,PKGL-06300,PKGL-06300,6300,36.27289823,75.81161804,0.061531577,4010.0,47.95288585786,36.272898231284685,75.81161804664792,0.061531576686,d448b236177c15c3543961e94e645dc7e247183be05e01184e61a81c7718f372,False,Ring Self-intersection[572861.5127 4014620.1699],INCLUDED,Unique source geometry mapped in source order after exact de-duplication,True
7182,7182,PKGL-07180,PKGL-07180,7180,34.60678455,75.42336741,0.085381003,4618.0,12.190743406929952,34.60678455148634,75.4233674342377,0.08538100299569999,4e30e50e14750c9ee6f92c63eef8d674acddf65656e1b4bcaf87474fb2bbeafa,False,Ring Self-intersection[538661.3967 3829498.6248],INCLUDED,Unique source geometry mapped in source order after exact de-duplication,True
7226,7226,PKGL-07224,PKGL-07224,7224,34.82427152,75.38244552,0.235989965,4315.0,23.2028014096904,34.824271466336256,75.38244550463912,0.235989964754,d49868f3fbf2f8e8e10a016d08e1505156fc69478e6df4dd8d0a5b9c2d7f87c7,False,Ring Self-intersection[535161.3668 3853875.2415],INCLUDED,Unique source geometry mapped in source order after exact de-duplication,True
7258,7258,PKGL-07256,PKGL-07256,7256,34.90892976,75.52572908,0.002472795,4449.0,19.754044440717028,34.908929762266546,75.52572907906887,0.00247279497375,19ba5796060153fb3ab8db993cc245e2289fee81c9da64bf8e09b4f366245909,False,Ring Self-intersection[548039.1526 3863048.1616],INCLUDED,Unique source geometry mapped in source order after exact de-duplication,True
7303,7303,PKGL-07301,PKGL-07301,7301,34.93347281,75.63201868,0.000943451,4845.0,16.300433388301116,34.933472806413995,75.63201867827402,0.00094345143004,73d4ac77ac1caf743349043bc6ea1c5d48e4cc63a487e2814d8ea643936f727b,False,Ring Self-intersection[557737.147 3865848.154],INCLUDED,Unique source geometry mapped in source order after exact de-duplication,True
7349,7349,PKGL-07347,PKGL-07347,7347,34.94925774,75.60091843,0.011322743,4593.0,19.023902513332764,34.94925774270106,75.60091843403494,0.011322742944400001,c6eef44c37c7a8500e8677a838a966badbcfe203510e3f16a373356b328f80a3,False,Ring Self-intersection[554854.6581 3867631.7294],INCLUDED,Unique source geometry mapped in source order after exact de-duplication,True
7355,7355,PKGL-07353,PKGL-07353,7353,34.89299373,75.71242251,0.185004181,4589.0,10.996808556024524,34.89299371969007,75.71242251834349,0.185004180526,80919e96e8cabbc06c0c43b3cd4cc8b7f5cb0afb327fae04b53931a16146a093,False,Ring Self-intersection[565322.5202 3861318.9931],INCLUDED,Unique source geometry mapped in source order after exact de-duplication,True
7377,7377,PKGL-07375,PKGL-07375,7375,34.86879986,75.708685,0.046860321,4757.0,8.288170983840823,34.868799856997676,75.70868500204016,0.0468603210092,3c4f6019227deddc332ea410cce4232a1ec737c9e0265a0c9f8ed552e23e58ea,False,Ring Self-intersection[564880.3849 3858644.6486],INCLUDED,Unique source geometry mapped in source order after exact de-duplication,True
7397,7397,PKGL-07395,PKGL-07395,7395,34.7321308,75.53633568,0.001259759,4679.0,7.984953964529664,34.73213079733181,75.5363356786638,0.00125975907646,4a1d95385ed380ec9764b1736377773675780cd8fdcc1c772a4267687b08ad96,False,Ring Self-intersection[549079.7767 3843451.7434],INCLUDED,Unique source geometry mapped in source order after exact de-duplication,True
7416,7416,PKGL-07414,PKGL-07414,7414,34.53991695,75.67989509,0.000192238,4708.0,11.520419288513716,34.53991694847342,75.67989508929875,0.000192237818629,4ecac4506f6f323d57b7150c77d0fbfd8b8a29ca51dbb740b7dd6dfe7723b4ee,False,Ring Self-intersection[562383.92 3822223.6839],INCLUDED,Unique source geometry mapped in source order after exact de-duplication,True
7449,7449,PKGL-07447,PKGL-07447,7447,34.79270772,75.98961694,0.040610589,4825.0,11.307726243926194,34.792707723734395,75.989616939242,0.0406105890627,964c18474b9faa46372d72d1ca549d78c5554f78a6d291c23932f0220cf89850,False,Ring Self-intersection[590625.9718 3850545.1497],INCLUDED,Unique source geometry mapped in source order after exact de-duplication,True
7494,7494,PKGL-07492,PKGL-07492,7492,34.85274344,75.78478524,0.036339323,4743.0,10.572346315432275,34.85274344141133,75.78478524195532,0.0363393225495,4200d276e25aafaa36b169f26ec882fa3b5b04f49b72fafe976d3921d99c7eee,False,Ring Self-intersection[571763.3779 3856896.1689],INCLUDED,Unique source geometry mapped in source order after exact de-duplication,True
7498,7498,PKGL-07496,PKGL-07496,7496,34.80136302,75.83664898,0.006414047,4747.0,11.171236877029171,34.801363022907516,75.83664897846414,0.00641404680052,9f8dc9091a92a79a00911657337077447520ebd88c11d661bf3ec9fb301e2de3,False,Ring Self-intersection[576603.4363 3851413.9524],INCLUDED,Unique source geometry mapped in source order after exact de-duplication,True
7508,7508,PKGL-07506,PKGL-07506,7506,34.78301953,75.82481593,0.085796984,4606.0,9.25857459866615,34.78301954903368,75.82481594724443,0.08579698364029999,e86c534b0c6a51c90f209b20375fac6dda397723532a035ec1d2fa0b393f6172,False,Ring Self-intersection[575685.9771 3849162.004],INCLUDED,Unique source geometry mapped in source order after exact de-duplication,True
7525,7525,PKGL-07523,PKGL-07523,7523,34.94449654,75.82287177,0.025849869,4557.0,18.332339024483467,34.944496537081704,75.82287177386715,0.0258498687718,61b551278d6f561e4aa3e6637604ac93a21d151b6770f080202637595d5d7d7d,False,Ring Self-intersection[575227.4361 3867197.4175],INCLUDED,Unique source geometry mapped in source order after exact de-duplication,True
7565,7565,PKGL-07563,PKGL-07563,7563,34.8560706,76.05245139,0.02128409,4627.0,6.209249446498732,34.85607059787843,76.05245138743346,0.021284090371,a6b79bc69f8f1fbbe061995c570f2204be59af48cb6d908b5a35df1ca9fba949,False,Ring Self-intersection[596204.6569 3857488.7866],INCLUDED,Unique source geometry mapped in source order after exact de-duplication,True
7581,7581,PKGL-07579,PKGL-07579,7579,34.84347575,75.94069492,0.052353337,4725.0,15.402115438086026,34.84347574887743,75.94069492763789,0.0523533368223,7d673eefcf799afb8476a9a79c6a15bd8f753e5580e883d37222f6db0bc8f599,False,Ring Self-intersection[586010.5192 3856170.7978],INCLUDED,Unique source geometry mapped in source order after exact de-duplication,True
7596,7596,PKGL-07594,PKGL-07594,7594,34.94347168,75.87465098,0.046401598,4715.0,15.198516225877029,34.94347167691563,75.87465098190953,0.0464015975731,7fafd7d6a45de21fbbbcd58ff8347424cd5c1f321c69b778888aee520a908dc0,False,Ring Self-intersection[579728.6659 3867056.5521],INCLUDED,Unique source geometry mapped in source order after exact de-duplication,True
7687,7687,PKGL-07685,PKGL-07685,7685,34.51155144,75.74944935,0.091600505,4692.0,7.462887167449763,34.51155144232227,75.74944932571083,0.0916005053957,427e7c70d3a32c0c4fb74a3f0b4d461b3c033bbf32cfe54f12f1601d0f4425ae,False,Ring Self-intersection[568746.036 3819229.634],INCLUDED,Unique source geometry mapped in source order after exact de-duplication,True
7717,7717,PKGL-07715,PKGL-07715,7715,34.72698167,75.56428879,0.038111471,4603.0,7.742778346959448,34.72698167023592,75.56428878879504,0.038111470522299996,c45b4f1c4b0efbb568a85765feea7303f961d55f2a5103323abf991227de2957,False,Too few points in geometry component[551606.7545 3842810.2635],INCLUDED,Unique source geometry mapped in source order after exact de-duplication,True
7816,7816,PKGL-07814,PKGL-07814,7814,35.3717405,73.49566766,0.074350475,4093.0,15.716129290655694,35.3717404888583,73.49566765954472,0.07435047482269999,0676868a1e61f468e4b53dd813b0ed4788129c9c05bca49ce30e68ccae93c645,False,Ring Self-intersection[363461.7642 3915206.9165],INCLUDED,Unique source geometry mapped in source order after exact de-duplication,True
7817,7817,PKGL-07815,PKGL-07815,7815,35.36141054,73.50910124,0.056830558,4445.0,16.553385384337826,35.361410537922616,73.50910123677842,0.0568305584943,8a930d7513dd37747d871b7d95f0dceffee74327be278ec4ec25f1ebf0436d4c,False,Ring Self-intersection[364599.2572 3914057.4199],INCLUDED,Unique source geometry mapped in source order after exact de-duplication,True
7820,7820,PKGL-07818,PKGL-07818,7818,35.35774131,73.47322461,0.09763199,4311.0,17.717523914355876,35.35774128777587,73.47322460475375,0.0976319904716,cfe1a67963a2926ef6aae40d03f5972ac4a28ed0330f2f5bd4b12d607c8350f6,False,Ring Self-intersection[361194.8154 3913722.9564],INCLUDED,Unique source geometry mapped in source order after exact de-duplication,True
7843,7843,PKGL-07841,PKGL-07841,7841,35.3316059,73.54042731,0.13909996,4261.0,19.006221960749464,35.3316058526674,73.54042730832161,0.139099959756,f91ee36fbabc91ea0fcb9762bdbe478a82eea98677f5ec45bbea46f4e670cf1e,False,Ring Self-intersection[367223.0713 3910822.4969],INCLUDED,Unique source geometry mapped in source order after exact de-duplication,True
7885,7885,PKGL-07883,PKGL-07883,7883,35.24347694,73.69256276,0.095531784,4017.0,22.363508323817,35.24347692772593,73.69256276905703,0.0955317837545,36086381423e19689d37287ee1822e066c8afa10718fe2c25662180b3fa46f89,False,Ring Self-intersection[381144.3956 3900711.0921],INCLUDED,Unique source geometry mapped in source order after exact de-duplication,True
7908,7908,PKGL-07906,PKGL-07906,7906,35.22030266,73.61973361,0.130327563,4068.0,15.26565438265138,35.220302658383936,73.61973362905907,0.13032756279399998,2ee161502e92cdcb79c0b2db49406fb6259ce7868a4f0381d6d5cf68b4218b8d,False,Ring Self-intersection[374247.2395 3898277.8133],INCLUDED,Unique source geometry mapped in source order after exact de-duplication,True
7921,7921,PKGL-07919,PKGL-07919,7919,35.08799865,73.29164086,0.363757526,4061.0,9.63363317705478,35.08799856107772,73.29164083704671,0.36375752632,a7b857c55d627f28157a4d54682fb81f9366df04f79df7eb499037d1c21d9b15,False,Ring Self-intersection[344177.6548 3883633.7246],INCLUDED,Unique source geometry mapped in source order after exact de-duplication,True
7925,7925,PKGL-07923,PKGL-07923,7923,34.94899277,73.21055878,0.009585206,3811.0,7.009973568241295,34.9489927635299,73.21055878059522,0.00958520581847,08eeff576198adbf9de7cefd12d16542a83ecd18513d1b57e195ffc89af5dea8,False,Ring Self-intersection[336591.3568 3868804.444],INCLUDED,Unique source geometry mapped in source order after exact de-duplication,True
7933,7933,PKGL-07931,PKGL-07931,7931,35.38509461,73.38705873,0.038575474,4139.0,14.980740099139638,35.38509460938065,73.38705872950587,0.038575473589,725c0cac15cc069cd65d3e51366d6a7ab860cd816d40c291bee6eff674588587,False,Ring Self-intersection[353595.8954 3916981.3792],INCLUDED,Unique source geometry mapped in source order after exact de-duplication,True
7966,7966,PKGL-07964,PKGL-07964,7964,35.1409723,73.65513107,0.027930195,4153.0,17.922551104339938,35.14097229452823,73.6551310653114,0.0279301953086,8b4873caadf1435f13c65a2f9c4b8e74a2143df1a5f43f7976bea0a0ba0edacf,False,Ring Self-intersection[377398.1411 3889496.0986],INCLUDED,Unique source geometry mapped in source order after exact de-duplication,True
7970,7970,PKGL-07968,PKGL-07968,7968,35.10540031,73.57030293,0.037207085,3292.0,12.402145110250892,35.10540030631868,73.57030293019858,0.0372070845394,86d0b99ebfb3cb6abfc488b7afd6c846046c810e53f9c93778d7ce48a50998f2,False,Ring Self-intersection[369741.8261 3885607.8751],INCLUDED,Unique source geometry mapped in source order after exact de-duplication,True
8069,8069,PKGL-08067,PKGL-08067,8067,35.08230224,73.99146187,0.097576741,4064.0,10.42126762240084,35.08230223368756,73.99146189616022,0.0975767414835,4a2c4e6b462e6d8ed6c43fed4593abca2611a38babee2e2087c6fdb1be391bc0,False,Self-intersection[407877.210177386 3882831.08438942],INCLUDED,Unique source geometry mapped in source order after exact de-duplication,True
8112,8112,PKGL-08110,PKGL-08110,8110,34.90873111,74.02562906,0.144770352,4142.0,12.939205032725283,34.9087311093214,74.02562905188475,0.144770351886,3ac01fb9e77dbce6ff734884498c049fcb3452af9afc95cc4d8a6bb5ef8f6c53,False,Self-intersection[411120.48689167 3863414.35775614],INCLUDED,Unique source geometry mapped in source order after exact de-duplication,True
8146,8146,PKGL-08144,PKGL-08144,8144,34.8378696,73.94803936,0.011325663,4025.0,13.363049023592534,34.83786959866181,73.94803935491356,0.011325663246300001,f31253c912913b1394b86d8ab6dbc91df0a941afc69a4347c56eec77860c4b8f,False,Self-intersection[403780.419989762 3855488.70431292],INCLUDED,Unique source geometry mapped in source order after exact de-duplication,True
8157,8157,PKGL-08155,PKGL-08155,8155,35.00970974,73.81542847,0.044016699,4104.0,9.454184085251734,35.00970974013017,73.81542846291548,0.044016699127699996,df2a5bc7ba3da06d4ccd06f2fc1ef751376fef64e9202828d01044a8b38f5359,False,Self-intersection[391897.705908984 3874875.92867863],INCLUDED,Unique source geometry mapped in source order after exact de-duplication,True
8375,8375,PKGL-08373,PKGL-08373,8373,35.37357096,75.14001807,0.009229072,4324.0,12.567946512353744,35.3735709595428,75.14001806978993,0.00922907158999,8371de177b9190e816cd0d41beaf58df7ddd290f15a2039f512a802804b3cf57,False,Self-intersection[512688.401992092 3914493.04843085],INCLUDED,Unique source geometry mapped in source order after exact de-duplication,True
8445,8445,PKGL-08443,PKGL-08443,8443,35.04873112,75.198198,0.119556853,4397.0,8.83818805172746,35.04873109895685,75.19819800469821,0.119556853339,077af96f26b53ef3f370535909a00cc42f99e28397db0f85b0862dc5a46ae8e9,False,Self-intersection[517938.972659696 3878642.96005758],INCLUDED,Unique source geometry mapped in source order after exact de-duplication,True
8467,8467,PKGL-08465,PKGL-08465,8465,34.67795783,75.15732648,0.058397987,4238.0,14.386492328186712,34.677957816805666,75.15732647847095,0.0583979871983,071caade109b85befdb9da37784c3b94293741c4e63cc0bc122febc76ef79af4,False,Self-intersection[514352.988342215 3837487.67202374],INCLUDED,Unique source geometry mapped in source order after exact de-duplication,True
